;"LLUVIA POBL.
(mm)";"TEMPERATURA
  MEDIA (ºc)";"APORTACIONES A LA PRESA
(hm³)";"VOLUMEN EMBALSADO
(hm³)";"VOLUMEN PARA RIEGO
(m³)";"VOLUMEN PARA ABASTECIMIENTO
(m³)";"VOLUMEN VERTIDO
(m³)"
01/01/1992;0;0;0,003484;51,647;0;0;0
02/01/1992;0;0;0,030484;51,674;0;0;0
03/01/1992;0;0;0,004824;51,674;0;0;0
04/01/1992;0;0;0,030484;51,701;0;0;0
05/01/1992;0;0;0,031824;51,728;0;0;0
06/01/1992;0;0;0,002948;51,728;0;0;0
07/01/1992;0;0;0,031824;51,755;0;0;0
08/01/1992;0;0;0,003752;51,755;0;0;0
09/01/1992;0;0;0,027072;51,781;0;0;0
10/01/1992;0;0;0,0067;51,781;0;0;0
11/01/1992;0;0;0,035576;51,808;0;0;0
12/01/1992;0;0;0,00536;51,808;0;0;0
13/01/1992;0;0;0,029144;51,835;0;0;0
14/01/1992;0;0;0,004288;51,835;0;0;0
15/01/1992;0;0;0,02968;51,862;0;0;0
16/01/1992;0;0;0,003752;51,862;0;0;0
17/01/1992;0;0;0,030752;51,889;0;0;0
18/01/1992;0;0;0,032092;51,916;0;0;0
19/01/1992;0;0;0,004824;51,916;0;0;0
20/01/1992;0;0;0,030304;51,942;0;0;0
21/01/1992;0;0;0,011298;51,942;0;0;0
22/01/1992;0;0;0,03238;51,969;0;0;0
23/01/1992;0;0;0,004842;51,969;0;0;0
24/01/1992;0;0;0,040181;51,996;0;0;0
25/01/1992;0;0;0,008339;51,996;0;0;0
26/01/1992;0;0;0,00807;51,996;0;0;0
27/01/1992;0;0;0,005649;51,996;0;0;0
28/01/1992;5;0;0,003497;51,996;0;0;0
29/01/1992;7;0;0,029421;52,023;0;0;0
30/01/1992;0;0;0,042333;52,05;0;0;0
31/01/1992;6;0;0,02969;52,077;0;0;0
01/02/1992;0;0;0,02969;52,104;0;0;0
02/02/1992;0;0;0,03238;52,131;0;0;0
03/02/1992;0;0;0,030573;52,157;0;0;0
04/02/1992;0;0;0,032918;52,184;0;0;0
05/02/1992;0;0;0,00538;51,996;0;0;0,188
06/02/1992;0;0;0,007263;51,996;0;0;0
07/02/1992;0;0;0,033994;52,023;0;0;0
08/02/1992;0;0;0,005111;52,023;0;0;0
09/02/1992;0;0;0,03238;52,05;0;0;0
10/02/1992;0;0;0,004035;52,05;0;0;0
11/02/1992;0;0;0,03238;52,077;0;0;0
12/02/1992;0;0;0,00538;52,077;0;0;0
13/02/1992;0;0;0,01076;52,077;0;0;0
14/02/1992;0;0;0,01345;52,077;0;0;0
15/02/1992;0;0;0,010491;52,077;0;0;0
16/02/1992;0;0;0,036415;52,104;0;0;0
17/02/1992;0;0;0,011567;52,104;0;0;0
18/02/1992;5,5;0;0,001883;52,104;0;0;0
19/02/1992;1;0;0,027538;52,131;0;0;0
20/02/1992;21,5;0;0,24713;52,373;0;0;0
21/02/1992;0;0;0,11124;52,481;0;0;0
22/02/1992;3;0;0,081813;52,562;0;0;0
23/02/1992;0;0;0,03513;52,589;0;0;0
24/02/1992;0,5;0;0,03342;52,617;0;0;0
25/02/1992;3,5;0;0,054542;52,671;0;0;0
26/02/1992;0;0;0,064027;52,725;0;0;0
27/02/1992;0;0;0,00813;52,725;0;0;0
28/02/1992;0;0;0,032962;52,752;0;0;0
29/02/1992;0;0;0,006504;52,752;0;0;0
01/03/1992;0;0;0,031607;52,779;0;0;0
02/03/1992;1,5;0;0,00542;52,779;0;0;0
03/03/1992;1;0;0,005691;52,779;0;0;0
04/03/1992;0;0;-0,024561;52,752;0;0;0
05/03/1992;0;0;0,002168;52,752;0;0;0
06/03/1992;0;0;0,031878;52,779;0;0;0
07/03/1992;5,5;0;0,031607;52,806;0;0;0
08/03/1992;0;0;0,032691;52,833;0;0;0
09/03/1992;0;0;0,035344;52,861;0;0;0
10/03/1992;1;0;0,03108;52,888;0;0;0
11/03/1992;0;0;0,032168;52,915;0;0;0
12/03/1992;0;0;0,034344;52,942;0;0;0
13/03/1992;0;0;0,03244;52,969;0;0;0
14/03/1992;0;0;0,009248;52,969;0;0;0
15/03/1992;0;0;0,035704;52,996;0;0;0
16/03/1992;0;0;0,009248;52,996;0;0;0
17/03/1992;0;0;0,037792;53,024;0;0;0
18/03/1992;0;0;0,009792;53,024;0;0;0
19/03/1992;0;0;0,034616;53,051;0;0;0
20/03/1992;0;0;0,005712;53,051;0;0;0
21/03/1992;0;0;0,037608;53,078;0;0;0
22/03/1992;0;0;0,011696;53,078;0;0;0
23/03/1992;0;0;0,038424;53,105;0;0;0
24/03/1992;0;0;0,023392;53,105;0;0;0
25/03/1992;0;0;0,046496;53,133;0;0;0
26/03/1992;0;0;0,01224;53,133;0;0;0
27/03/1992;0;0;0,021216;53,133;0;0;0
28/03/1992;0;0;0,012784;53,133;0;0;0
29/03/1992;0;0;0,015232;53,133;0;0;0
30/03/1992;0;0;0,01088;53,133;0;0;0
31/03/1992;18,5;0;0,009248;53,133;0;0;0
01/04/1992;2;0;0,063906979;53,214;0;0;0
02/04/1992;0;0;0,035364933;53,242;0;0;0
03/04/1992;1;0;0,030820101;53,269;0;0;0
04/04/1992;25,5;0;0,497391582;53,762;0;0;0
05/04/1992;0;0;0,255808983;54,009;0;0;0
06/04/1992;0;0;0,146547609;54,147;0;0;0
07/04/1992;8;0;0,147390079;54,285;0;0;0
08/04/1992;0;0;0,097928226;54,368;0;0;0
09/04/1992;0;0;0,121902759;54,478;0;0;0
10/04/1992;0;0;0,181976827;54,645;0;0;0
11/04/1992;0;0;0,071096701;54,7;0;0;0
12/04/1992;0;0;0,063498153;54,756;0;0;0
13/04/1992;0;0;0,070283924;54,811;0;0;0
14/04/1992;0;0;0,067122809;54,867;0;0;0
15/04/1992;0;0;0,094411976;54,95;0;0;0
16/04/1992;0;0;0,046654899;54,978;0;0;0
17/04/1992;0;0;0,043040179;55,006;0;0;0
18/04/1992;0;0;0,045273954;55,034;0;0;0
19/04/1992;0;0;0,040541601;55,062;0;0;0
20/04/1992;0;0;0,012820303;55,062;0;0;0
21/04/1992;0;0;0,044448768;55,09;0;0;0
22/04/1992;0;0;0,041386402;55,118;0;0;0
23/04/1992;0;0;0,042343535;55,145;0;0;0
24/04/1992;0;0;0,043906665;55,173;0;0;0
25/04/1992;0;0;0,043632653;55,201;0;0;0
26/04/1992;0;0;0,04391695;55,229;0;0;0
27/04/1992;0;0;0,04587748;55,257;0;0;0
28/04/1992;0;0;0,042250733;55,285;0;0;0
29/04/1992;0;0;0,043932421;55,313;0;0;0
30/04/1992;0;0;0,011460163;55,313;0;0;0
01/05/1992;0;0;0,01453484;55,313;0;0;0
02/05/1992;0;0;0,018727583;55,313;0;0;0
03/05/1992;0;0;0,019566131;55,313;0;0;0
04/05/1992;0;0;0,113286615;55,313;0;0;0,094
05/05/1992;0;0;-0,00844017;55,285;0;0;0
06/05/1992;0;0;-0,092186435;55,173;0;0;0
07/05/1992;0;0;-0,007076998;55,145;0;0;0
08/05/1992;0;0;0,012832774;55,145;0;0;0
09/05/1992;1;0;0,010043041;55,145;0;0;0
10/05/1992;0;0;0,019249162;55,145;0;0;0
11/05/1992;0;0;0,018970188;55,145;0;0;0
12/05/1992;0;0;-0,00385268;55,118;0;0;0
13/05/1992;0;0;0,015896352;55,118;0;0;0
14/05/1992;0;0;-0,009878476;55,09;0;0;0
15/05/1992;0;0;-0,012392675;55,062;0;0;0
16/05/1992;0;0;0,013656409;55,062;0;0;0
17/05/1992;0;0;-0,009890209;55,034;0;0;0
18/05/1992;0;0;0,020338688;55,034;0;0;0
19/05/1992;0;0;0,020060076;55,034;0;0;0
20/05/1992;0;0;-0,015466518;55,006;0;0;0
21/05/1992;0;0;0,018939485;55,006;0;0;0
22/05/1992;0,5;0;0,014483135;55,006;0;0;0
23/05/1992;0;0;0,019496528;55,006;0;0;0
24/05/1992;0,5;0;-0,019925492;54,978;0;0;0
25/05/1992;0;0;0,021996074;54,978;0;0;0
26/05/1992;0;0;0,022831368;54,978;0;0;0
27/05/1992;0;0;0,019211761;54,978;0;0;0
28/05/1992;0;0;0,019211761;54,978;0;0;0
29/05/1992;0;0;-0,007402774;54,95;0;0;0
30/05/1992;0;0;0,019205521;54,95;0;0;0
31/05/1992;0;0;0,018092158;54,95;0;0;0
01/06/1992;0;0;0,022545612;54,95;0;0;0
02/06/1992;0;0;-0,012748451;54,92;0;0;0
03/06/1992;0;0;0,006206819;54,7;0;0;0,209
04/06/1992;0;0;-0,013076237;54,67;0;0;0
05/06/1992;0;0;0,005516076;54,65;0;0;0
06/06/1992;0;0;-0,008373814;54,62;0;0;0
07/06/1992;0;0;-0,004777649;54,59;0;0;0
08/06/1992;0;0;-0,00478587;54,56;0;0;0
09/06/1992;0;0;-0,005071055;54,53;0;0;0
10/06/1992;0;0;0,005197781;54,51;0;0;0
11/06/1992;0;0;-0,009792991;54,48;0;0;0
12/06/1992;0;0;-0,007032392;54,45;0;0;0
13/06/1992;0;0;0,01051529;54,45;0;0;0
14/06/1992;11;0;-0,027233713;54,42;0;0;0
15/06/1992;22;0;0,100245252;54,51;0;0;0
16/06/1992;2,5;0;0,055541567;54,56;0;0;0
17/06/1992;0;0;0,019949641;54,56;0;0;0
18/06/1992;0;0;0,011360212;54,56;0;0;0
19/06/1992;0;0;0,020780876;54,56;0;0;0
20/06/1992;0;0;-0,009779856;54,53;0;0;0
21/06/1992;1,5;0;0,005816754;54,53;0;0;0
22/06/1992;22;0;0,065266205;54,59;0;0;0
23/06/1992;9,5;0;0,035267917;54,62;0;0;0
24/06/1992;0;0;0,020517151;54,62;0;0;0
25/06/1992;0;0;-0,013369878;54,59;0;0;0
26/06/1992;0;0;0,020233315;54,59;0;0;0
27/06/1992;0;0;0,022173496;54,59;0;0;0
28/06/1992;0;0;0,020233315;54,59;0;0;0
29/06/1992;0;0;0,021619158;54,59;0;0;0
30/06/1992;0;0;0,019956146;54,59;0;0;0
01/07/1992;0;0;0,023005002;54,589;0;0;0
02/07/1992;0;0;-0,005002497;54,561;0;0;0
03/07/1992;0;0;-0,008441785;54,534;0;0;0
04/07/1992;0;0;0,022159062;54,534;0;0;0
05/07/1992;0;0;-0,007232598;54,506;0;0;0
06/07/1992;0;0;0,018552212;54,506;0;0;0
07/07/1992;0;0;-0,008623416;54,478;0;0;0
08/07/1992;0;0;0,002624674;54,368;0;0;0,09742
09/07/1992;0;0;0,017969161;54,368;0;0;0
10/07/1992;0;0;0,017969161;54,368;0;0;0
11/07/1992;0;0;-0,005338621;54,34;0;0;0
12/07/1992;0;0;0,016581497;54,34;0;0;0
13/07/1992;0;0;-0,009213728;54,312;0;0;0
14/07/1992;0;0;0,024035378;54,312;0;0;0
15/07/1992;0;0;0,020167616;54,312;0;0;0
16/07/1992;0;0;-0,006010412;54,285;0;0;0
17/07/1992;0;0;0,021541945;54,285;0;0;0
18/07/1992;0;0;0,023475197;54,285;0;0;0
19/07/1992;0;0;-0,007845514;54,257;0;0;0
20/07/1992;0;0;0,023743641;54,257;0;0;0
21/07/1992;0;0;0,022363196;54,257;0;0;0
22/07/1992;0;0;-0,002436086;54,23;0;0;0
23/07/1992;0;0;0,01987193;54,23;0;0;0
24/07/1992;0;0;0,022079923;54,23;0;0;0
25/07/1992;0;0;-0,015584094;54,202;0;0;0
26/07/1992;0;0;0,01986545;54,202;0;0;0
27/07/1992;0;0;0,016554542;54,202;0;0;0
28/07/1992;0;0;-0,004003718;54,174;0;0;0
29/07/1992;0;0;0,015445883;54,174;0;0;0
30/07/1992;0;0;0,030615947;54,174;0;0;0
31/07/1992;0,1;0;-0,015419368;54,147;0;0;0
01/08/1992;0;0;-0,011461607;54,119;0;0;0
02/08/1992;0;0;0,019570432;54,119;0;0;0
03/08/1992;0;0;-0,010742565;54,092;0;0;0
04/08/1992;0;0;-0,008993246;54,064;0;0;0
05/08/1992;0;0;0,003395981;53,926;0;0;0,11802
06/08/1992;0;0;-0,003906549;53,899;0;0;0
07/08/1992;0;0;-0,005463762;53,871;0;0;0
08/08/1992;0;0;-0,033675672;53,817;0;0;0
09/08/1992;0;0;-0,002740154;53,789;0;0;0
10/08/1992;0;0;0,01911161;53,762;0;0;0
11/08/1992;0;0;0,001334448;53,624;0;0;0,11385
12/08/1992;0;0;-0,005085065;53,597;0;0;0
13/08/1992;0;0;0,016436202;53,597;0;0;0
14/08/1992;0;0;0,004564015;53,433;0;0;0,15216
15/08/1992;0;0;-0,007228385;53,405;0;0;0
16/08/1992;0;0;-0,00978702;53,378;0;0;0
17/08/1992;0;0;0,016120092;53,378;0;0;0
18/08/1992;0;0;-0,008973275;53,351;0;0;0
19/08/1992;0;0;0,002443698;53,242;0;0;0,09044
20/08/1992;0;0;0,021276474;53,242;0;0;0
21/08/1992;0;0;0,002405889;53,133;0;0;0,08934
22/08/1992;0;0;0,025879746;53,133;0;0;0
23/08/1992;0;0;-0,007303002;53,105;0;0;0
24/08/1992;0;0;-0,005493033;53,078;0;0;0
25/08/1992;0;0;0,003419962;52,942;0;0;0,11822
26/08/1992;0;0;0,020928168;52,942;0;0;0
27/08/1992;0;0;0,01103878;52,915;0;0;0
28/08/1992;0;0;0,009255585;52,535;0;0;0,36248
29/08/1992;0;0;0,002341419;52,4;0;0;0,11385
30/08/1992;0;0;-0,004326056;52,373;0;0;0
31/08/1992;0;0;0,024293511;52,373;0;0;0
01/09/1992;0;0;0,002246504;52,292;0;0;0,05655
02/09/1992;0;0;0,004234275;52,131;0;0;0,14182
03/09/1992;0;0;0,245605552;52,211;0;0;0,15025
04/09/1992;0;0;-0,238458762;51,835;0;0;0,12172
05/09/1992;0;0;0,000540816;51,781;0;0;0,03873
06/09/1992;0;0;-0,009926493;51,755;0;0;0
07/09/1992;0;0;-0,01119962;51,728;0;0;0
08/09/1992;0;0;0,002521901;51,621;0;0;0,09294
09/09/1992;0;0;0,002624897;51,541;0;0;0,0698
10/09/1992;0;0;0,002330036;51,407;0;0;0,11339
11/09/1992;0;0;0,004713775;51,247;0;0;0,15513
12/09/1992;0;0;-0,01395973;51,22;0;0;0
13/09/1992;0;0;-0,02041316;51,194;0;0;0
14/09/1992;0;0;0,010641599;51,194;0;0;0
15/09/1992;0;0;0,005620368;51,008;0;0;0,17888
16/09/1992;0;0;-0,014794515;50,981;0;0;0
17/09/1992;0;0;0,004731608;50,849;0;0;0,12799
18/09/1992;0;0;0,001690722;50,769;0;0;0,07137
19/09/1992;0;0;-0,017799071;50,743;0;0;0
20/09/1992;0;0;-0,016157193;50,716;0;0;0
21/09/1992;0;0;-0,014896429;50,69;0;0;0
22/09/1992;0;0;0,004528077;50,558;0;0;0,12122
23/09/1992;0;0;0,002244993;50,426;0;0;0,10974
24/09/1992;0;0;0,003499535;50,294;0;0;0,11919
25/09/1992;0;0;0,003570778;50,189;0;0;0,09491
26/09/1992;6;0;0,001626507;50,137;0;0;0,04155
27/09/1992;11;0;0,007875983;50,137;0;0;0
28/09/1992;0;0;0,013389171;50,137;0;0;0
29/09/1992;0;0;0,004558386;49,953;0;0;0,17651
30/09/1992;0;0;0,003694954;49,822;0;0;0,12502
01/10/1992;0;0;0,005600276;49,639;0;0;0,1766
02/10/1992;0;0;0,003629365;49,509;0;0;0,12217
03/10/1992;0;0;0,003495555;49,405;0;0;0,09189
04/10/1992;0;0;0,024188611;49,405;0;0;0
05/10/1992;0;0;-0,01195971;49,379;0;0;0
06/10/1992;0;0;0,001474174;49,301;0;0;0,06337
07/10/1992;0;0;0,003504446;49,197;0;0;0,0922
08/10/1992;0;0;0,0036575;49,067;0;0;0,12304
09/10/1992;10;0;-0,023665186;48,99;0;0;0,0523
10/10/1992;5;0;-0,010426434;48,886;0;0;0,09099
11/10/1992;0;0;0,009042481;48,886;0;0;0
12/10/1992;0;0;-0,016443997;48,86;0;0;0
13/10/1992;0;0;0,010072544;48,86;0;0;0
14/10/1992;0;0;0,003584035;48,731;0;0;0,11995
15/10/1992;0;0;0,002653107;48,654;0;0;0,06935
16/10/1992;1,5;0;-0,001111519;48,551;0;0;0,09803
17/10/1992;51;0;0,21396993;48,68;0;0;0,07724
18/10/1992;0;0;0,02909301;48,706;0;0;0
19/10/1992;20;0;0,026289187;48,731;0;0;0
20/10/1992;10;0;0,079032388;48,809;0;0;0
21/10/1992;0,5;0;0,054874055;48,86;0;0;0
22/10/1992;0;0;0,011105625;48,86;0;0;0
23/10/1992;0;0;0,012396977;48,86;0;0;0
24/10/1992;0;0;0,000606448;48,835;0;0;0,01373
25/10/1992;0;0;0,007487326;48,835;0;0;0
26/10/1992;0;0;0,009810979;48,835;0;0;0
27/10/1992;0;0;0,00068959;48,809;0;0;0,01714
28/10/1992;0;0;0,000564132;48,757;0;0;0,03941
29/10/1992;0;0;0,00260654;48,706;0;0;0,04175
30/10/1992;1;0;-7,10209E-05;48,68;0;0;0,02361
31/10/1992;0;0;0,00066553;48,654;0;0;0,01662
01/11/1992;0;0;0,013651617;48,654;0;0;0
02/11/1992;0;0;-0,010550509;48,628;0;0;0
03/11/1992;0;0;0,002575924;48,577;0;0;0,04071
04/11/1992;0;0;0,00276593;48,448;0;0;0,12483
05/11/1992;0;0;0,008477248;48,448;0;0;0
06/11/1992;0;0;0,005137726;48,448;0;0;0
07/11/1992;0;0;0,058940601;48,5;0;0;0
08/11/1992;0;0;0,006426483;48,5;0;0;0
09/11/1992;10,5;0;0,029885767;48,525;0;0;0
10/11/1992;0;0;0,00411433;48,525;0;0;0
11/11/1992;0;0;0,029858481;48,551;0;0;0
12/11/1992;0;0;0,038093968;48,577;0;0;0
13/11/1992;0;0;0,010807376;48,577;0;0;0
14/11/1992;0;0;-0,012623934;48,551;0;0;0
15/11/1992;0;0;-0,020342796;48,525;0;0;0
16/11/1992;8;0;0,007457223;48,525;0;0;0
17/11/1992;0;0;-0,015488805;48,5;0;0;0
18/11/1992;0;0;0,012081788;48,5;0;0;0
19/11/1992;0;0;-0,018290808;48,474;0;0;0
20/11/1992;0;0;0,004368542;48,474;0;0;0
21/11/1992;0;0;0,015161411;48,474;0;0;0
22/11/1992;0;0;0,005653408;48,474;0;0;0
23/11/1992;0;0;0,004625515;48,474;0;0;0
24/11/1992;0;0;0,030370008;48,5;0;0;0
25/11/1992;0;0;0,008997076;48,5;0;0;0
26/11/1992;0;0;0,006169423;48,5;0;0;0
27/11/1992;0;0;0,005655305;48,5;0;0;0
28/11/1992;0;0;0,030142913;48,525;0;0;0
29/11/1992;0;0;0,003085748;48,525;0;0;0
30/11/1992;0;0;0,003600039;48,525;0;0;0
01/12/1992;0;0;0,005142913;48,525;0;0;0
02/12/1992;0;0;0,000943677;48,474;0;0;0,04886
03/12/1992;0;0;0,031912364;48,5;0;0;0
04/12/1992;0;0;0,009511195;48,5;0;0;0
05/12/1992;1,5;0;0,001285297;48,5;0;0;0
06/12/1992;0;0;0,007968839;48,5;0;0;0
07/12/1992;0;0;0,010539432;48,5;0;0;0
08/12/1992;0;0;0,008997076;48,5;0;0;0
09/12/1992;0;0;0,013624144;48,5;0;0;0
10/12/1992;0;0;-0,014693185;48,474;0;0;0
11/12/1992;0;0;0,002055785;48,474;0;0;0
12/12/1992;0;0;0,003854596;48,474;0;0;0
13/12/1992;0;0;0,003854596;48,474;0;0;0
14/12/1992;0;0;0,002569731;48,474;0;0;0
15/12/1992;0;0;0,003083677;48,474;0;0;0
16/12/1992;8,5;0;0,001284865;48,474;0;0;0
17/12/1992;0,1;0;0,006167354;48,474;0;0;0
18/12/1992;0;0;0,030627068;48,5;0;0;0
19/12/1992;0;0;0,00359883;48,5;0;0;0
20/12/1992;0;0;0,001028237;48,5;0;0;0
21/12/1992;0;0;0,001542356;48,5;0;0;0
22/12/1992;0,1;0;0,001028237;48,5;0;0;0
23/12/1992;0;0;0,005141186;48,5;0;0;0
24/12/1992;0;0;0,00359883;48,5;0;0;0
25/12/1992;0;0;0,026800019;48,525;0;0;0
26/12/1992;0;0;0,003600039;48,525;0;0;0
27/12/1992;0,5;0;0,001028583;48,525;0;0;0
28/12/1992;1;0;0,000514291;48,525;0;0;0
29/12/1992;0;0;0,029858481;48,551;0;0;0
30/12/1992;0;0;0,004115713;48,551;0;0;0
31/12/1992;0;0;0,029087822;48,577;0;0;0
01/01/1993;0;0;-0,021970726;48,577;0;0;0
02/01/1993;0;0;0,003087822;48,577;0;0;0
03/01/1993;0;0;0,003602459;48,577;0;0;0
04/01/1993;0;0;-0,018025807;48,551;0;0;0
05/01/1993;0;0;0,003601249;48,551;0;0;0
06/01/1993;0;0;0,003858481;48,551;0;0;0
07/01/1993;0;0;0,00257232;48,551;0;0;0
08/01/1993;0;0;0,003344017;48,551;0;0;0
09/01/1993;0;0;-0,099146705;48,448;0;0;0
10/01/1993;0;0;0,00693593;48,448;0;0;0
11/01/1993;0;0;-0,023716;48,423;0;0;0
12/01/1993;0;0;0,008988001;48,423;0;0;0
13/01/1993;0;0;0,008988001;48,423;0;0;0
14/01/1993;0;0;0,001284;48,423;0;0;0
15/01/1993;0;0;0,0028248;48,423;0;0;0
16/01/1993;0;0;-0,022662718;48,397;0;0;0
17/01/1993;0;0;0,004364138;48,397;0;0;0
18/01/1993;0;0;0,001026856;48,397;0;0;0
19/01/1993;0;0;-0,069819262;48,32;0;0;0
20/01/1993;0;0;-0,075719019;48,243;0;0;0
21/01/1993;0;0;0,003586747;48,243;0;0;0
22/01/1993;0;0;-0,071369374;48,166;0;0;0
23/01/1993;0;0;-0,07316482;48,089;0;0;0
24/01/1993;0;0;0,030092244;48,115;0;0;0
25/01/1993;0;0;0,003580713;48,115;0;0;0
26/01/1993;0;0;-0,07495595;48,038;0;0;0
27/01/1993;0;0;-0,070384538;47,962;0;0;0
28/01/1993;0;0;-0,097666628;47,86;0;0;0
29/01/1993;0;0;-0,07241637;47,783;0;0;0
30/01/1993;3;0;-0,073964893;47,707;0;0;0
31/01/1993;1;0;0,003818407;47,758;0;0;0
01/02/1993;1;0;0,001272802;47,758;0;0;0
02/02/1993;2,5;0;0,0283104;47,783;0;0;0
03/02/1993;0;0;-0,071421009;47,707;0;0;0
04/02/1993;0;0;-0,099459552;47,605;0;0;0
05/02/1993;0;0;0,003810671;47,605;0;0;0
06/02/1993;0;0;-0,097687073;47,503;0;0;0
07/02/1993;0,5;0;0,005835136;47,503;0;0;0
08/02/1993;0;0;-0,096439549;47,402;0;0;0
09/02/1993;1;0;-0,123206053;47,275;0;0;0
10/02/1993;0,05;0;-0,122464977;47,149;0;0;0
11/02/1993;20;0;-0,121462668;47,023;0;0;0
12/02/1993;4;0;-0,072222737;46,947;0;0;0
13/02/1993;0;0;0,00705089;46,947;0;0;0
14/02/1993;0;0;0,005539985;46,947;0;0;0
15/02/1993;0;0;0,02953425;46,972;0;0;0
16/02/1993;0;0;0,003274736;46,972;0;0;0
17/02/1993;0;0;0,006801375;46,972;0;0;0
18/02/1993;0;0;0,006801375;46,972;0;0;0
19/02/1993;0;0;0,032299705;46,998;0;0;0
20/02/1993;0;0;0,006551694;46,998;0;0;0
21/02/1993;0;0;0,007307658;46,998;0;0;0
22/02/1993;0;0;0,00705567;46,998;0;0;0
23/02/1993;0,1;0;0,002267894;46,998;0;0;0
24/02/1993;0;0;0,002519882;46,998;0;0;0
25/02/1993;0;0;0,005543741;46,998;0;0;0
26/02/1993;0,5;0;0,007811635;46,998;0;0;0
27/02/1993;0;0;-0,010382027;46,972;0;0;0
28/02/1993;0;0;0,004282347;46,972;0;0;0
01/03/1993;0;0;0,005038056;46,972;0;0;0
02/03/1993;0;0;0,001774572;46,897;0;0;0,07149
03/03/1993;0;0;0,002264817;46,897;0;0;0
04/03/1993;0;0;0,00201317;46,897;0;0;0
05/03/1993;7,5;0;0,029531171;46,922;0;0;0
06/03/1993;0,5;0;0,004279439;46,922;0;0;0
07/03/1993;0;0;0,005286366;46,922;0;0;0
08/03/1993;0;0;0,031799073;46,947;0;0;0
09/03/1993;0;0;0,003777263;46,947;0;0;0
10/03/1993;0;0;-0,020217097;46,922;0;0;0
11/03/1993;0;0;0,006796757;46,922;0;0;0
12/03/1993;2,5;0;0,03003635;46,947;0;0;0
13/03/1993;28;0;0,134576325;47,073;0;0;0
14/03/1993;4,5;0;0,160088274;47,225;0;0;0
15/03/1993;0;0;0,109605442;47,326;0;0;0
16/03/1993;0;0;0,009111645;47,326;0;0;0
17/03/1993;0;0;0,009111645;47,326;0;0;0
18/03/1993;0;0;0,007086835;47,326;0;0;0
19/03/1993;0;0;0,005315126;47,326;0;0;0
20/03/1993;0;0;0,009870949;47,326;0;0;0
21/03/1993;0;0;0,010883354;47,326;0;0;0
22/03/1993;0;0;0,035633851;47,351;0;0;0
23/03/1993;0;0;0,021774075;47,351;0;0;0
24/03/1993;4;0;0,017216711;47,351;0;0;0
25/03/1993;15,5;0;0,087404976;47,427;0;0;0
26/03/1993;0;0;0,019768625;47,427;0;0;0
27/03/1993;0;0;0,011911864;47,427;0;0;0
28/03/1993;0;0;0,014192859;47,427;0;0;0
29/03/1993;0;0;0,010137756;47,427;0;0;0
30/03/1993;0;0;0,034620015;47,453;0;0;0
31/03/1993;0;0;0,011155313;47,453;0;0;0
01/04/1993;0;0;0,024338865;47,453;0;0;0
02/04/1993;0;0;0,012422962;47,453;0;0;0
03/04/1993;0;0;0,012676492;47,453;0;0;0
04/04/1993;0;0;0,01546532;47,453;0;0;0
05/04/1993;0;0;-0,012314029;47,427;0;0;0
06/04/1993;0;0;1,46365E-05;47,402;0;0;0,01184
07/04/1993;0;0;0,013681353;47,402;0;0;0
08/04/1993;0;0;0,013934712;47,402;0;0;0
09/04/1993;0;0;0,022548897;47,402;0;0;0
10/04/1993;0;0;-0,005751278;47,377;0;0;0
11/04/1993;0;0;0,00861127;47,377;0;0;0
12/04/1993;0;0;0,011143997;47,377;0;0;0
13/04/1993;0;0;-0,015366149;47,351;0;0;0
14/04/1993;4,5;0;0,00329143;47,351;0;0;0
15/04/1993;0,5;0;0,009367916;47,351;0;0;0
16/04/1993;0;0;-0,016394558;47,326;0;0;0
17/04/1993;0;0;0,014426771;47,326;0;0;0
18/04/1993;0;0;0,01417367;47,326;0;0;0
19/04/1993;0;0;0,011895759;47,326;0;0;0
20/04/1993;0;0;-0,016144457;47,301;0;0;0
21/04/1993;0;0;0,000802567;47,25;0;0;0,04624
22/04/1993;0;0;0,01087229;47,25;0;0;0
23/04/1993;0;0;0,018204765;47,25;0;0;0
24/04/1993;4;0;0,005056879;47,25;0;0;0
25/04/1993;6,5;0;0,005309723;47,25;0;0;0
26/04/1993;1,5;0;-0,019944829;47,225;0;0;0
27/04/1993;0;0;0,009099308;47,225;0;0;0
28/04/1993;25;0;0,060370122;47,275;0;0;0
29/04/1993;2;0;0,027518093;47,301;0;0;0
30/04/1993;1;0;0,027784114;47,326;0;0;0
01/05/1993;0;0;0,01417367;47,326;0;0;0
02/05/1993;0;0;0,039684841;47,351;0;0;0
03/05/1993;0;0;0,012152972;47,351;0;0;0
04/05/1993;1,5;0;0,01316572;47,351;0;0;0
05/05/1993;0;0;0,00658286;47,351;0;0;0
06/05/1993;0;0;0,007848795;47,351;0;0;0
07/05/1993;0;0;0,012659346;47,351;0;0;0
08/05/1993;0;0;0,014684841;47,351;0;0;0
09/05/1993;0,5;0;0,005570112;47,351;0;0;0
10/05/1993;0;0;0,012152972;47,351;0;0;0
11/05/1993;6;0;0,016203963;47,351;0;0;0
12/05/1993;24,5;0;0,106563537;47,453;0;0;0
13/05/1993;0;0;0,011915903;47,453;0;0;0
14/05/1993;0;0;0,012422962;47,453;0;0;0
15/05/1993;0;0;0,012676492;47,453;0;0;0
16/05/1993;0;0;0,018000619;47,453;0;0;0
17/05/1993;0;0;0,010141194;47,453;0;0;0
18/05/1993;0;0;0,010141194;47,453;0;0;0
19/05/1993;0;0;0,01571885;47,453;0;0;0
20/05/1993;0;0;0,042753092;47,478;0;0;0
21/05/1993;0;0;0,010398239;47,478;0;0;0
22/05/1993;0,5;0;0,013695242;47,478;0;0;0
23/05/1993;5;0;0,000760847;47,478;0;0;0
24/05/1993;1,5;0;0,002028925;47,478;0;0;0
25/05/1993;1,5;0;0,009383777;47,478;0;0;0
26/05/1993;0;0;0,035148062;47,503;0;0;0
27/05/1993;0;0;0,00811845;47,503;0;0;0
28/05/1993;0;0;-0,006486062;47,478;0;0;0
29/05/1993;0;0;0,012427164;47,478;0;0;0
30/05/1993;0;0;0,022064557;47,478;0;0;0
31/05/1993;0;0;-0,00902762;47,453;0;0;0
01/06/1993;0;0;0,000325238;47,402;0;0;0,03207
02/06/1993;0;0;0,016468296;47,402;0;0;0
03/06/1993;0;0;-0,008537278;47,377;0;0;0
04/06/1993;0;0;0,020768358;47,377;0;0;0
05/06/1993;0;0;0,017475813;47,377;0;0;0
06/06/1993;0;0;-0,014100215;47,351;0;0;0
07/06/1993;0;0;0,014684841;47,351;0;0;0
08/06/1993;3;0;0,00987429;47,351;0;0;0
09/06/1993;0;0;-0,009054621;47,326;0;0;0
10/06/1993;0;0;0,021007404;47,326;0;0;0
11/06/1993;0;0;0,018982594;47,326;0;0;0
12/06/1993;0;0;-0,008553991;47,301;0;0;0
13/06/1993;0;0;0,018217118;47,301;0;0;0
14/06/1993;0;0;0,015939978;47,301;0;0;0
15/06/1993;0;0;-0,008800773;47,275;0;0;0
16/06/1993;0;0;0,016946298;47,275;0;0;0
17/06/1993;0;0;-0,010335051;47,25;0;0;0
18/06/1993;0;0;0,017193389;47,25;0;0;0
19/06/1993;0;0;-0,007054142;47,225;0;0;0
20/06/1993;0;0;-0,0065549;47,2;0;0;0
21/06/1993;0;0;0,025519933;47,2;0;0;0
22/06/1993;0;0;-0,013875803;47,174;0;0;0
23/06/1993;0;0;-0,00353736;47,149;0;0;0
24/06/1993;1;0;0,02146264;47,149;0;0;0
25/06/1993;0;0;-0,012126787;47,124;0;0;0
26/06/1993;0;0;0,014892541;47,124;0;0;0
27/06/1993;0;0;-0,004561229;47,099;0;0;0
28/06/1993;0;0;-0,002036739;47,073;0;0;0
29/06/1993;0;0;-3,62198E-05;47,048;0;0;0
30/06/1993;0;0;0,001215695;47,023;0;0;0
01/07/1993;0;0;-0,003581002;46,998;0;0;0
02/07/1993;0;0;0,020159057;46,998;0;0;0
03/07/1993;0;0;-0,007611096;46,972;0;0;0
04/07/1993;0;0;0,014358459;46,972;0;0;0
05/07/1993;0;0;0,018388904;46,972;0;0;0
06/07/1993;0;0;0,003251129;46,872;0;0;0,08212
07/07/1993;0;0;0,020124884;46,872;0;0;0
08/07/1993;0;0;-0,005133435;46,847;0;0;0
09/07/1993;0;0;0,019112139;46,847;0;0;0
10/07/1993;0;0;-0,005637398;46,821;0;0;0
11/07/1993;0;0;-0,003136483;46,796;0;0;0
12/07/1993;0;0;-0,007917076;46,771;0;0;0
13/07/1993;0;0;0,022107314;46,771;0;0;0
14/07/1993;0;0;-0,006416104;46,746;0;0;0
15/07/1993;0;0;0,016574827;46,746;0;0;0
16/07/1993;0;0;-0,005669251;46,721;0;0;0
17/07/1993;0;0;0,01531397;46,721;0;0;0
18/07/1993;0;0;-0,007432563;46,696;0;0;0
19/07/1993;0;0;-0,00844206;46,671;0;0;0
20/07/1993;0;0;0,003428921;46,545;0;0;0,1134
21/07/1993;0;0;0,004501412;46,42;0;0;0,11575
22/07/1993;0;0;0,004387011;46,27;0;0;0,13742
23/07/1993;0;0;0,031363325;46,121;0;0;0,16368
24/07/1993;0;0;-0,007326732;46,096;0;0;0
25/07/1993;0;0;-0,002853701;46,071;0;0;0
26/07/1993;0;0;-0,008333767;46,046;0;0;0
27/07/1993;0;0;0,006512243;45,872;0;0;0,16736
28/07/1993;0;0;0,006310793;45,674;0;0;0,18575
29/07/1993;0;0;0,006293234;45,501;0;0;0,16053
30/07/1993;0;0;0,006060779;45,304;0;0;0,17844
31/07/1993;0;0;0,005339068;45,156;0;0;0,13614
01/08/1993;0;0;0,005416841;44,984;0;0;0,16222
02/08/1993;0;0;0,01470662;44,984;0;0;0
03/08/1993;0;0;-0,007338209;44,96;0;0;0
04/08/1993;0;0;-0,018386574;44,935;0;0;0
05/08/1993;0;0;-0,005390824;44,911;0;0;0
06/08/1993;0;0;0,006109072;44,715;0;0;0,1794
07/08/1993;0;0;0,006191971;44,544;0;0;0,15673
08/08/1993;0;0;-0,009152131;44,301;0;0;0,20496
09/08/1993;0;0;-0,007983717;44,277;0;0;0
10/08/1993;0;0;0,014560258;44,277;0;0;0
11/08/1993;0;0;-0,007048548;44,252;0;0;0
12/08/1993;0;0;-0,009207291;44,228;0;0;0
13/08/1993;0;0;0,251460206;44,228;0;0;0,23691
14/08/1993;0;0;-0,232812069;43,745;0;0;0,23044
15/08/1993;0;0;0,009279514;43,504;0;0;0,233
16/08/1993;0;0;-0,012484322;43,48;0;0;0
17/08/1993;0;0;-0,017284866;43,456;0;0;0
18/08/1993;0;0;0,008633744;43,456;0;0;0
19/08/1993;0;0;0,247658923;43,432;0;0;0,252
20/08/1993;0;0;-0,015449212;43,169;0;0;0,2294
21/08/1993;0;0;0,00040154;42,931;0;0;0,2196
22/08/1993;0;0;-0,268884143;42,646;0;0;0
23/08/1993;0;0;0,013982876;42,646;0;0;0
24/08/1993;0;0;-0,036158389;42,598;0;0;0
25/08/1993;0;0;0,011131114;42,598;0;0;0
26/08/1993;0;0;0,198507165;42,527;0;0;0,252
27/08/1993;0;0;0,001517406;42,291;0;0;0,2196
28/08/1993;0;0;0,048286476;42,126;0;0;0,198
29/08/1993;0;0;-0,148516526;41,962;0;0;0
30/08/1993;0;0;0,013137493;41,962;0;0;0
31/08/1993;14;0;-0,046296701;41,915;0;0;0
01/09/1993;0;0;-0,002908425;41,891;0;0;0
02/09/1993;0;0;0,212025567;41,844;0;0;0,252
03/09/1993;0;0;-0,054176647;41,564;0;0;0,2088
04/09/1993;0;0;0,040007852;41,378;0;0;0,2088
05/09/1993;0;0;-0,187210829;41,169;0;0;0
06/09/1993;0;0;-0,029627345;41,122;0;0;0
07/09/1993;0;0;-0,004707276;41,099;0;0;0
08/09/1993;0;0;0,014819422;41,099;0;0;0
09/09/1993;0;0;0,253535974;41,076;0;0;0,252
10/09/1993;0;0;-0,078550224;40,753;0;0;0,2304
11/09/1993;0;0;0,018288346;40,523;0;0;0,2196
12/09/1993;0;0;-0,187096824;40,316;0;0;0
13/09/1993;0;0;-0,022824963;40,271;0;0;0
14/09/1993;0;0;0,017831473;40,271;0;0;0
15/09/1993;0;0;-0,013401848;40,248;0;0;0
16/09/1993;0;0;-0,005409688;40,225;0;0;0
17/09/1993;0,1;0;0,010101997;39,974;0;0;0,252
18/09/1993;0;0;-0,031907122;39,724;0;0;0,2088
19/09/1993;0;0;0,018402318;39,498;0;0;0,2304
20/09/1993;0;0;-0,009454232;39,475;0;0;0
21/09/1993;0;0;-0,010490218;39,453;0;0;0
22/09/1993;0;0;-0,007659134;39,43;0;0;0
23/09/1993;0;0;-0,006213615;39,408;0;0;0
24/09/1993;0;0;0,011100344;39,16;0;0;0,24113
25/09/1993;0;0;-0,009649836;39,138;0;0;0
26/09/1993;0;0;-0,013572369;39,115;0;0;0
27/09/1993;0;0;0,012794643;39,115;0;0;0
28/09/1993;0;0;-0,012575749;39,093;0;0;0
29/09/1993;0;0;0,010770573;39,093;0;0;0
30/09/1993;0;0;-0,010214582;39,07;0;0;0
01/10/1993;0;0;-0,012806775;39,048;0;0;0
02/10/1993;0;0;0,01569575;39,048;0;0;0
03/10/1993;0;0;-0,006189183;39,025;0;0;0
04/10/1993;0,1;0;-0,012589343;39,003;0;0;0
05/10/1993;0;0;0,005377518;39,003;0;0;0
06/10/1993;0;0;-0,015280523;38,981;0;0;0
07/10/1993;16;0;0,023568443;39,003;0;0;0
08/10/1993;1;0;0,006945961;39,003;0;0;0
09/10/1993;0,1;0;0,002240633;39,003;0;0;0
10/10/1993;7;0;0,002464696;39,003;0;0;0
11/10/1993;14,5;0;0,027379461;39,025;0;0;0
12/10/1993;4,5;0;0,004931173;39,025;0;0;0
13/10/1993;6,5;0;0,0274845;39,048;0;0;0
14/10/1993;0;0;0,003811825;39,048;0;0;0
15/10/1993;1;0;0,004260275;39,048;0;0;0
16/10/1993;13,5;0;0,025364584;39,07;0;0;0
17/10/1993;0;0;0,003813195;39,07;0;0;0
18/10/1993;0;0;0,002915973;39,07;0;0;0
19/10/1993;0;0;0,006504862;39,07;0;0;0
20/10/1993;0;0;0,007850695;39,07;0;0;0
21/10/1993;0;0;0,006953473;39,07;0;0;0
22/10/1993;0;0;-0,011909875;39,048;0;0;0
23/10/1993;0;0;0,0071752;39,048;0;0;0
24/10/1993;0;0;0,007399425;39,048;0;0;0
25/10/1993;0;0;0,00313915;39,048;0;0;0
26/10/1993;37;0;0,069020207;39,115;0;0;0
27/10/1993;1;0;0,023673645;39,138;0;0;0
28/10/1993;0;0;0,007634647;39,138;0;0;0
29/10/1993;1,5;0;0,000673645;39,138;0;0;0
30/10/1993;23,5;0;0,068798329;39,205;0;0;0
31/10/1993;2;0;0,00202312;39,205;0;0;0
01/11/1993;24,5;0;0,136576939;39,34;0;0;0
02/11/1993;0,5;0;0,024126788;39,363;0;0;0
03/11/1993;33;0;1,55284718;40,914;0;0;0
04/11/1993;0;0;0,078476877;40,983;0;0;0
05/11/1993;0;0;0,073702226;41,053;0;0;0
06/11/1993;9,5;0;0,142941987;41,192;0;0;0
07/11/1993;0;0;0,074338939;41,261;0;0;0
08/11/1993;7;0;0,072323744;41,331;0;0;0
09/11/1993;0;0;0,050255539;41,378;0;0;0
10/11/1993;0;0;0,050886771;41,424;0;0;0
11/11/1993;0;0;0,048862943;41,471;0;0;0
12/11/1993;4;0;0,047398194;41,517;0;0;0
13/11/1993;0;0;0,050964342;41,564;0;0;0
14/11/1993;0;0;0,024866236;41,587;0;0;0
15/11/1993;0;0;0,026100253;41,611;0;0;0
16/11/1993;1,5;0;0,046467052;41,657;0;0;0
17/11/1993;0;0;0,028438569;41,681;0;0;0
18/11/1993;0;0;0,026271674;41,704;0;0;0
19/11/1993;0;0;0,0265066;41,727;0;0;0
20/11/1993;0;0;0,02797555;41,751;0;0;0
21/11/1993;0;0;0,004443262;41,751;0;0;0
22/11/1993;0;0;0,024871505;41,774;0;0;0
23/11/1993;0;0;0,005848454;41,774;0;0;0
24/11/1993;0;0;0,026574231;41,798;0;0;0
25/11/1993;0;0;0,025106928;41,821;0;0;0
26/11/1993;0;0;0,026278598;41,844;0;0;0
27/11/1993;0;0;0,027982557;41,868;0;0;0
28/11/1993;0;0;0,003982557;41,868;0;0;0
29/11/1993;0;0;0,035420594;41,891;0;0;0
30/11/1993;0,1;0;0,031032989;41,915;0;0;0
01/12/1993;0;0;0,006564123;41,915;0;0;0
02/12/1993;0;0;0,030973535;41,938;0;0;0
03/12/1993;0;0;0,00328322;41,938;0;0;0
04/12/1993;0;0;0,028222766;41,962;0;0;0
05/12/1993;0;0;0,003049775;41,962;0;0;0
06/12/1993;0;0;0,002815177;41,962;0;0;0
07/12/1993;0;0;0,026520215;41,985;0;0;0
08/12/1993;0;0;0,003050853;41,985;0;0;0
09/12/1993;0;0;0,002581491;41,985;0;0;0
10/12/1993;0;0;-0,017939358;41,938;0;0;0,02695
11/12/1993;0;0;0,027988168;41,962;0;0;0
12/12/1993;0;0;0,001876785;41,962;0;0;0
13/12/1993;0;0;0,024173405;41,985;0;0;0
14/12/1993;0;0;0,003285534;41,985;0;0;0
15/12/1993;0;0;0,011030007;41,985;0;0;0
16/12/1993;0;0;0,010560645;41,985;0;0;0
17/12/1993;0;0;0,00234681;41,985;0;0;0
18/12/1993;0;0;0,025878107;42,009;0;0;0
19/12/1993;0;0;0,002582398;42,009;0;0;0
20/12/1993;0;0;0,003756215;42,009;0;0;0
21/12/1993;0;0;0,037090737;42,032;0;0;0
22/12/1993;0;0;0,024704787;42,056;0;0;0
23/12/1993;0;0;0,028640263;42,079;0;0;0
24/12/1993;0;0;0,0150407;42,079;0;0;0
25/12/1993;0;0;0,005640263;42,079;0;0;0
26/12/1993;0;0;0,008930416;42,079;0;0;0
27/12/1993;0;0;0,005170241;42,079;0;0;0
28/12/1993;0;0;0,004230197;42,079;0;0;0
29/12/1993;0;0;0,009635449;42,079;0;0;0
30/12/1993;0;0;0,004465208;42,079;0;0;0
31/12/1993;0;0;-0,013367917;42,056;0;0;0
01/01/1994;0;0;0,011981371;42,056;0;0;0
02/01/1994;0;0;0,006343079;42,056;0;0;0
03/01/1994;0,1;0;0,003758861;42,056;0;0;0
04/01/1994;0;0;0,007517723;42,056;0;0;0
05/01/1994;0;0;0,072351766;42,126;0;0;0
06/01/1994;32,5;0;0,154904666;42,267;0;0;0
07/01/1994;0;0;0,053424276;42,315;0;0;0
08/01/1994;0;0;0,027718413;42,338;0;0;0
09/01/1994;7;0;0,073125521;42,409;0;0;0
10/01/1994;2,5;0;0,074073428;42,48;0;0;0
11/01/1994;0;0;0,173583933;42,646;0;0;0
12/01/1994;0;0;0,098797281;42,741;0;0;0
13/01/1994;0;0;0,050799933;42,788;0;0;0
14/01/1994;0;0;0,05346623;42,836;0;0;0
15/01/1994;0;0;0,035600483;42,859;0;0;0
16/01/1994;0;0;0,055851071;42,907;0;0;0
17/01/1994;0;0;0,013085119;42,907;0;0;0
18/01/1994;0;0;0,033281773;42,931;0;0;0
19/01/1994;0;0;0,005235872;42,931;0;0;0
20/01/1994;0;0;0,026571166;42,954;0;0;0
21/01/1994;1;0;0,028525049;42,978;0;0;0
22/01/1994;0;0;0,02685893;43,002;0;0;0
23/01/1994;0;0;0,027574905;43,026;0;0;0
24/01/1994;0;0;0,02757615;43,05;0;0;0
25/01/1994;0;0;0,028769865;43,074;0;0;0
26/01/1994;0;0;0,004054386;43,074;0;0;0
27/01/1994;0;0;0,029010103;43,098;0;0;0
28/01/1994;0;0;0,028966501;43,121;0;0;0
29/01/1994;0;0;0,029729834;43,145;0;0;0
30/01/1994;0;0;0,002626174;43,145;0;0;0
31/01/1994;0;0;0,002864917;43,145;0;0;0
01/02/1994;0;0;0,028060045;43,169;0;0;0
02/02/1994;0;0;0,005254176;43,169;0;0;0
03/02/1994;8;0;0,029256009;43,193;0;0;0
04/02/1994;1;0;0,027823885;43,217;0;0;0
05/02/1994;0;0;0,031889514;43,241;0;0;0
06/02/1994;0;0;0,009802123;43,241;0;0;0
07/02/1994;0,1;0;0,029022352;43,265;0;0;0
08/02/1994;0;0;0,010762183;43,265;0;0;0
09/02/1994;0;0;0,029502579;43,289;0;0;0
10/02/1994;0;0;0,005502579;43,289;0;0;0
11/02/1994;0;0;0,010526673;43,289;0;0;0
12/02/1994;0;0;0,038359564;43,313;0;0;0
13/02/1994;0,1;0;0,009094391;43,313;0;0;0
14/02/1994;0;0;0,005743826;43,313;0;0;0
15/02/1994;29,5;0;0,224603072;43,528;0;0;0
16/02/1994;21;0;0,774942042;44,301;0;0;0
17/02/1994;0;0;0,132213349;44,423;0;0;0
18/02/1994;0;0;0,105522876;44,52;0;0;0
19/02/1994;0;0;0,083481809;44,593;0;0;0
20/02/1994;0;0;0,082028571;44,666;0;0;0
21/02/1994;0;0;0,055104589;44,715;0;0;0
22/02/1994;0;0;0,057063629;44,764;0;0;0
23/02/1994;0;0;0,058047261;44,813;0;0;0
24/02/1994;0;0;0,032805766;44,837;0;0;0
25/02/1994;0;0;0,055119332;44,886;0;0;0
26/02/1994;0;0;0,052674126;44,935;0;0;0
27/02/1994;21;0;0,104622535;45,033;0;0;0
28/02/1994;20;0;0,674417103;45,699;0;0;0
01/03/1994;0;0;0,248053114;45,922;0;0;0,0181
02/03/1994;0;0;0,131711242;46,046;0;0;0
03/03/1994;0;0;0,080727111;46,121;0;0;0
04/03/1994;0;0;0,106480342;46,22;0;0;0
05/03/1994;0,1;0;0,1067415;46,32;0;0;0
06/03/1994;0;0;0,078249226;46,395;0;0;0
07/03/1994;0;0;0,081254896;46,47;0;0;0
08/03/1994;0;0;0,082263105;46,545;0;0;0
09/03/1994;0;0;0,057516181;46,596;0;0;0
10/03/1994;0;0;0,030766266;46,621;0;0;0
11/03/1994;0;0;0,052257901;46,671;0;0;0
12/03/1994;0;0;0,056025169;46,721;0;0;0
13/03/1994;0;0;0,029771541;46,746;0;0;0
14/03/1994;0;0;0,053769572;46,796;0;0;0
15/03/1994;0;0;0,031284754;46,821;0;0;0
16/03/1994;0;0;0,036310496;46,847;0;0;0
17/03/1994;0;0;0,058052682;46,897;0;0;0
18/03/1994;0;0;0,032803683;46,922;0;0;0
19/03/1994;0;0;0,036331788;46,947;0;0;0
20/03/1994;0;0;0,065615316;46,998;0;0;0
21/03/1994;0;0;0,034074664;47,023;0;0;0
22/03/1994;9;0;0,059080815;47,073;0;0;0
23/03/1994;0;0;0,034326907;47,099;0;0;0
24/03/1994;0;0;0,033329726;47,124;0;0;0
25/03/1994;0,5;0;0,032322548;47,149;0;0;0
26/03/1994;0;0;0,038387134;47,174;0;0;0
27/03/1994;0;0;0,035348886;47,2;0;0;0
28/03/1994;0;0;0,028033103;47,225;0;0;0
29/03/1994;0;0;0,032332475;47,25;0;0;0
30/03/1994;0;0;0,00960807;47,25;0;0;0
31/03/1994;0;0;0,01087229;47,25;0;0;0
01/04/1994;0;0;0,014412105;47,25;0;0;0
02/04/1994;0;0;0,034864263;47,275;0;0;0
03/04/1994;0;0;0,012899421;47,275;0;0;0
04/04/1994;0;0;0,017705087;47,275;0;0;0
05/04/1994;0;0;0,025463876;47,275;0;0;0,007
06/04/1994;0;0;0,042192994;47,301;0;0;0
07/04/1994;0;0;0,017205056;47,301;0;0;0
08/04/1994;0;0;0,017964102;47,301;0;0;0
09/04/1994;0;0;0,019988226;47,301;0;0;0
10/04/1994;0;0;0,014927916;47,301;0;0;0
11/04/1994;0;0;0,033352341;47,326;0;0;0
12/04/1994;0;0;0,013920569;47,326;0;0;0
13/04/1994;0;0;0,009364746;47,326;0;0;0
14/04/1994;23;0;0,056318726;47,377;0;0;0
15/04/1994;9,5;0;0,026013434;47,402;0;0;0
16/04/1994;0;0;0,037418752;47,427;0;0;0
17/04/1994;0;0;0,011151532;47,427;0;0;0
18/04/1994;1,5;0;0,036394724;47,453;0;0;0
19/04/1994;1,5;0;0,028804234;47,478;0;0;0
20/04/1994;0,1;0;0,011412702;47,478;0;0;0
21/04/1994;0;0;0,007354852;47,478;0;0;0
22/04/1994;0,5;0;0,031342539;47,503;0;0;0
23/04/1994;8;0;0,007864748;47,503;0;0;0
24/04/1994;0;0;0,010909167;47,503;0;0;0
25/04/1994;0;0;0,045034028;47,529;0;0;0
26/04/1994;0;0;0,014465861;47,529;0;0;0
27/04/1994;0;0;0,014719648;47,529;0;0;0
28/04/1994;0;0;0,038963028;47,554;0;0;0
29/04/1994;0;0;0,014978521;47,554;0;0;0
30/04/1994;0;0;0,01650176;47,554;0;0;0
01/05/1994;0;0;0,039967742;47,58;0;0;0
02/05/1994;0;0;0,017269208;47,58;0;0;0
03/05/1994;0;0;0,014983578;47,58;0;0;0
04/05/1994;0;0;0,014983578;47,58;0;0;0
05/05/1994;0;0;0,037702238;47,605;0;0;0
06/05/1994;0,1;0;0,013464372;47,605;0;0;0
07/05/1994;0;0;0,016512909;47,605;0;0;0
08/05/1994;0;0;0,024642341;47,605;0;0;0
09/05/1994;0;0;-0,003667449;47,58;0;0;0
10/05/1994;0;0;0,015491496;47,58;0;0;0
11/05/1994;0;0;-0,010767606;47,554;0;0;0
12/05/1994;0;0;0,01574014;47,554;0;0;0
13/05/1994;8;0;0,003300352;47,554;0;0;0
14/05/1994;0;0;0,037428152;47,58;0;0;0
15/05/1994;6,5;0;0,010412317;47,58;0;0;0
16/05/1994;3,5;0;0,033891566;47,605;0;0;0
17/05/1994;1,5;0;0,006605164;47,605;0;0;0
18/05/1994;0;0;0,012448193;47,605;0;0;0
19/05/1994;0;0;0,014734596;47,605;0;0;0
20/05/1994;0;0;0,01549673;47,605;0;0;0
21/05/1994;0;0;0,013464372;47,605;0;0;0
22/05/1994;0;0;0,015242685;47,605;0;0;0
23/05/1994;1;0;0,005843029;47,605;0;0;0
24/05/1994;0;0;0,019053357;47,605;0;0;0
25/05/1994;0;0;-0,006714956;47,58;0;0;0
26/05/1994;0;0;0,019554839;47,58;0;0;0
27/05/1994;0;0;0,019554839;47,58;0;0;0
28/05/1994;0;0;0,015999413;47,58;0;0;0
29/05/1994;0;0;0,017015249;47,58;0;0;0
30/05/1994;0;0;0,013459824;47,58;0;0;0
31/05/1994;0;0;-0,011275353;47,554;0;0;0
01/06/1994;0,1;0;0,014978521;47,554;0;0;0
02/06/1994;0;0;0,025895069;47,554;0;0;0
03/06/1994;0;0;0,001393852;47,529;0;0;0
04/06/1994;0;0;0,020302963;47,529;0;0;0
05/06/1994;0;0;-0,009255697;47,503;0;0;0
06/06/1994;0;0;-0,008261371;47,478;0;0;0
07/06/1994;0;0;0,032499476;47,478;0;0;0,015
08/06/1994;0;0;-0,012069978;47,453;0;0;0
09/06/1994;0;0;0,01597238;47,453;0;0;0
10/06/1994;0;0;0,018000619;47,453;0;0;0
11/06/1994;0;0;-0,007752039;47,427;0;0;0
12/06/1994;0;0;0,01622041;47,427;0;0;0
13/06/1994;0;0;-0,008785063;47,402;0;0;0
14/06/1994;0;0;0,017735088;47,402;0;0;0
15/06/1994;0;0;0,019761955;47,402;0;0;0
16/06/1994;0,1;0;-0,007524187;47,377;0;0;0
17/06/1994;0;0;-0,00549186;47,351;0;0;0
18/06/1994;0;0;0,024812318;47,351;0;0;0
19/06/1994;0;0;-0,001461584;47,326;0;0;0
20/06/1994;0;0;0,024044619;47,326;0;0;0
21/06/1994;0;0;-0,00804796;47,301;0;0;0
22/06/1994;0;0;-0,006777334;47,275;0;0;0
23/06/1994;0;0;-0,007048079;47,25;0;0;0
24/06/1994;0;0;-0,00376828;47,225;0;0;0
25/06/1994;0;0;0,000772606;47,2;0;0;0
26/06/1994;0;0;-0,00326713;47,174;0;0;0
27/06/1994;0;0;-0,00353736;47,149;0;0;0
28/06/1994;0;0;-0,005563972;47,124;0;0;0
29/06/1994;0;0;-0,007336865;47,099;0;0;0
30/06/1994;0;0;0,019177118;47,099;0;0;0
01/07/1994;0;0;-0,003297963;47,073;0;0;0
02/07/1994;0;0;0,021945302;47,073;0;0;0
03/07/1994;0;0;0,02547673;47,073;0;0;0
04/07/1994;0;0;0,002737534;47,048;0;0;0
05/07/1994;0;0;0,009786211;47,023;0;0;0
06/07/1994;0;0;0,032265471;47,023;0;0;0
07/07/1994;0;0;-0,007864801;46,998;0;0;0
08/07/1994;0;0;0,017891163;46,998;0;0;0
09/07/1994;0;0;-0,01063393;46,972;0;0;0
10/07/1994;0;0;0,013854653;46,972;0;0;0
11/07/1994;0;0;-0,007120957;46,947;0;0;0
12/07/1994;0;0;0,017123591;46,947;0;0;0
13/07/1994;0;0;-0,008385706;46,922;0;0;0
14/07/1994;0;0;0,011076196;46,922;0;0;0
15/07/1994;0;0;-0,006378174;46,897;0;0;0
16/07/1994;0;0;0,018873472;46,897;0;0;0
17/07/1994;0;0;-0,002862627;46,872;0;0;0
18/07/1994;0;0;0,0238983;46,872;0;0;0
19/07/1994;0;0;-0,004379008;46,847;0;0;0
20/07/1994;0;0;-0,00865408;46,821;0;0;0
21/07/1994;0;0;0,01583758;46,821;0;0;0
22/07/1994;0;0;-0,007408665;46,796;0;0;0
23/07/1994;0;0;0,016334811;46,796;0;0;0
24/07/1994;0;0;-0,008419515;46,771;0;0;0
25/07/1994;0;0;0,01884146;46,771;0;0;0
26/07/1994;0;0;0,001418165;46,721;0;0;0,0351
27/07/1994;0;0;0,103429214;46,721;0;0;0,08686
28/07/1994;0;0;-0,080946253;46,621;0;0;0
29/07/1994;0;0;-0,034715121;46,57;0;0;0
30/07/1994;0;0;-0,008219723;46,545;0;0;0
31/07/1994;0;0;0,003541746;46,52;0;0;0
01/08/1994;0;0;-0,028733353;46,47;0;0;0
02/08/1994;0;0;0,008234958;46,22;0;0;0,23729
03/08/1994;0;0;0,005523736;46,046;0;0;0,16634
04/08/1994;0;0;0,015173734;46,046;0;0;0
05/08/1994;0;0;-0,006101467;46,021;0;0;0
06/08/1994;0;0;-0,008842311;45,996;0;0;0
07/08/1994;0;0;0,018643487;45,996;0;0;0
08/08/1994;0;0;0,000849485;45,972;0;0;0
09/08/1994;0;0;0,006188112;45,748;0;0;0,20814
10/08/1994;0;0;0,008331744;45,526;0;0;0,21255
11/08/1994;0;0;0,005198413;45,353;0;0;0,15701
12/08/1994;0;0;-0,005542891;45,328;0;0;0
13/08/1994;0;0;0,012560919;45,328;0;0;0
14/08/1994;2;0;-0,015628935;45,304;0;0;0
15/08/1994;0;0;0,012064182;45,304;0;0;0
16/08/1994;0;0;0,009470352;45,058;0;0;0,24173
17/08/1994;0;0;0,006291677;44,862;0;0;0,18394
18/08/1994;0;0;0,006459575;44,691;0;0;0,16379
19/08/1994;0;0;0,015378272;44,691;0;0;0
20/08/1994;0;0;-0,003038611;44,666;0;0;0
21/08/1994;0;0;-0,010583775;44,642;0;0;0
22/08/1994;0;0;-0,034861746;44,593;0;0;0
23/08/1994;0;0;0,009063517;44,35;0;0;0,2285
24/08/1994;0;0;-0,078628418;44,01;0;0;0,22245
25/08/1994;0;0;0,1019324;43,962;0;0;0,1236
26/08/1994;0;0;0,001247476;43,914;0;0;0,0309
27/08/1994;0;0;0,000361032;43,865;0;0;0,03368
28/08/1994;0;0;0,001378004;43,817;0;0;0,03419
29/08/1994;0;0;0,001240228;43,769;0;0;0,03069
30/08/1994;0;0;0,009206144;43,528;0;0;0,231
31/08/1994;0;0;0,010199405;43,289;0;0;0,23006
01/09/1994;0;0;0,007838738;43,05;0;0;0,21966
02/09/1994;0;0;0,001503966;43,002;0;0;0,03783
03/09/1994;0;0;0,001259674;42,954;0;0;0,03188
04/09/1994;0;0;0,001079476;42,931;0;0;0,00266
05/09/1994;0;0;-0,000716212;42,907;0;0;0,00663
06/09/1994;0;0;0,012384897;42,622;0;0;0,28317
07/09/1994;0;0;0,008958646;42,385;0;0;0,22235
08/09/1994;0;0;-0,013303637;42,126;0;0;0,21724
09/09/1994;0;0;0,000926127;42,079;0;0;0,02372
10/09/1994;0;0;0,001350428;42,032;0;0;0,03379
11/09/1994;0;0;0,001438093;41,985;0;0;0,036
12/09/1994;0;0;0,000993511;41,938;0;0;0,02548
13/09/1994;0;0;0,01015528;41,704;0;0;0,22546
14/09/1994;0;0;0,015894564;41,331;0;0;0,36496
15/09/1994;0;0;0,002080064;41,285;0;0;0,02811
16/09/1994;0;0;-0,000559355;41,261;0;0;0,01137
17/09/1994;0;0;-0,022439491;41,215;0;0;0,01405
18/09/1994;0;0;0,003465863;41,146;0;0;0,06088
19/09/1994;0;0;0,001457673;41,099;0;0;0,03688
20/09/1994;0;0;0,00124724;41,053;0;0;0,03105
21/09/1994;0;0;0,002523911;41,007;0;0;0,03835
22/09/1994;5;0;0,000472011;40,96;0;0;0,03615
23/09/1994;3;0;0,00182436;40,914;0;0;0,04413
24/09/1994;0;0;0,002465956;40,868;0;0;0,03716
25/09/1994;0;0;0,000486714;40,845;0;0;0,01403
26/09/1994;0;0;0,001463912;40,799;0;0;0,03617
27/09/1994;0;0;0,001533941;40,753;0;0;0,03763
28/09/1994;0;0;0,002586107;40,707;0;0;0,03984
29/09/1994;19,5;0;0,041517875;40,707;0;0;0,03024
30/09/1994;0;0;0,016443157;40,684;0;0;0,03024
01/10/1994;0;0;0,014599903;40,661;0;0;0,03024
02/10/1994;3;0;0,01367763;40,638;0;0;0,03024
03/10/1994;0;0;-0,00656992;40,592;0;0;0,03024
04/10/1994;0;0;-0,004969339;40,546;0;0;0,03024
05/10/1994;0;0;-0,005894725;40,5;0;0;0,03024
06/10/1994;3;0;-0,014155169;40,454;0;0;0,03024
07/10/1994;0;0;-0,006596066;40,408;0;0;0,03024
08/10/1994;1,5;0;0,011820334;40,385;0;0;0,03024
09/10/1994;0;0;0,01090296;40,362;0;0;0,03024
10/10/1994;18,5;0;0,036421246;40,362;0;0;0,03024
11/10/1994;0;0;0,013876749;40,339;0;0;0,03024
12/10/1994;0;0;0,01364562;40,316;0;0;0,03024
13/10/1994;0;0;0,011670356;40,294;0;0;0,03024
14/10/1994;0;0;-0,012332088;40,248;0;0;0,03024
15/10/1994;0;0;0,013179586;40,225;0;0;0,03024
16/10/1994;0,1;0;0,012720739;40,202;0;0;0,03024
17/10/1994;0;0;0,018882419;40,179;0;0;0,03024
18/10/1994;0;0;0,011206618;40,157;0;0;0,03024
19/10/1994;13;0;0,034804027;40,157;0;0;0,03024
20/10/1994;0;0;-0,007094538;40,111;0;0;0,03024
21/10/1994;0;0;-0,001859604;40,065;0;0;0,03024
22/10/1994;0;0;-0,004740648;40,02;0;0;0,03024
23/10/1994;0;0;-0,000514155;39,974;0;0;0,03024
24/10/1994;0;0;-0,005437129;39,929;0;0;0,03024
25/10/1994;0;0;-0,011215516;39,883;0;0;0,03024
26/10/1994;0,1;0;0,013827153;39,86;0;0;0,03024
27/10/1994;5;0;0,010283558;39,838;0;0;0,03024
28/10/1994;0,5;0;-0,012810309;39,792;0;0;0,03024
29/10/1994;0;0;0,014137276;39,77;0;0;0,03024
30/10/1994;0;0;0,012454941;39,747;0;0;0,03024
31/10/1994;0;0;0,034547995;39,747;0;0;0,03024
01/11/1994;0;0;0,012906389;39,724;0;0;0,03024
02/11/1994;0;0;-0,010909615;39,679;0;0;0,03024
03/11/1994;45,5;0;0,107536199;39,747;0;0;0,03024
04/11/1994;7,5;0;0,008826589;39,724;0;0;0,03024
05/11/1994;0;0;0,013904359;39,702;0;0;0,03024
06/11/1994;0;0;0,009504932;39,679;0;0;0,03024
07/11/1994;0;0;0,011089002;39,656;0;0;0,03024
08/11/1994;0;0;0,012313956;39,634;0;0;0,03024
09/11/1994;6,5;0;0,054504119;39,656;0;0;0,03024
10/11/1994;0;0;0,044503949;39,656;0;0;0,03024
11/11/1994;0;0;0,001077469;39,611;0;0;0,03024
12/11/1994;0;0;-0,001873029;39,566;0;0;0,03024
13/11/1994;0;0;-0,00843409;39,521;0;0;0,03024
14/11/1994;0;0;0,012208565;39,498;0;0;0,03024
15/11/1994;0;0;0,011077968;39,475;0;0;0,03024
16/11/1994;0;0;0,017492962;39,453;0;0;0,03024
17/11/1994;0;0;0,020324856;39,43;0;0;0,03024
18/11/1994;0;0;0,012524876;39,408;0;0;0,03024
19/11/1994;0;0;0,012875967;39,385;0;0;0,03024
20/11/1994;0;0;0,012972511;39,363;0;0;0,03024
21/11/1994;0;0;0,009492769;39,34;0;0;0,03024
22/11/1994;0;0;0,010942347;39,318;0;0;0,03024
23/11/1994;0;0;0,033392738;39,318;0;0;0,03024
24/11/1994;0;0;0,011742297;39,295;0;0;0,03024
25/11/1994;0;0;0,011390474;39,273;0;0;0,03024
26/11/1994;0;0;0,011289151;39,25;0;0;0,03024
27/11/1994;0;0;0,011837949;39,228;0;0;0,03024
28/11/1994;0;0;0,009487911;39,205;0;0;0,03024
29/11/1994;0;0;0,032937494;39,205;0;0;0,03024
30/11/1994;0;0;0,013633039;39,183;0;0;0,03024
01/12/1994;0;0;0,010609439;39,16;0;0;0,03024
02/12/1994;0;0;0,010710033;39,138;0;0;0,03024
03/12/1994;0;0;-0,012067357;39,093;0;0;0,03024
04/12/1994;0;0;0,0112775;39,07;0;0;0,03024
05/12/1994;0;0;0,014294075;39,048;0;0;0,03024
06/12/1994;0;0;-0,010502798;39,003;0;0;0,03024
07/12/1994;0;0;0,011375756;38,981;0;0;0,03024
08/12/1994;0;0;-0,00759773;38,936;0;0;0,03024
09/12/1994;0;0;0,017308318;38,913;0;0;0,03024
10/12/1994;0;0;0,013160511;38,891;0;0;0,03024
11/12/1994;0;0;-0,011854521;38,846;0;0;0,03024
12/12/1994;0;0;0,01159126;38,824;0;0;0,03024
13/12/1994;0;0;0,011590056;38,802;0;0;0,03024
14/12/1994;0;0;0,013937686;38,779;0;0;0,03024
15/12/1994;0;0;-0,006620968;38,735;0;0;0,03024
16/12/1994;0;0;0,009247127;38,712;0;0;0,03024
17/12/1994;0;0;0,011361074;38,69;0;0;0,03024
18/12/1994;0;0;-0,00574019;38,646;0;0;0,03024
19/12/1994;0;0;-0,006968603;38,601;0;0;0,03024
20/12/1994;0;0;-0,006974244;38,556;0;0;0,03024
21/12/1994;0;0;0,014466356;38,534;0;0;0,03024
22/12/1994;0;0;-0,002649561;38,49;0;0;0,03024
23/12/1994;0;0;0,01068341;38,468;0;0;0,03024
24/12/1994;0;0;0,010570718;38,445;0;0;0,03024
25/12/1994;0;0;-0,009544146;38,401;0;0;0,03024
26/12/1994;0;0;0,01334155;38,379;0;0;0,03024
27/12/1994;0;0;0,013117973;38,357;0;0;0,03024
28/12/1994;0;0;0,012116209;38,334;0;0;0,03024
29/12/1994;0;0;0,016437919;38,312;0;0;0,03024
30/12/1994;0;0;0,014884545;38,29;0;0;0,03024
31/12/1994;0;0;0,01355371;38,268;0;0;0,03024
01/01/1995;7,5;0;0,017092968;38,246;0;0;0,03024
02/01/1995;0;0;-0,01066371;38,202;0;0;0,03024
03/01/1995;0;0;0,009450835;38,179;0;0;0,03024
04/01/1995;0;0;-0,002713858;38,135;0;0;0,03024
05/01/1995;0;0;-0,004708752;38,091;0;0;0,03024
06/01/1995;0;0;0,018170687;38,069;0;0;0,03024
07/01/1995;0;0;-0,006041752;38,025;0;0;0,03024
08/01/1995;0;0;-0,006928799;37,981;0;0;0,03024
09/01/1995;0;0;0,01594984;37,959;0;0;0,03024
10/01/1995;0;0;-0,002313719;37,915;0;0;0,03024
11/01/1995;0;0;0,028043664;37,893;0;0;0,03024
12/01/1995;0;0;-0,000787056;37,849;0;0;0,03024
13/01/1995;0;0;0,014394416;37,827;0;0;0,03024
14/01/1995;0;0;0,011316082;37,805;0;0;0,03024
15/01/1995;0;0;0,012413164;37,783;0;0;0,03024
16/01/1995;0;0;0,011533402;37,761;0;0;0,03024
17/01/1995;3,5;0;0,00867896;37,739;0;0;0,03024
18/01/1995;0;0;0,011311602;37,717;0;0;0,03024
19/01/1995;0,1;0;0,014161642;37,695;0;0;0,03024
20/01/1995;0;0;0,010432401;37,673;0;0;0,03024
21/01/1995;0;0;0,012184883;37,651;0;0;0,03024
22/01/1995;0;0;0,035719004;37,651;0;0;0,03024
23/01/1995;0;0;0,021165731;37,629;0;0;0,03024
24/01/1995;0;0;0,009630109;37,454;0;0;0,17764
25/01/1995;0;0;0,006757203;37,323;0;0;0,13318
26/01/1995;0;0;0,014122824;37,301;0;0;0,03024
27/01/1995;0;0;-0,006446031;37,258;0;0;0,03024
28/01/1995;0;0;0,020645639;37,236;0;0;0,03024
29/01/1995;0;0;0,018247927;37,214;0;0;0,03024
30/01/1995;1;0;0,013677092;37,192;0;0;0,03024
31/01/1995;0;0;0,00573297;37,084;0;0;0,10874
01/02/1995;0;0;0,013448137;37,062;0;0;0,03024
02/02/1995;0;0;0,015181639;37,04;0;0;0,03024
03/02/1995;0;0;0,017697021;37,019;0;0;0,03024
04/02/1995;0;0;0,013442405;36,997;0;0;0,03024
05/02/1995;0;0;0,013657185;36,975;0;0;0,03024
06/02/1995;0;0;0,015521629;36,954;0;0;0,03024
07/02/1995;0;0;0,007297027;36,802;0;0;0,14655
08/02/1995;0;0;0,007678378;36,651;0;0;0,15286
09/02/1995;4,5;0;0,011178748;36,63;0;0;0,03024
10/02/1995;2;0;0,009316684;36,608;0;0;0,03024
11/02/1995;0;0;0,014912982;36,586;0;0;0,03024
12/02/1995;0;0;-0,008888218;36,543;0;0;0,03024
13/02/1995;1;0;0,033251386;36,543;0;0;0,03024
14/02/1995;0;0;0,007669452;36,415;0;0;0,12966
15/02/1995;0;0;0,00637573;36,286;0;0;0,12424
16/02/1995;0;0;0,016374628;36,264;0;0;0,03024
17/02/1995;0;0;0,018013592;36,243;0;0;0,03024
18/02/1995;0;0;-0,003992898;36,2;0;0;0,03024
19/02/1995;0;0;0,015652595;36,179;0;0;0,03024
20/02/1995;0;0;0,006661809;36,051;0;0;0,12869
21/02/1995;0;0;0,006522201;35,923;0;0;0,12601
22/02/1995;0;0;0,015433305;35,817;0;0;0,11145
23/02/1995;0;0;-0,002996356;35,774;0;0;0,03024
24/02/1995;0;0;0,02451654;35,753;0;0;0,03024
25/02/1995;0;0;0,006533517;35,71;0;0;0,03024
26/02/1995;0;0;-0,00349749;35,668;0;0;0,03024
27/02/1995;0;0;-0,022967227;35,604;0;0;0,03024
28/02/1995;0;0;0,00946373;35,435;0;0;0,16918
01/03/1995;0;0;0,010335769;35,246;0;0;0,18777
02/03/1995;0;0;0,009146154;35,078;0;0;0,16247
03/03/1995;0;0;0,022862781;35,057;0;0;0,03024
04/03/1995;0;0;-0,002335906;35,015;0;0;0,03024
05/03/1995;0;0;0,016357761;34,994;0;0;0,03024
06/03/1995;0,1;0;-0,004647558;34,952;0;0;0,03024
07/03/1995;0,5;0;0,009875636;34,785;0;0;0,17479
08/03/1995;0;0;0,011352457;34,577;0;0;0,20834
09/03/1995;0;0;0,01671735;34,556;0;0;0,03024
10/03/1995;18;0;0,048964443;34,39;0;0;0,20606
11/03/1995;26,5;0;0,076420904;34,431;0;0;0,03024
12/03/1995;0;0;-0,007238037;34,39;0;0;0,0261
13/03/1995;0;0;0,005721007;34,369;0;0;0,0261
14/03/1995;0;0;0,012100807;34,349;0;0;0,0261
15/03/1995;0;0;0,033342353;34,349;0;0;0,0261
16/03/1995;0;0;0,033963126;34,349;0;0;0,0261
17/03/1995;0;0;-0,008249567;34,307;0;0;0,0261
18/03/1995;0;0;-0,0068421;34,266;0;0;0,0261
19/03/1995;0;0;0,015633284;34,245;0;0;0,0261
20/03/1995;0;0;-0,004168292;34,204;0;0;0,0261
21/03/1995;0;0;0,010876444;34,183;0;0;0,0261
22/03/1995;0;0;-0,006860311;34,142;0;0;0,0261
23/03/1995;0;0;0,013548798;34,121;0;0;0,0261
24/03/1995;0;0;-0,006663495;34,08;0;0;0,0261
25/03/1995;0;0;0,013098384;34,06;0;0;0,0261
26/03/1995;0;0;-0,009112585;34,018;0;0;0,0261
27/03/1995;0;0;0,011384005;33,834;0;0;0,18493
28/03/1995;0;0;0,011213355;33,629;0;0;0,20294
29/03/1995;0;0;0,012381063;33,405;0;0;0,22601
30/03/1995;0;0;0,007945879;33,384;0;0;0,0261
31/03/1995;0;0;-0,004962614;33,344;0;0;0,0261
01/04/1995;0;0;0,015033996;33,324;0;0;0,0261
02/04/1995;0;0;-0,006378591;33,283;0;0;0,0261
03/04/1995;0;0;0,012392103;33,06;0;0;0,22529
04/04/1995;0;0;0,012654651;32,838;0;0;0,22882
05/04/1995;0;0;0,009398999;32,678;0;0;0,15937
06/04/1995;0;0;-0,003678259;32,638;0;0;0,0261
07/04/1995;0;0;0,014917124;32,617;0;0;0,0261
08/04/1995;0;0;-0,003690006;32,577;0;0;0,0261
09/04/1995;0;0;-0,002297535;32,537;0;0;0,0261
10/04/1995;0;0;-0,003505767;32,497;0;0;0,0261
11/04/1995;2;0;-0,01290132;32,457;0;0;0,0261
12/04/1995;0;0;-0,007912531;32,417;0;0;0,0261
13/04/1995;0;0;-0,005720544;32,378;0;0;0,0261
14/04/1995;0;0;-0,006526793;32,338;0;0;0,0261
15/04/1995;0;0;-0,003943858;32,298;0;0;0,0261
16/04/1995;0;0;-0,003752556;32,258;0;0;0,0261
17/04/1995;0;0;-0,004356804;32,218;0;0;0,0261
18/04/1995;0;0;-0,00654945;32,178;0;0;0,0261
19/04/1995;0;0;0,005362942;32,139;0;0;0,0261
20/04/1995;0;0;0,00177026;32,099;0;0;0,0261
21/04/1995;0;0;-0,002404126;32,059;0;0;0,0261
22/04/1995;0,1;0;-0,00339351;32,02;0;0;0,0261
23/04/1995;1;0;-0,00261975;31,98;0;0;0,0261
24/04/1995;0;0;-0,003210411;31,941;0;0;0,0261
25/04/1995;0;0;-0,002637152;31,901;0;0;0,0261
26/04/1995;0;0;0,001315762;31,862;0;0;0,0261
27/04/1995;1,5;0;-0,012124402;31,822;0;0;0,0261
28/04/1995;9,5;0;-0,006788779;31,783;0;0;0,0261
29/04/1995;0;0;-0,001490022;31,743;0;0;0,0261
30/04/1995;0;0;0,001468694;31,704;0;0;0,0261
01/05/1995;0;0;-0,000525826;31,664;0;0;0,0261
02/05/1995;0;0;-0,004449341;31,625;0;0;0,0261
03/05/1995;0;0;-0,005045017;31,586;0;0;0,0261
04/05/1995;0;0;-0,001911549;31,547;0;0;0,0261
05/05/1995;0;0;-0,008213957;31,507;0;0;0,0261
06/05/1995;1,5;0;-0,010157145;31,468;0;0;0,0261
07/05/1995;0,5;0;0,009429317;31,448;0;0;0,0261
08/05/1995;0;0;-0,008986196;31,409;0;0;0,0261
09/05/1995;0;0;-0,00019001;31,37;0;0;0,0261
10/05/1995;0;0;0,003707852;31,331;0;0;0,0261
11/05/1995;0;0;-0,000795448;31,292;0;0;0,0261
12/05/1995;0;0;-0,016519402;31,233;0;0;0,0261
13/05/1995;0;0;-0,001013829;31,194;0;0;0,0261
14/05/1995;0;0;0,000366337;31,156;0;0;0,0261
15/05/1995;0;0;0,001107744;31,117;0;0;0,0261
16/05/1995;0;0;0,005762451;31,078;0;0;0,0261
17/05/1995;0;0;0,011963881;31,039;0;0;0,0261
18/05/1995;0;0;0,00864486;31;0;0;0,0261
19/05/1995;0;0;0,003973329;30,961;0;0;0,0261
20/05/1995;0;0;-0,000303336;30,922;0;0;0,0261
21/05/1995;0;0;0,001848696;30,884;0;0;0,0261
22/05/1995;0;0;0,013301502;30,652;0;0;0,23393
23/05/1995;0;0;0,032299969;30,421;0;0;0,25179
24/05/1995;0;0;0,014319595;30,172;0;0;0,25225
25/05/1995;0;0;0,010793862;30,134;0;0;0,0261
26/05/1995;0;0;0,013459373;30,096;0;0;0,0345
27/05/1995;0;0;0,009828309;30,058;0;0;0,0345
28/05/1995;0;0;-0,007475822;30,001;0;0;0,0345
29/05/1995;0;0;0,009041936;29,963;0;0;0,0345
30/05/1995;0;0;-0,014148591;29,906;0;0;0,0345
31/05/1995;0;0;0,012430999;29,868;0;0;0,0345
01/06/1995;0;0;0,007301781;29,83;0;0;0,0345
02/06/1995;0;0;0,010701644;29,792;0;0;0,0345
03/06/1995;0;0;0,008419942;29,754;0;0;0,0345
04/06/1995;0;0;0,005385622;29,716;0;0;0,0345
05/06/1995;0;0;0,014328903;29,471;0;0;0,24842
06/06/1995;0,1;0;0,013694131;29,246;0;0;0,23364
07/06/1995;0;0;0,014656686;29,003;0;0;0,25207
08/06/1995;0;0;0,012758107;28,966;0;0;0,0345
09/06/1995;0;0;0,010142976;28,929;0;0;0,0345
10/06/1995;0;0;-0,009429284;28,873;0;0;0,0345
11/06/1995;0;0;0,012901067;28,836;0;0;0,0345
12/06/1995;0;0;0,013074161;28,799;0;0;0,0345
13/06/1995;0;0;0,01374696;28,762;0;0;0,035
14/06/1995;0;0;-0,006567195;28,706;0;0;0,035
15/06/1995;0;0;0,009647937;28,669;0;0;0,035
16/06/1995;0;0;0,005759072;28,632;0;0;0,035
17/06/1995;0;0;0,00870632;28,595;0;0;0,035
18/06/1995;0;0;-0,005803527;28,54;0;0;0,035
19/06/1995;0;0;0,013132526;28,301;0;0;0,23801
20/06/1995;0;0;0,014204055;28,063;0;0;0,23925
21/06/1995;0;0;0,013153672;27,826;0;0;0,23636
22/06/1995;0;0;0,012782518;27,79;0;0;0,035
23/06/1995;0;0;0,012771346;27,754;0;0;0,035
24/06/1995;0;0;0,00741487;27,717;0;0;0,035
25/06/1995;7,5;0;-0,013936613;27,663;0;0;0,035
26/06/1995;4,5;0;8,41328E-05;27,627;0;0;0,035
27/06/1995;0;0;0,012901757;27,591;0;0;0,035
28/06/1995;0;0;0,01577678;27,555;0;0;0,035
29/06/1995;0;0;-0,00602732;27,501;0;0;0,035
30/06/1995;0;0;-0,019159785;27,429;0;0;0,03773
01/07/1995;0;0;-0,017983116;27,357;0;0;0,03947
02/07/1995;0;0;-0,011451535;27,285;0;0;0,04226
03/07/1995;0;0;0,017273577;27,249;0;0;0,035
04/07/1995;0;0;0,001519706;27,231;0;0;0
05/07/1995;0;0;0,002151142;27,177;0;0;0,0422
06/07/1995;0;0;0,01359342;27,177;0;0;0
07/07/1995;0;0;0,00239933;27,142;0;0;0,02757
08/07/1995;0;0;0,003438012;27,07;0;0;0,06616
09/07/1995;0;0;-0,003885388;27,034;0;0;0,02017
10/07/1995;0;0;0,002043752;26,999;0;0;0,02119
11/07/1995;0;0;0,002131011;26,945;0;0;0,04172
12/07/1995;0;0;0,002998926;26,874;0;0;0,05748
13/07/1995;0;0;0,002864891;26,821;0;0;0,03706
14/07/1995;0;0;0,002342659;26,75;0;0;0,04589
15/07/1995;0;0;0,002916025;26,679;0;0;0,05588
16/07/1995;0;0;0,003872572;26,609;0;0;0,05516
17/07/1995;0;0;0,00302818;26,538;0;0;0,05799
18/07/1995;0;0;0,005858911;26,432;0;0;0,09797
19/07/1995;0;0;0,008075523;26,292;0;0;0,13248
20/07/1995;0;0;0,008103945;26,135;0;0;0,15009
21/07/1995;0;0;0,006001316;26,012;0;0;0,11229
22/07/1995;0;0;0,004287009;25,925;0;0;0,076
23/07/1995;0;0;0,004369125;25,856;0;0;0,06279
24/07/1995;0;0;0,003279842;25,787;0;0;0,06016
25/07/1995;0;0;0,005002846;25,683;0;0;0,09225
26/07/1995;0;0;0,003052874;25,614;0;0;0,05619
27/07/1995;0;0;0,006087335;25,511;0;0;0,09378
28/07/1995;0;0;0,004284414;25,425;0;0;0,07827
29/07/1995;0;0;0,005275559;25,322;0;0;0,09612
30/07/1995;0;0;0,004294338;25,219;0;0;0,09534
31/07/1995;0;0;0,006313676;25,117;0;0;0,09673
01/08/1995;0;0;0,003363958;25,049;0;0;0,06065
02/08/1995;0;0;0,005315216;24,947;0;0;0,09578
03/08/1995;0;0;-0,006964482;24,744;0;0;0,18017
04/08/1995;0;0;0,026884184;24,558;0;0;0,19474
05/08/1995;0;0;0,010828947;24,374;0;0;0,1761
06/08/1995;0;0;0,00974544;24,207;0;0;0,15693
07/08/1995;0;0;0,004971002;24,107;0;0;0,08886
08/08/1995;0;0;0,006370371;23,991;0;0;0,1126
09/08/1995;0;0;0,004301092;23,908;0;0;0,07656
10/08/1995;0;0;0,006283341;23,809;0;0;0,09424
11/08/1995;0;0;0,006227143;23,711;0;0;0,09239
12/08/1995;0;0;0,005172752;23,612;0;0;0,09171
13/08/1995;0;0;0,006187261;23,514;0;0;0,09192
14/08/1995;0;0;0,005121482;23,416;0;0;0,09007
15/08/1995;0;0;0,006142493;23,318;0;0;0,09145
16/08/1995;0;0;0,011281738;23,156;0;0;0,16275
17/08/1995;0;0;0,009886059;22,978;0;0;0,17176
18/08/1995;0;0;0,009714507;22,817;0;0;0,15241
19/08/1995;0;0;0,007160818;22,688;0;0;0,12432
20/08/1995;0;0;0,009275254;22,561;0;0;0,12607
21/08/1995;0;0;0,005273139;22,481;0;0;0,07509
22/08/1995;0;0;0,005282242;22,402;0;0;0,07428
23/08/1995;1,5;0;0,008375276;22,306;0;0;0,102
24/08/1995;0;0;0,008275768;22,196;0;0;0,10833
25/08/1995;0;0;0,005179397;22,101;0;0;0,089
26/08/1995;0;0;0,007311537;21,991;0;0;0,10805
27/08/1995;0;0;0,007299678;21,881;0;0;0,10791
28/08/1995;0;0;0,006193671;21,787;0;0;0,08958
29/08/1995;0;0;0,007319008;21,694;0;0;0,09129
30/08/1995;0;0;0,013260859;21,508;0;0;0,18966
31/08/1995;0;0;-0,060261673;21,307;0;0;0,13304
01/09/1995;0;0;0,011324041;21,153;0;0;0,15674
02/09/1995;0;0;0,009206592;21,015;0;0;0,13713
03/09/1995;0;0;0,01337846;20,848;0;0;0,17263
04/09/1995;0;0;0,008562466;20,742;0;0;0,10911
05/09/1995;0;0;0,006364714;20,651;0;0;0,08951
06/09/1995;0;0;0,005282187;20,575;0;0;0,07239
07/09/1995;0;0;0,00170926;20,47;0;0;0,101
08/09/1995;0;0;0,007719386;20,35;0;0;0,11215
09/09/1995;0;0;0,00728567;20,245;0;0;0,10363
10/09/1995;0;0;0,006110829;20,171;0;0;0,06939
11/09/1995;0;0;0,007164913;20,067;0;0;0,10122
12/09/1995;0;0;0,008060961;19,963;0;0;0,09978
13/09/1995;0;0;0,005845774;19,874;0;0;0,08127
14/09/1995;0;0;0,009160962;19,756;0;0;0,11731
15/09/1995;0;0;0,01677149;19,551;0;0;0,2076
16/09/1995;0;0;0,015993595;19,362;0;0;0,19352
17/09/1995;0;0;0,016275628;19,159;0;0;0,21105
18/09/1995;0;0;0,007136093;19,073;0;0;0,08335
19/09/1995;0;0;0,009136854;18,958;0;0;0,11453
20/09/1995;0;0;0,010129984;18,829;0;0;0,12942
21/09/1995;0;0;0,0103025;18,715;0;0;0,11662
22/09/1995;0;0;0,00933895;18,601;0;0;0,11611
23/09/1995;0;0;0,008508865;18,502;0;0;0,10214
24/09/1995;0;0;0,008417285;18,403;0;0;0,10108
25/09/1995;0;0;0,007380972;18,319;0;0;0,08464
26/09/1995;0;0;0,007461875;18,235;0;0;0,08572
27/09/1995;0;0;0,008360327;18,137;0;0;0,09966
28/09/1995;0;0;0,007293295;18,039;0;0;0,09778
29/09/1995;0;0;0,009210858;17,942;0;0;0,09789
30/09/1995;0;0;0,007401442;17,859;0;0;0,08404
01/10/1995;0;0;0,00851005;17,762;0;0;0,10041
02/10/1995;0;0;-0,000524529;17,666;0;0;0,08998
03/10/1995;0;0;0,009369798;17,556;0;0;0,1128
04/10/1995;0;0;0,018408645;17,365;0;0;0,20329
05/10/1995;0;0;0,014384397;17,202;0;0;0,17103
06/10/1995;0;0;0,014562857;17,054;0;0;0,15799
07/10/1995;0;0;0,014486642;16,893;0;0;0,16987
08/10/1995;0,1;0;0,011519945;16,773;0;0;0,12646
09/10/1995;1;0;0,01099532;16,667;0;0;0,11222
10/10/1995;0;0;0,008490333;16,574;0;0;0,09607
11/10/1995;3,5;0;0,012558628;16,481;0;0;0,10042
12/10/1995;0,1;0;0,008674236;16,389;0;0;0,09726
13/10/1995;0;0;0,008570604;16,298;0;0;0,09499
14/10/1995;0;0;0,006644378;16,219;0;0;0,08186
15/10/1995;0;0;0,00754436;16,141;0;0;0,08073
16/10/1995;0;0;0,006621943;16,063;0;0;0,0806
17/10/1995;0;0;0,010568038;15,933;0;0;0,13592
18/10/1995;0;0;0,009569972;15,83;0;0;0,10794
19/10/1995;0;0;0,006682349;15,753;0;0;0,08022
20/10/1995;0;0;0,008529402;15,651;0;0;0,10542
21/10/1995;0;0;0,00857003;15,562;0;0;0,09286
22/10/1995;0;0;0,005592359;15,485;0;0;0,07815
23/10/1995;0;0;-0,001908842;15,397;0;0;0,08217
24/10/1995;0;0;0,008829881;15,296;0;0;0,10794
25/10/1995;0;0;0,007717404;15,195;0;0;0,10558
26/10/1995;0;0;0,012832237;15,057;0;0;0,14896
27/10/1995;0;0;0,00968928;14,945;0;0;0,11821
28/10/1995;0;0;0,011781651;14,809;0;0;0,14531
29/10/1995;0;0;0,009403581;14,698;0;0;0,11376
30/10/1995;0;0;0,008668697;14,6;0;0;0,10287
31/10/1995;0;0;0,010685956;14,465;0;0;0,14203
01/11/1995;0;0;0,009687634;14,343;0;0;0,12805
02/11/1995;0;0;0,009494596;14,235;0;0;0,11158
03/11/1995;0;0;0,007187345;14,138;0;0;0,09469
04/11/1995;0;0;0,007414561;14,042;0;0;0,09647
05/11/1995;0;0;0,008794227;13,947;0;0;0,10129
06/11/1995;0;0;0,005784158;13,863;0;0;0,08717
07/11/1995;0;0;0,00879392;13,756;0;0;0,11331
08/11/1995;0;0;0,007752789;13,662;0;0;0,09869
09/11/1995;4,5;0;0,007943548;13,556;0;0;0,11324
10/11/1995;4,5;0;0,031031053;13,509;0;0;0,07768
11/11/1995;17;0;0,11280564;13,568;0;0;0,05099
12/11/1995;2,5;0;0,023469754;13,591;0;0;0
13/11/1995;0;0;0,017757438;13,603;0;0;0
14/11/1995;0;0;0,002704999;13,556;0;0;0,04607
15/11/1995;0;0;0,002811556;13,521;0;0;0,03547
16/11/1995;0;0;0,002850363;13,486;0;0;0,03598
17/11/1995;0;0;0,002815554;13,463;0;0;0,02348
18/11/1995;0;0;0,000532893;13,439;0;0;0,0187
19/11/1995;0;0;0,000798552;13,428;0;0;0,00935
20/11/1995;0;0;-0,008038744;13,404;0;0;0,01468
21/11/1995;0;0;0,000582386;13,393;0;0;0,00646
22/11/1995;0;0;0,000493341;13,381;0;0;0,00621
23/11/1995;0;0;0,004770685;13,381;0;0;0
24/11/1995;0;0;0,001862677;13,346;0;0;0,03512
25/11/1995;7,5;0;0,094049921;13,439;0;0;0
26/11/1995;0;0;0,028437552;13,463;0;0;0
27/11/1995;0;0;0,01403778;13,474;0;0;0
28/11/1995;0;0;0,002103079;13,474;0;0;0
29/11/1995;25;0;0,121580101;13,591;0;0;0
30/11/1995;0,5;0;0,013527484;13,603;0;0;0
01/12/1995;0;0;0,026940472;13,627;0;0;0
02/12/1995;0;0;-0,022355018;13,603;0;0;0
03/12/1995;0;0;0,004229955;13,603;0;0;0
04/12/1995;0;0;0,016232116;13,615;0;0;0
05/12/1995;0;0;0,015528566;13,627;0;0;0
06/12/1995;15;0;0,096125818;13,721;0;0;0
07/12/1995;3;0;0,001062909;13,721;0;0;0
08/12/1995;23;0;0,000944808;13,721;0;0;0
09/12/1995;0;0;0,227788733;13,947;0;0;0
10/12/1995;0;0;0,037269185;13,982;0;0;0
11/12/1995;2,5;0;0,025195518;14,006;0;0;0
12/12/1995;0;0;0,0018726;13,982;0;0;0,02432
13/12/1995;0;0;0,000358292;13,982;0;0;0
14/12/1995;19;0;0,144360476;14,126;0;0;0
15/12/1995;28;0;1,911648073;16,037;0;0;0
16/12/1995;9,5;0;0,366445179;16,402;0;0;0
17/12/1995;0;0;0,133716171;16,534;0;0;0
18/12/1995;0;0;0,093529828;16,627;0;0;0
19/12/1995;6;0;0,082055281;16,706;0;0;0
20/12/1995;0;0;0,057726596;16,76;0;0;0
21/12/1995;0;0;0,041466122;16,8;0;0;0
22/12/1995;0,5;0;0,055270151;16,853;0;0;0
23/12/1995;0,5;0;0,014736831;16,866;0;0;0
24/12/1995;2;0;0,095608585;16,96;0;0;0
25/12/1995;8;0;0,284353923;17,243;0;0;0
26/12/1995;0;0;0,43974903;17,68;0;0;0
27/12/1995;4,5;0;0,195628776;17,873;0;0;0
28/12/1995;0;0;0,141614142;18,011;0;0;0
29/12/1995;33;0;1,513189475;19,522;0;0;0
30/12/1995;9,5;0;2,299030866;21,819;0;0;0
31/12/1995;5,5;0;0,717169342;22,529;0;0;0
01/01/1996;0;0;0,4816456;23,01;0;0;0
02/01/1996;1;0;0,361888019;23,367;0;0;0
03/01/1996;0;0;0,263952974;23,628;0;0;0
04/01/1996;9,5;0;0,232155257;23,859;0;0;0
05/01/1996;4,5;0;0,317828375;24,174;0;0;0
06/01/1996;10;0;0,945214526;25,117;0;0;0
07/01/1996;0;0;0,604111361;25,718;0;0;0
08/01/1996;29,5;0;1,317069667;27,034;0;0;0
09/01/1996;13;0;4,259366643;31,292;0;0;0
10/01/1996;4;0;1,408407884;32,698;0;0;0
11/01/1996;7,5;0;1,117458837;33,813;0;0;0
12/01/1996;0,5;0;1,207863881;35,015;0;0;0
13/01/1996;0;0;0,723362863;35,732;0;0;0
14/01/1996;0;0;0,684073116;36,415;0;0;0
15/01/1996;0;0;0,477029169;36,889;0;0;0
16/01/1996;0;0;0,413089412;37,301;0;0;0
17/01/1996;0;0;0,37221924;37,673;0;0;0
18/01/1996;1,5;0;0,353323128;38,025;0;0;0
19/01/1996;1;0;0,310773167;38,334;0;0;0
20/01/1996;6;0;0,51334099;38,846;0;0;0
21/01/1996;66,5;0;10,55978028;49,405;0;0;0
22/01/1996;29,5;0;6,390621159;55,79;0;0;0
23/01/1996;36,5;0;6,961308873;62,741;0;0;0
24/01/1996;0;0;3,021126497;65,759;0;0;0
25/01/1996;0;0;1,742633049;67,494;0;0;0
26/01/1996;25;0;2,417231637;69,907;0;0;0
27/01/1996;19,5;0;3,308007031;73,214;0;0;0
28/01/1996;20;0;4,564691065;77,771;0;0;0
29/01/1996;3,5;0;3,515080798;81,285;0;0;0
30/01/1996;0,1;0;1,893391802;83,174;0;0;0
31/01/1996;30;0;2,557979096;85,726;0;0;0
01/02/1996;0,1;0;2,496718043;88,217;0;0;0
02/02/1996;0;0;2,164630381;90,37;0;0;0
03/02/1996;0;0;0,901636255;91,265;0;0;0
04/02/1996;0;0;1,387018197;92,639;0;0;0
05/02/1996;2;0;1,115762892;93,748;0;0;0
06/02/1996;0,1;0;1,976110959;95,712;0;0;0
07/02/1996;0;0;1,674173571;97,378;0;0;0
08/02/1996;0;0;1,157242203;98,527;0;0;0
09/02/1996;0;0;0,843997657;99,354;0;0;0
10/02/1996;0;0;0,890938758;100,227;0;0;0
11/02/1996;0;0;0,938216852;101,148;0;0;0
12/02/1996;0;0;0,562597394;101,695;0;0;0
13/02/1996;0;0;0,684624121;102,372;0;0;0
14/02/1996;21;0;1,322847326;103,691;0;0;0
15/02/1996;3;0;1,636593953;105,325;0;0;0
16/02/1996;0;0;1,184638058;106,497;0;0;0
17/02/1996;0;0;0,972527314;107,459;0;0;0
18/02/1996;0;0;0,762547903;108,207;0;0;0
19/02/1996;0;0;0,726488947;108,914;0;0;0
20/02/1996;0;0;0,637900923;109,535;0;0;0
21/02/1996;0;0;0,595179836;110,115;0;0;0
22/02/1996;0;0;0,602512435;110,696;0;0;0
23/02/1996;0;0;0,415234058;111,1;0;0;0
24/02/1996;0;0;0,504917948;111,595;0;0;0
25/02/1996;3;0;0,50061818;112,092;0;0;0
26/02/1996;0,5;0;0,379226704;112,454;0;0;0
27/02/1996;0;0;0,427635754;112,863;0;0;0
28/02/1996;0;0;0,285749223;113,136;0;0;0
29/02/1996;10;0;0,461023297;113,592;0;0;0
01/03/1996;0;0;0,424362366;114,004;0;0;0
02/03/1996;0;0;0,473153739;114,462;0;0;0
03/03/1996;0;0;0,428272758;114,876;0;0;0
04/03/1996;0;0;0,337763245;115,199;0;0;0
05/03/1996;0;0;0,284856695;115,476;0;0;0
06/03/1996;1;0;0,213613514;115,199;0;0;0,486
07/03/1996;0,5;0;0,279772951;115,476;0;0;0
08/03/1996;11;0;0,371389706;115,846;0;0;0
09/03/1996;0,5;0;0,419857797;116,264;0;0;0
10/03/1996;0;0;0,37758636;116,636;0;0;0
11/03/1996;0;0;0,3879316;117,009;0;0;0
12/03/1996;3;0;0,333078291;117,336;0;0;0
13/03/1996;29;0;1,277367039;118,603;0;0;0
14/03/1996;0,5;0;0,626771057;119,217;0;0;0
15/03/1996;0;0;0,827389646;120,023;0;0;0
16/03/1996;0;0;0,690862197;120,69;0;0;0
17/03/1996;0;0;0,490444021;121,168;0;0;0
18/03/1996;0;0;0,49051978;121,647;0;0;0
19/03/1996;0;0;0,439255987;122,08;0;0;0
20/03/1996;0;0;0,496960862;122,562;0;0;0
21/03/1996;0;0;0,354441539;122,9;0;0;0
22/03/1996;0;0;0,356928022;123,239;0;0;0
23/03/1996;0;0;0,45497409;123,676;0;0;0
24/03/1996;0;0;0,254188993;123,919;0;0;0
25/03/1996;1;0;0,346361927;124,26;0;0;0
26/03/1996;0;0;0,317902253;124,553;0;0;0
27/03/1996;0;0;0,320879362;124,846;0;0;0
28/03/1996;0;0;0,26949029;125,091;0;0;0
29/03/1996;0;0;0,317060053;125,385;0;0;0
30/03/1996;0;0;0,170079644;125,532;0;0;0
31/03/1996;0;0;0,26222779;125,778;0;0;0
01/04/1996;0,5;0;0,262743191;126,024;0;0;0
02/04/1996;0;0;0,165250254;126,172;0;0;0
03/04/1996;0;0;0,221671046;126,369;0;0;0
04/04/1996;0;0;0,207385585;126,567;0;0;0
05/04/1996;0;0;0,262334919;126,814;0;0;0
06/04/1996;0;0;0,212361743;127,012;0;0;0
07/04/1996;0;0;0,109405751;127,111;0;0;0
08/04/1996;0;0;0,26884078;127,359;0;0;0
09/04/1996;0;0;0,113398154;127,458;0;0;0
10/04/1996;0;0;0,171360818;127,607;0;0;0
11/04/1996;0;0;0,171379654;127,756;0;0;0
12/04/1996;0;0;0,223894237;127,955;0;0;0
13/04/1996;0;0;0,175413495;128,105;0;0;0
14/04/1996;0;0;0,175931045;128,254;0;0;0
15/04/1996;0;0;0,11946109;128,354;0;0;0
16/04/1996;0;0;0,072461402;128,404;0;0;0
17/04/1996;0;0;0,137956013;128,504;0;0;0
18/04/1996;0;0;0,123985667;128,604;0;0;0
19/04/1996;0;0;0,175506146;128,754;0;0;0
20/04/1996;0;0;0,066008348;128,804;0;0;0
21/04/1996;0;0;0,070016015;128,854;0;0;0
22/04/1996;1;0;0,057508106;128,904;0;0;0
23/04/1996;0;0;0,078538767;128,954;0;0;0
24/04/1996;0;0;0,064022964;129,004;0;0;0
25/04/1996;0;0;0,079055704;129,054;0;0;0
26/04/1996;0;0;0,125563226;129,154;0;0;0
27/04/1996;3;0;0,063534502;129,205;0;0;0
28/04/1996;13;0;0,10551826;129,305;0;0;0
29/04/1996;3;0;0,116062073;129,405;0;0;0
30/04/1996;0;0;0,121088788;129,506;0;0;0
01/05/1996;0,5;0;0,1025125;129,606;0;0;0
02/05/1996;0,1;0;0,057539599;129,656;0;0;0
03/05/1996;47;0;1,263518434;130,918;0;0;0
04/05/1996;0;0;0,323265456;131,222;0;0;0
05/05/1996;7;0;0,411081086;131,628;0;0;0
06/05/1996;18;0;1,025641927;132,647;0;0;0
07/05/1996;16,5;0;2,219822264;134,857;0;0;0
08/05/1996;4;0;0,956377205;135,79;0;0;0
09/05/1996;0;0;1,06811527;136,832;0;0;0
10/05/1996;0;0;0,542901047;137,355;0;0;0
11/05/1996;0;0;0,648388937;137,985;0;0;0
12/05/1996;0;0;0,398003733;138,353;0;0;0
13/05/1996;0;0;0,445792717;138,774;0;0;0
14/05/1996;1;0;0,374756383;139,144;0;0;0
15/05/1996;0;0;0,393826141;139,514;0;0;0
16/05/1996;0;0;0,489145384;139,992;0;0;0
17/05/1996;0;0;0,336605094;140,31;0;0;0
18/05/1996;0;0;0,337037275;140,63;0;0;0
19/05/1996;0;0;0,399136351;141,003;0;0;0
20/05/1996;0;0;0,245037301;141,216;0;0;0
21/05/1996;0;0;0,296940676;141,483;0;0;0
22/05/1996;0;0;0,29530309;141,751;0;0;0
23/05/1996;0;0;0,297482953;142,019;0;0;0
24/05/1996;0;0;0,350992195;142,341;0;0;0
25/05/1996;0;0;0,133321432;142,448;0;0;0
26/05/1996;0;0;0,136484911;142,556;0;0;0
27/05/1996;0;0;0,194885848;142,717;0;0;0
28/05/1996;0;0;0,09273669;142,771;0;0;0
29/05/1996;0;0;0,138220747;142,878;0;0;0
30/05/1996;0;0;0,143006922;142,986;0;0;0
31/05/1996;0;0;0,137097738;143,094;0;0;0
01/06/1996;0;0;0,128486792;143,202;0;0;0
02/06/1996;0;0;0,097219782;143,255;0;0;0
03/06/1996;0;0;0,083127864;143,309;0;0;0
04/06/1996;0;0;0,089609957;143,363;0;0;0
05/06/1996;0;0;0,088539753;143,417;0;0;0
06/06/1996;0;0;0,142557623;143,525;0;0;0
07/06/1996;0;0;0,082085303;143,579;0;0;0
08/06/1996;0;0;0,088035228;143,633;0;0;0
09/06/1996;0;0;0,079397873;143,687;0;0;0
10/06/1996;0;0;0,075080291;143,741;0;0;0
11/06/1996;0;0;0,084736265;143,796;0;0;0
12/06/1996;0;0;0,086447937;143,85;0;0;0
13/06/1996;0;0;0,036774329;143,85;0;0;0
14/06/1996;0;0;0,092947512;143,904;0;0;0
15/06/1996;0;0;0,036242824;143,904;0;0;0
16/06/1996;0;0;0,03245626;143,904;0;0;0
17/06/1996;0;0;0,084300312;143,958;0;0;0
18/06/1996;0;0;0,031923543;143,958;0;0;0
19/06/1996;0;0;0,098379722;144,012;0;0;0
20/06/1996;0;0;0,044379722;144,012;0;0;0
21/06/1996;0;0;0,042756074;144,012;0;0;0
22/06/1996;0;0;0,045462154;144,012;0;0;0
23/06/1996;0;0;0,043838506;144,012;0;0;0
24/06/1996;0;0;0,032472967;144,012;0;0;0
25/06/1996;0;0;0,037885128;144,012;0;0;0
26/06/1996;0;0;0,03626148;144,012;0;0;0
27/06/1996;0;0;0,034096616;144,012;0;0;0
28/06/1996;0;0;0,037343912;144,012;0;0;0
29/06/1996;0;0;0,037885128;144,012;0;0;0
30/06/1996;0;0;0,042794208;143,958;22929,032;20838,709;0,01461
01/07/1996;0;0;0,084348516;143,958;22929,032;20838,709;0
02/07/1996;0;0;0,043799318;143,904;22929,032;20838,709;0,00697
03/07/1996;0;0;0,043788075;143,85;22929,032;20838,709;0,01995
04/07/1996;0;0;0,043802578;143,796;22929,032;20838,709;0,01727
05/07/1996;0;0;0,098914996;143,796;22929,032;20838,709;0
06/07/1996;0;0;0,150842249;143,796;22929,032;20838,709;0,04598
07/07/1996;0;0;-0,064667846;143,633;22929,032;20838,709;0
08/07/1996;0;0;0,04379488;143,579;22929,032;20838,709;0,01622
09/07/1996;0;0;0,042788715;143,471;22929,032;20838,709;0,07949
10/07/1996;0;0;0,043796228;143,417;22929,032;20838,709;0,01733
11/07/1996;0;0;0,042788153;143,363;22929,032;20838,709;0,01795
12/07/1996;0;0;0,043792629;143,309;22929,032;20838,709;0,0222
13/07/1996;0;0;0,043785882;143,255;22929,032;20838,709;0,02328
14/07/1996;1;0;0,033470163;143,202;22929,032;20838,709;0,01952
15/07/1996;0,1;0;0,069645794;143,202;22929,032;20838,709;0
16/07/1996;0;0;0,042788981;143,148;22929,032;20838,709;0,02176
17/07/1996;0;0;0,043793949;143,094;22929,032;20838,709;0,01954
18/07/1996;0;0;0,043792113;143,04;22929,032;20838,709;0,01416
19/07/1996;0;0;0,032976047;142,986;22929,032;20838,709;0,0012
20/07/1996;0;0;0,042798879;142,932;22929,032;20838,709;0,00888
21/07/1996;0;0;0,043791108;142,878;22929,032;20838,709;0,01419
22/07/1996;0;0;0,04378933;142,824;22929,032;20838,709;0,01958
23/07/1996;0;0;0,043787847;142,717;22929,032;20838,709;0,07421
24/07/1996;0,1;0;0,043785967;142,609;22929,032;20838,709;0,07415
25/07/1996;0;0;0,04379613;142,502;22929,032;20838,709;0,06673
26/07/1996;0;0;0,043794373;142,394;22929,032;20838,709;0,06399
27/07/1996;0;0;0,043790701;142,287;22929,032;20838,709;0,06784
28/07/1996;0;0;0,043786762;142,18;22929,032;20838,709;0,06732
29/07/1996;0;0;0,043787784;142,126;22929,032;20838,709;0,02184
30/07/1996;0;0;0,044788587;142,019;22929,032;20838,709;0,07961
31/07/1996;0;0;0,080515156;142,019;23229,032;21906,58;0
01/08/1996;0;0;0,04415314;141,965;23229,032;21906,58;0,02515
02/08/1996;0;0;0,045153604;141,911;23229,032;21906,58;0,0208
03/08/1996;0;0;0,046156764;141,858;23229,032;21906,58;0,02349
04/08/1996;0;0;0,044150805;141,804;23229,032;21906,58;0,02035
05/08/1996;0;0;0,046156505;141,751;23229,032;21906,58;0,01494
06/08/1996;0;0;0,045162333;141,697;23229,032;21906,58;0,01228
07/08/1996;0;0;0,045172878;141,59;23229,032;21906,58;0,04338
08/08/1996;0;0;0,041884027;141,537;23229,032;21906,58;0,00643
09/08/1996;0;0;0,045153107;141,376;23229,032;21906,58;0,12468
10/08/1996;0;0;0,046155542;141,269;23229,032;21906,58;0,06369
11/08/1996;0;0;0,046160975;141,163;23229,032;21906,58;0,05311
12/08/1996;0;0;0,046154198;141,056;23229,032;21906,58;0,07654
13/08/1996;0;0;0,046152148;141,003;23229,032;21906,58;0,02628
14/08/1996;23;0;0,198099035;141,109;23229,032;21906,58;0
15/08/1996;3,5;0;0,219556192;141,269;23229,032;21906,58;0
16/08/1996;0;0;0,133326672;141,323;23229,032;21906,58;0
17/08/1996;0;0;0,04515544;141,269;23229,032;21906,58;0,02144
18/08/1996;0;0;0,046163653;141,216;23229,032;21906,58;0,00704
19/08/1996;0;0;0,045164334;141,109;23229,032;21906,58;0,0622
20/08/1996;0;0;0,046150562;141,056;23229,032;21906,58;0,03214
21/08/1996;0;0;0,046156652;141,003;23229,032;21906,58;0,01615
22/08/1996;0;0;0,045163997;140,896;23229,032;21906,58;0,05425
23/08/1996;0;0;0,046167157;140,789;23229,032;21906,58;0,04196
24/08/1996;0;0;0,046155323;140,683;23229,032;21906,58;0,06122
25/08/1996;0;0;0,046144786;140,576;23229,032;21906,58;0,08246
26/08/1996;0;0;0,045162079;140,523;23229,032;21906,58;0,01152
27/08/1996;0;0;0,047156838;140,417;23229,032;21906,58;0,07611
28/08/1996;0;0;0,045151318;140,363;23229,032;21906,58;0,02743
29/08/1996;0;0;0,045148485;140,31;23229,032;21906,58;0,02165
30/08/1996;0;0;0,046153011;140,257;23229,032;21906,58;0,02532
31/08/1996;0;0;0,045958014;140,151;23336,666;21603,333;0,07568
01/09/1996;0;0;0,046939597;140,045;23336,666;21603,333;0,10216
02/09/1996;0;0;0,045953475;139,992;23336,666;21603,333;0,01527
03/09/1996;0;0;0,043889529;139,938;23336,666;21603,333;0,03544
04/09/1996;0;0;0,045952602;139,885;23336,666;21603,333;0,02749
05/09/1996;0;0;0,043851532;139,832;23336,666;21603,333;0,03229
06/09/1996;0;0;0,043962279;139,726;23336,666;21603,333;0,06633
07/09/1996;4;0;0,04344426;139,62;23336,666;21603,333;0,09232
08/09/1996;0;0;0,043960233;139,514;23336,666;21603,333;0,06531
09/09/1996;36,5;0;0,075697838;139,461;23336,666;21603,333;0,05835
10/09/1996;1;0;0,048222423;139,408;23336,666;21603,333;0,03829
11/09/1996;27,5;0;0,171059851;139,514;23336,666;21603,333;0
12/09/1996;0;0;0,064530381;139,514;23336,666;21603,333;0
13/09/1996;0;0;0,043948558;139,461;23336,666;21603,333;0,03507
14/09/1996;0;0;0,060819898;139,461;23336,666;21603,333;0
15/09/1996;0;0;0,044952423;139,408;23336,666;21603,333;0,03502
16/09/1996;0,1;0;0,044951494;139,356;23336,666;21603,333;0,02503
17/09/1996;0;0;0,043954336;139,303;23336,666;21603,333;0,02504
18/09/1996;0;0;0,037397022;139,25;23336,666;21603,333;0,02272
19/09/1996;0;0;0,0405669;139,197;23336,666;21603,333;0,02431
20/09/1996;0,1;0;0,043943687;139,144;23336,666;21603,333;0,03932
21/09/1996;0;0;0,043945619;139,091;23336,666;21603,333;0,02823
22/09/1996;0;0;0,044954674;138,986;23336,666;21603,333;0,06805
23/09/1996;0;0;0,043957239;138,933;23336,666;21603,333;0,01823
24/09/1996;0;0;0,044949284;138,88;23336,666;21603,333;0,02662
25/09/1996;0;0;0,042940331;138,774;23336,666;21603,333;0,06602
26/09/1996;0;0;0,045950849;138,722;23336,666;21603,333;0,02717
27/09/1996;0;0;0,043952299;138,669;23336,666;21603,333;0,02776
28/09/1996;0;0;0,043952911;138,616;23336,666;21603,333;0,02724
29/09/1996;0;0;0,044948901;138,511;23336,666;21603,333;0,08341
30/09/1996;0;0;0,040060357;138,458;21488,483;19565,419;0,02936
01/10/1996;0;0;0,041374333;138,405;21488,483;19565,419;0,03068
02/10/1996;0;0;0,040069448;138,3;21488,483;19565,419;0,0656
03/10/1996;0;0;0,042066213;138,248;21488,483;19565,419;0,03039
04/10/1996;0;0;0,040058242;138,195;21488,483;19565,419;0,03044
05/10/1996;0;0;0,040085051;138,142;21488,483;19565,419;0,03205
06/10/1996;0;0;0,042068917;138,09;21488,483;19565,419;0,022
07/10/1996;0;0;0,040066025;137,985;21488,483;19565,419;0,08142
08/10/1996;0;0;0,041061504;137,932;21488,483;19565,419;0,02727
09/10/1996;0;0;0,04005779;137,827;21488,483;19565,419;0,07933
10/10/1996;0;0;0,042061721;137,722;21488,483;19565,419;0,08502
11/10/1996;0;0;0,04105509;137,67;21488,483;19565,419;0,03574
12/10/1996;0;0;0,040062817;137,617;21488,483;19565,419;0,03313
13/10/1996;36,5;0;0,151300857;137,722;21488,483;19565,419;0
14/10/1996;1;0;0,046300635;137,67;21488,483;19565,419;0,03574
15/10/1996;0;0;-0,011945363;137,565;21488,483;19565,419;0,02369
16/10/1996;0;0;0,093056541;137,565;21488,483;19565,419;0,04309
17/10/1996;0;0;0,040863095;137,512;21488,483;19565,419;0,04023
18/10/1996;0;0;0,041061378;137,46;21488,483;19565,419;0,0169
19/10/1996;0;0;0,040566342;137,407;21488,483;19565,419;0,03994
20/10/1996;0;0;0,058341007;137,407;21488,483;19565,419;0
21/10/1996;0;0;0,042562678;137,355;21488,483;19565,419;0,03675
22/10/1996;0;0;0,041058877;137,303;21488,483;19565,419;0,03368
23/10/1996;0;0;0,059378877;137,303;21488,483;19565,419;0
24/10/1996;0;0;0,039059364;137,25;21488,483;19565,419;0,03949
25/10/1996;0;0;0,041062716;137,198;21488,483;19565,419;0,03788
26/10/1996;0;0;0,041054277;137,146;21488,483;19565,419;0,04363
27/10/1996;0;0;0,041059032;137,093;21488,483;19565,419;0,04516
28/10/1996;0;0;0,04105699;137,041;21488,483;19565,419;0,0405
29/10/1996;0;0;0,041061183;136,989;21488,483;19565,419;0,03528
30/10/1996;0;0;0,040060796;136,936;21488,483;19565,419;0,04051
31/10/1996;0;0;0,030307152;136,884;10292,666;19008;0,04308
01/11/1996;0;0;0,029306774;136,832;10292,666;19008;0,04156
02/11/1996;0;0;0,029306127;136,78;10292,666;19008;0,04104
03/11/1996;0;0;0,042354786;136,78;10292,666;19008;0
04/11/1996;0;0;0,030307345;136,728;10292,666;19008;0,03839
05/11/1996;0;0;0,028300221;136,675;10292,666;19008;0,04104
06/11/1996;0;0;0,03930388;136,623;10292,666;19008;0,04009
07/11/1996;0;0;0,030298671;136,519;10292,666;19008;0,09144
08/11/1996;0;0;0,028308407;136,467;10292,666;19008;0,04006
09/11/1996;0;0;0,030299556;136,415;10292,666;19008;0,04466
10/11/1996;0;0;0,028300428;136,362;10292,666;19008;0,0421
11/11/1996;47,5;0;0,222888439;136,519;10292,666;19008;0,02668
12/11/1996;38,5;0;1,372510619;137,827;10292,666;19008;0,03416
13/11/1996;21,5;0;0,814013155;138,563;10292,666;19008;0,04397
14/11/1996;13;0;0,976855976;139,461;10292,666;19008;0,04585
15/11/1996;8;0;0,508228803;139,885;10292,666;19008;0,04538
16/11/1996;9,5;0;0,351754875;140,151;10292,666;19008;0,0453
17/11/1996;0;0;0,358954425;140,417;10292,666;19008;0,04823
18/11/1996;0;0;0,307137941;140,63;10292,666;19008;0,0478
19/11/1996;0;0;0,251037057;140,789;10292,666;19008;0,04462
20/11/1996;0;0;0,253425546;140,949;10292,666;19008;0,05186
21/11/1996;0;0;0,251391352;141,109;10292,666;19008;0,04021
22/11/1996;0;0;0,243542679;141,269;10292,666;19008;0,03181
23/11/1996;0;0;0,180988789;141,376;10292,666;19008;0,03026
24/11/1996;0;0;0,187334969;141,483;10292,666;19008;0,03446
25/11/1996;0;0;0,153953521;141,59;10292,666;19008;0
26/11/1996;0;0;0,150751454;141,697;10292,666;19008;0
27/11/1996;0;0;0,108462337;141,751;10292,666;19008;0
28/11/1996;0;0;0,149691522;141,858;10292,666;19008;0
29/11/1996;0;0;0,091944599;141,911;10292,666;19008;0
30/11/1996;0;0;0,102909205;141,965;9964,1935;15900,709;0
01/12/1996;0;0;0,148406409;142,072;9964,1935;15900,709;0
02/12/1996;0;0;0,092726839;142,126;9964,1935;15900,709;0
03/12/1996;0;0;0,141975441;142,233;9964,1935;15900,709;0
04/12/1996;25,5;0;0,252655011;142,448;9964,1935;15900,709;0
05/12/1996;4,5;0;0,138152215;142,556;9964,1935;15900,709;0
06/12/1996;0;0;0,139831785;142,663;9964,1935;15900,709;0
07/12/1996;0;0;0,080936731;142,717;9964,1935;15900,709;0
08/12/1996;0,1;0;0,086831785;142,771;9964,1935;15900,709;0
09/12/1996;0;0;0,091190925;142,824;9964,1935;15900,709;0
10/12/1996;0;0;0,137080387;142,932;9964,1935;15900,709;0
11/12/1996;17,5;0;0,301224043;143,202;9964,1935;15900,709;0
12/12/1996;12,5;0;0,729472645;143,904;9964,1935;15900,709;0
13/12/1996;10;0;1,831190925;145,697;9964,1935;15900,709;0
14/12/1996;0;0;0,577224043;146,243;9964,1935;15900,709;0
15/12/1996;10;0;0,578152215;146,791;9964,1935;15900,709;0
16/12/1996;15;0;1,075759957;147,835;9964,1935;15900,709;0
17/12/1996;28,5;0;1,363655011;149,161;9964,1935;15900,709;0
18/12/1996;24;0;5,120283183;153,413;9964,1935;15900,709;0,8317
19/12/1996;45;0;4,491231785;154,545;9964,1935;15900,709;3,3264
20/12/1996;58;0;10,41350361;159,935;9964,1935;15900,709;4,9896
21/12/1996;24,5;0;8,598736731;161,854;9964,1935;15900,709;6,6528
22/12/1996;9;0;4,075383183;159,24;9964,1935;15900,709;6,6528
23/12/1996;18;0;4,623814151;157,168;9964,1935;15900,709;6,6528
24/12/1996;0,1;0;2,007367699;152,905;9964,1935;15900,709;6,237
25/12/1996;0;0;-2,017521763;149,328;9964,1935;15900,709;1,517
26/12/1996;0;0;1,242367699;150,105;9964,1935;15900,709;0,432
27/12/1996;0;0;1,133295871;150,774;9964,1935;15900,709;0,432
28/12/1996;9;0;1,660808559;151,613;9964,1935;15900,709;0,7938
29/12/1996;14,5;0;4,311016301;152,568;9964,1935;15900,709;3,3264
30/12/1996;10;0;1,686878237;150,886;9964,1935;15900,709;3,3264
31/12/1996;6;0;0,58430287;149,939;0;0;1,5174
01/01/1997;35;0;6,311353964;153,865;0;0;2,3616
02/01/1997;40;0;8,905942785;157,627;0;0;5,1382
03/01/1997;0;0;3,813127937;154,772;0;0;6,6528
04/01/1997;6,5;0;-0,489789702;149,827;0;0;4,4352
05/01/1997;25;0;4,549950183;151,165;0;0;3,2058
06/01/1997;0;0;0,123202296;150,886;0;0;0,3888
07/01/1997;18;0;2,59170355;152,286;0;0;1,1844
08/01/1997;0;0;3,45851077;152,399;0;0;3,3264
09/01/1997;0;0;-0,472751027;150,551;0;0;1,368
10/01/1997;0;0;1,296794613;151,445;0;0;0,3888
11/01/1997;0;0;1,185675222;152,23;0;0;0,38888
12/01/1997;0;0;1,022522101;152,849;0;0;0,38888
13/01/1997;0;0;0,904909856;153,356;0;0;0,38888
14/01/1997;0;0;0,826143633;153,752;0;0;0,42336
15/01/1997;0;0;1,040573853;154,375;0;0;0,41474
16/01/1997;10;0;0,877217523;154,829;0;0;0,4147
17/01/1997;0;0;0,706586437;155,113;0;0;0,4061
18/01/1997;0;0;0,865086897;155,568;0;0;0,4061
19/01/1997;18;0;3,135155018;156,71;0;0;1,984
20/01/1997;7,5;0;2,857455037;156,195;0;0;3,3696
21/01/1997;0,5;0;0,998096712;153,865;0;0;3,3264
22/01/1997;51,5;0;5,28350213;154,431;0;0;4,7124
23/01/1997;4,5;0;3,6944;153,413;0;0;4,7124
24/01/1997;0;0;0,972080978;151,669;0;0;2,7144
25/01/1997;0;0;-0,020226061;151,221;0;0;0,4233
26/01/1997;0;0;1,154544008;151,95;0;0;0,4233
27/01/1997;0;0;1,1086124;152,624;0;0;0,42336
28/01/1997;0,1;0;0,769811393;152,962;0;0;0,42336
29/01/1997;0;0;0,708744584;153,244;0;0;0,42336
30/01/1997;0;0;0,883402699;153,695;0;0;0,42336
31/01/1997;0;0;0,823888833;154,091;0;0;0,42336
01/02/1997;0;0;0,767895227;154,431;0;0;0,42336
02/02/1997;0;0;0,493283597;154,658;0;0;0,2538
03/02/1997;0;0;0,455568498;155,113;0;0;0
04/02/1997;0;0;0,643668529;155,739;0;0;0
05/02/1997;0;0;0,754004941;156,481;0;0;0
06/02/1997;0;0;0,468308826;156,939;0;0;0
07/02/1997;0;0;0,578166167;157,512;0;0;0
08/02/1997;0;0;0,47035106;157,972;0;0;0
09/02/1997;0;0;0,526643364;158,49;0;0;0
10/02/1997;0;0;0,416696802;158,894;0;0;0
11/02/1997;0;0;0,472406823;159,356;0;0;0
12/02/1997;0;0;0,483850511;159,819;0;0;0
13/02/1997;0;0;0,491849633;160,283;0;0;0
14/02/1997;0;0;0,378210086;160,631;0;0;0
15/02/1997;0;0;0,375759221;160,98;0;0;0
16/02/1997;0;0;0,427973813;161,387;0;0;0
17/02/1997;0;0;0,369250874;161,737;0;0;0
18/02/1997;0;0;0,365018696;162,088;0;0;0
19/02/1997;0;0;0,367545805;162,438;0;0;0
20/02/1997;0;0;0,366640171;162,79;0;0;0
21/02/1997;0;0;0,427007728;163,2;0;0;0
22/02/1997;0;0;0,252782935;163,434;0;0;0
23/02/1997;0;0;0,192858096;163,611;0;0;0
24/02/1997;0;0;0,299879508;163,905;0;0;0
25/02/1997;0;0;0,38655505;164,258;0;0;0
26/02/1997;0;0;0,314036022;164,552;0;0;0
27/02/1997;0;0;0,311517257;164,847;0;0;0
28/02/1997;0;0;0,314486734;165,142;0;0;0
01/03/1997;0;0;0,240136928;165,378;0;0;0
02/03/1997;0;0;0,260658832;165,615;0;0;0
03/03/1997;0;0;0,36269847;165,97;0;0;0
04/03/1997;0;0;0,255965373;166,207;0;0;0
05/03/1997;0;0;0,315984403;166,504;0;0;0
06/03/1997;0;0;0,257187073;166,741;0;0;0
07/03/1997;0;0;0,256420509;166,979;0;0;0
08/03/1997;0;0;0,196431462;167,157;0;0;0
09/03/1997;0;0;0,199416986;167,335;0;0;0
10/03/1997;0;0;0,20400124;167,514;0;0;0
11/03/1997;0;0;0,133887561;167,633;0;0;0
12/03/1997;0;0;0,196875595;167,812;0;0;0
13/03/1997;0;0;0,133306063;167,931;0;0;0
14/03/1997;0;0;0,205839558;168,11;0;0;0
15/03/1997;0;0;0,079879279;168,169;0;0;0
16/03/1997;0;0;0,140290593;168,289;0;0;0
17/03/1997;0;0;0,081085271;168,348;0;0;0
18/03/1997;0;0;0,028054263;168,348;0;0;0
19/03/1997;0;0;-0,266877981;165,201;0;0;2,85
20/03/1997;0;0;0,262599962;165,437;0;0;0
21/03/1997;0;0;0,145610782;165,556;0;0;0
22/03/1997;0;0;0,150537509;165,674;0;0;0
23/03/1997;0;0;0,135754935;165,792;0;0;0
24/03/1997;0;0;0,139722478;165,911;0;0;0
25/03/1997;0;0;0,139915453;166,029;0;0;0
26/03/1997;0;0;0,143294501;166,148;0;0;0
27/03/1997;0;0;0,082706716;166,207;0;0;0
28/03/1997;0;0;0,137972983;166,326;0;0;0
29/03/1997;0;0;0,14231891;166,444;0;0;0
30/03/1997;0;0;0,140955117;166,563;0;0;0
31/03/1997;0;0;0,082146501;166,622;0;0;0
01/04/1997;0;0;0,140374548;166,741;0;0;0
02/04/1997;0;0;0,078003365;166,8;0;0;0
03/04/1997;0;0;0,087916734;166,86;0;0;0
04/04/1997;0;0;0,148116288;166,979;0;0;0
05/04/1997;0;0;0,084556094;167,038;0;0;0
06/04/1997;0,1;0;0,083372278;167,097;0;0;0
07/04/1997;0,5;0;0,062972816;167,157;0;0;0
08/04/1997;0;0;0,078624479;167,216;0;0;0
09/04/1997;3;0;0,124949163;167,335;0;0;0
10/04/1997;1,5;0;0,065355299;167,395;0;0;0
11/04/1997;0,1;0;0,065546664;167,454;0;0;0
12/04/1997;0;0;0,142815423;167,573;0;0;0
13/04/1997;1;0;0,090370623;167,633;0;0;0
14/04/1997;0;0;0,13329766;167,752;0;0;0
15/04/1997;0;0;0,085025834;167,812;0;0;0
16/04/1997;0;0;0,087606536;167,871;0;0;0
17/04/1997;0;0;0,10112993;167,931;0;0;0
18/04/1997;2,5;0;0,085040495;167,991;0;0;0
19/04/1997;7,5;0;0,013712652;167,991;0;0;0
20/04/1997;8,5;0;0,06675214;168,05;0;0;0
21/04/1997;0;0;0,00775214;168,05;0;0;0
22/04/1997;0;0;0,02743065;168,05;0;0;0
23/04/1997;0;0;0,038164383;168,05;0;0;0
24/04/1997;0,1;0;0,022063784;168,05;0;0;0
25/04/1997;0;0;0,016100599;168,05;0;0;0
26/04/1997;0;0;0,028623287;168,05;0;0;0
27/04/1997;0;0;0,108907639;168,11;0;0;0
28/04/1997;0;0;0,040557554;168,11;0;0;0
29/04/1997;0;0;0,042346858;168,11;0;0;0
30/04/1997;0;0;0,033996773;168,11;0;0;0
01/05/1997;0,5;0;0,032803904;168,11;0;0;0
02/05/1997;0,1;0;0,023857385;168,11;0;0;0
03/05/1997;47;0;0,027435992;168,11;0;0;0
04/05/1997;0;0;0,036978946;168,11;0;0;0
05/05/1997;7;0;0,050696943;168,11;0;0;0
06/05/1997;18;0;0,041153989;168,11;0;0;0
07/05/1997;16,5;0;-0,160521336;167,931;0;0;0
08/05/1997;4;0;0,091002518;167,991;0;0;0
09/05/1997;0;0;-0,026023101;167,931;0;0;0
10/05/1997;0;0;0,04112993;167,931;0;0;0
11/05/1997;0;0;0,04112993;167,931;0;0;0
12/05/1997;0;0;0,033380813;167,931;0;0;0
13/05/1997;0;0;0,016094321;167,931;0;0;0
14/05/1997;1;0;0,016690406;167,931;0;0;0
15/05/1997;0;0;0,035169071;167,931;0;0;0
16/05/1997;0;0;0,079078473;167,991;0;0;0
17/05/1997;0;0;0,033983529;167,991;0;0;0
18/05/1997;0;0;0,036368338;167,991;0;0;0
19/05/1997;0;0;0,095375427;168,05;0;0;0
20/05/1997;0;0;0,058439211;168,05;0;0;0
21/05/1997;0;0;-0,014881032;167,991;0;0;0
22/05/1997;0;0;0,03934935;167,991;0;0;0
23/05/1997;0;0;0,092990153;168,05;0;0;0
24/05/1997;0;0;0,141668932;168,169;0;0;0
25/05/1997;0;0;0,061193335;168,229;0;0;0
26/05/1997;0;0;0,021480031;168,229;0;0;0
27/05/1997;0;0;0,027446706;168,229;0;0;0
28/05/1997;0;0;0,038186722;168,229;0;0;0
29/05/1997;0;0;0,035800051;168,229;0;0;0
30/05/1997;0;0;0,085661632;168,289;0;0;0
31/05/1997;0;0;0,077503875;168,348;0;0;0
01/06/1997;0,1;0;0,042379844;168,348;0;0;0
02/06/1997;0;0;0,03760465;168,348;0;0;0
03/06/1997;11;0;0,099999951;168,408;0;0;0
04/06/1997;11;0;0,082093825;168,468;0;0;0
05/06/1997;5,5;0;0,061194492;168,528;0;0;0
06/06/1997;0;0;-0,025963567;168,468;0;0;0
07/06/1997;0;0;0,035827824;168,468;0;0;0
08/06/1997;0;0;0,02985652;168,468;0;0;0
09/06/1997;0;0;-0,03014929;168,408;0;0;0
10/06/1997;0;0;0,037611894;168,408;0;0;0
11/06/1997;0;0;-0,017620156;168,348;0;0;0
12/06/1997;0;0;0,038798449;168,348;0;0;0
13/06/1997;0;0;0,012017075;168,289;0;0;0
14/06/1997;0;0;-0,003913253;168,229;0;0;0
15/06/1997;0;0;-0,024803501;168,169;0;0;0
16/06/1997;0;0;-0,001742277;168,11;0;0;0
17/06/1997;0;0;-0,012294521;168,05;0;0;0
18/06/1997;0;0;0,055457619;168,05;0;0;0
19/06/1997;0;0;-0,019054448;167,991;0;0;0
20/06/1997;0;0;-0,007544437;167,931;0;0;0
21/06/1997;0;0;0,005556645;167,871;0;0;0
22/06/1997;0;0;-0,008948333;167,812;0;0;0
23/06/1997;0;0;0,042305576;167,812;0;0;0
24/06/1997;0;0;0,02621754;167,812;0;0;0
25/06/1997;0;0;0,041113869;167,812;0;0;0
26/06/1997;0;0;-0,000426418;167,752;0;0;0
27/06/1997;0;0;0,055403431;167,752;0;0;0
28/06/1997;0;0;-0,017306665;167,693;0;0;0
29/06/1997;0;0;0,042884574;167,693;0;0;0
30/06/1997;0;0;0,025817781;167,633;0;44132,612;0
01/07/1997;0;0;0,027000373;167,573;0;44132,612;0
02/07/1997;0;0;0,081641903;167,573;0;44132,612;0
03/07/1997;0;0;0,038706697;167,514;0;44132,612;0
04/07/1997;0;0;0,025793204;167,454;0;44132,612;0
05/07/1997;0;0;0,02499984;167,395;0;44132,612;0
06/07/1997;0;0;0,021612338;167,335;0;44132,612;0
07/07/1997;0;0;-0,092247957;167,157;0;44132,612;0
08/07/1997;0;0;-0,09405532;166,979;0;44132,612;0
09/07/1997;0;0;-0,085577409;166,8;0;44132,612;0
10/07/1997;0;0;0,046287568;166,741;0;44132,612;0
11/07/1997;0;0;0,028466768;166,682;0;44132,612;0
12/07/1997;0;0;0,031019114;166,622;0;44132,612;0
13/07/1997;0;0;0,024889174;166,563;0;44132,612;0
14/07/1997;0,1;0;-0,054107343;166,444;0;44132,612;0
15/07/1997;0;0;-0,044815007;166,326;0;44132,612;0
16/07/1997;0;0;-0,023897948;166,207;0;44132,612;0
17/07/1997;0;0;-0,090036482;166,029;0;44132,612;0
18/07/1997;0;0;-0,028870006;165,911;0;44132,612;0
19/07/1997;0;0;-0,04054118;165,792;0;44132,612;0
20/07/1997;0;0;-0,033639196;165,674;0;44132,612;0
21/07/1997;0;0;-0,03365554;165,556;0;44132,612;0
22/07/1997;0;0;-0,037036331;165,437;0;44132,612;0
23/07/1997;0;0;-0,090924251;165,26;0;44132,612;0
24/07/1997;0;0;-0,090359579;165,083;0;44132,612;0
25/07/1997;0;0;-0,02783614;164,965;0;44132,612;0
26/07/1997;0;0;-0,086864513;164,788;0;44132,612;0
27/07/1997;0;0;-0,020219461;164,67;0;44132,612;0
28/07/1997;0;0;-0,092803644;164,493;0;44132,612;0
29/07/1997;0;0;-0,033820239;164,375;0;44132,612;0
30/07/1997;0;0;-0,097142178;164,199;0;44132,612;0
31/07/1997;0;0;0,03480829;164,081;19354,838;96389,387;0
01/08/1997;0;0;-0,01909922;163,905;19354,838;96389,387;0
02/08/1997;0;0;-0,070909175;163,669;19354,838;96389,387;0
03/08/1997;0;0;-0,017985258;163,493;19354,838;96389,387;0
04/08/1997;0;0;0,040410188;163,376;19354,838;96389,387;0
05/08/1997;0;0;-0,011578484;163,2;19354,838;96389,387;0
06/08/1997;0;0;-0,063001813;162,965;19354,838;96389,387;0
07/08/1997;0;0;-0,078442972;162,731;19354,838;96389,387;0
08/08/1997;0;0;-0,029830061;162,555;19354,838;96389,387;0
09/08/1997;0;0;-0,033527385;162,38;19354,838;96389,387;0
10/08/1997;0;0;-0,012922443;162,204;19354,838;96389,387;0
11/08/1997;0;0;0,039463864;162,088;19354,838;96389,387;0
12/08/1997;0;0;-0,01647554;161,912;19354,838;96389,387;0
13/08/1997;0;0;-0,023670826;161,737;19354,838;96389,387;0
14/08/1997;0;0;-0,031272601;161,562;19354,838;96389,387;0
15/08/1997;0;0;-0,080559539;161,329;19354,838;96389,387;0
16/08/1997;0;0;-0,023329629;161,155;19354,838;96389,387;0
17/08/1997;0;0;0,041801073;161,038;19354,838;96389,387;0
18/08/1997;0;0;0,029405644;160,922;19354,838;96389,387;0
19/08/1997;0;0;-0,025545186;160,747;19354,838;96389,387;0
20/08/1997;0;0;-0,028633116;160,573;19354,838;96389,387;0
21/08/1997;0;0;-0,04548577;160,399;19354,838;96389,387;0
22/08/1997;0;0;-0,023451353;160,225;19354,838;96389,387;0
23/08/1997;0;0;-0,029271204;160,051;19354,838;96389,387;0
24/08/1997;6;0;0,002061969;159,935;19354,838;96389,387;0
25/08/1997;3,5;0;-0,035672728;159,761;19354,838;96389,387;0
26/08/1997;0;0;-0,031058339;159,587;19354,838;96389,387;0
27/08/1997;0;0;-0,016775869;159,414;19354,838;96389,387;0
28/08/1997;0;0;-0,007978512;159,24;19354,838;96389,387;0
29/08/1997;0;0;-0,079457943;159,009;19354,838;96389,387;0
30/08/1997;0;0;-0,019173847;158,836;19354,838;96389,387;0
31/08/1997;0;0;0,024106536;158,663;82952,866;89359,366;0
01/09/1997;0;0;0,040224157;158,49;82952,866;89359,366;0
02/09/1997;0;0;0,028679909;158,317;82952,866;89359,366;0
03/09/1997;0;0;0,032688192;158,144;82952,866;89359,366;0
04/09/1997;0;0;0,03194047;157,972;82952,866;89359,366;0
05/09/1997;0;0;0,026896365;157,799;82952,866;89359,366;0
06/09/1997;0;0;0,025580487;157,627;82952,866;89359,366;0
07/09/1997;0;0;0,025563319;157,455;82952,866;89359,366;0
08/09/1997;0;0;0,085993622;157,34;82952,866;89359,366;0
09/09/1997;0;0;0,032413447;157,168;82952,866;89359,366;0
10/09/1997;0;0;0,038692701;156,996;82952,866;89359,366;0
11/09/1997;0;0;0,034659273;156,824;82952,866;89359,366;0
12/09/1997;0;0;0,019618077;156,653;82952,866;89359,366;0
13/09/1997;0;0;0,027180432;156,481;82952,866;89359,366;0
14/09/1997;0;0;0,027590618;156,31;82952,866;89359,366;0
15/09/1997;0;0;0,0260016;156,138;82952,866;89359,366;0
16/09/1997;0;0;0,029836238;155,967;82952,866;89359,366;0
17/09/1997;0;0;0,024115618;155,796;82952,866;89359,366;0
18/09/1997;0;0;0,024669457;155,625;82952,866;89359,366;0
19/09/1997;0;0;0,029207542;155,454;82952,866;89359,366;0
20/09/1997;0;0;0,025774718;155,283;82952,866;89359,366;0
21/09/1997;0;0;0,023346651;155,113;82952,866;89359,366;0
22/09/1997;0;0;0,02630862;154,942;82952,866;89359,366;0
23/09/1997;0;0;0,027291092;154,772;82952,866;89359,366;0
24/09/1997;0,5;0;0,011523675;154,601;82952,866;89359,366;0
25/09/1997;0;0;0,021586946;154,431;82952,866;89359,366;0
26/09/1997;10;0;0,184217202;154,431;82952,866;89359,366;0
27/09/1997;36,5;0;0,272407008;154,488;82952,866;89359,366;0
28/09/1997;21;0;0,188756291;154,488;82952,866;89359,366;0
29/09/1997;15,5;0;0,188756291;154,488;82952,866;89359,366;0
30/09/1997;0,5;0;0,060738903;154,431;26297,645;88039,838;0
01/10/1997;0;0;0,077607686;154,375;26297,645;88039,838;0
02/10/1997;0;0;0,01959862;154,261;26297,645;88039,838;0
03/10/1997;0;0;0,022854499;154,148;26297,645;88039,838;0
04/10/1997;11;0;0,072622295;154,091;26297,645;88039,838;0
05/10/1997;0;0;0,074750634;154,035;26297,645;88039,838;0
06/10/1997;9,5;0;0,122261073;154,035;26297,645;88039,838;0
07/10/1997;0;0;0,074312587;153,978;26297,645;88039,838;0
08/10/1997;0;0;0,027353729;153,865;26297,645;88039,838;0
09/10/1997;0;0;-0,038142288;153,695;26297,645;88039,838;0
10/10/1997;0;0;0,078678749;153,639;26297,645;88039,838;0
11/10/1997;0;0;0,030705405;153,526;26297,645;88039,838;0
12/10/1997;0;0;-0,016721265;153,356;26297,645;88039,838;0
13/10/1997;0;0;-0,03210397;153,187;26297,645;88039,838;0
14/10/1997;0;0;0,022757908;153,074;26297,645;88039,838;0
15/10/1997;0;0;0,024311105;152,962;26297,645;88039,838;0
16/10/1997;0;0;-0,03551971;152,793;26297,645;88039,838;0
17/10/1997;0;0;0,07366125;152,736;26297,645;88039,838;0
18/10/1997;1;0;0,017528223;152,624;26297,645;88039,838;0
19/10/1997;0;0;0,015396251;152,511;26297,645;88039,838;0
20/10/1997;4;0;0,00514789;152,399;26297,645;88039,838;0
21/10/1997;0;0;0,067890567;152,343;26297,645;88039,838;0
22/10/1997;0;0;0,023242895;152,23;26297,645;88039,838;0
23/10/1997;0;0;0,027039366;152,118;26297,645;88039,838;0
24/10/1997;0;0;0,023099553;152,006;26297,645;88039,838;0
25/10/1997;0;0;0,013115686;151,893;26297,645;88039,838;0
26/10/1997;0;0;0,015791811;151,781;26297,645;88039,838;0
27/10/1997;0;0;0,016905963;151,669;26297,645;88039,838;0
28/10/1997;0;0;-0,010548638;151,501;26297,645;88039,838;0
29/10/1997;0;0;-0,037996127;151,333;26297,645;88039,838;0
30/10/1997;0;0;0,023029452;151,221;26297,645;88039,838;0
31/10/1997;0;0;-0,060414514;151,054;9479,6666;81458,419;0
01/11/1997;0;0;-0,009890639;150,942;9479,6666;81458,419;0
02/11/1997;25;0;0,154201191;150,998;9479,6666;81458,419;0
03/11/1997;8;0;0,097642491;150,998;9479,6666;81458,419;0
04/11/1997;1;0;-0,009893334;150,886;9479,6666;81458,419;0
05/11/1997;5,5;0;0,040521013;150,83;9479,6666;81458,419;0
06/11/1997;0;0;-0,010017542;150,719;9479,6666;81458,419;0
07/11/1997;2;0;-0,009906936;150,607;9479,6666;81458,419;0
08/11/1997;0;0;-0,008797417;150,495;9479,6666;81458,419;0
09/11/1997;0;0;0,055445033;150,44;9479,6666;81458,419;0
10/11/1997;0;0;-0,008249326;150,328;9479,6666;81458,419;0
11/11/1997;2;0;0,047747534;150,272;9479,6666;81458,419;0
12/11/1997;0;0;-2,21495E-05;150,161;9479,6666;81458,419;0
13/11/1997;1;0;-0,019505527;150,05;9479,6666;81458,419;0
14/11/1997;0;0;-0,002822356;149,939;9479,6666;81458,419;0
15/11/1997;0;0;0,047725599;149,883;9479,6666;81458,419;0
16/11/1997;0;0;0,047166601;149,827;9479,6666;81458,419;0
17/11/1997;0;0;-0,006728249;149,716;9479,6666;81458,419;0
18/11/1997;0,5;0;0,047046732;149,661;9479,6666;81458,419;0
19/11/1997;0;0;0,044933416;149,605;9479,6666;81458,419;0
20/11/1997;4,5;0;0,041489676;149,55;9479,6666;81458,419;0
21/11/1997;3;0;-0,010850813;149,439;9479,6666;81458,419;0
22/11/1997;0;0;-0,001759701;149,328;9479,6666;81458,419;0
23/11/1997;0;0;-0,007866463;149,217;9479,6666;81458,419;0
24/11/1997;7;0;0,093709779;149,217;9479,6666;81458,419;0
25/11/1997;41;0;0,712610759;149,827;9479,6666;81458,419;0
26/11/1997;0;0;0,327291387;150,05;9479,6666;81458,419;0
27/11/1997;0;0;0,159294667;150,105;9479,6666;81458,419;0
28/11/1997;21;0;0,161411249;150,161;9479,6666;81458,419;0
29/11/1997;0;0;0,174777913;150,217;9479,6666;81458,419;0
30/11/1997;0;0;-0,02400721;150,105;4537,9032;66759,161;0
01/12/1997;0;0;-0,026909157;149,994;4537,9032;66759,161;0
02/12/1997;0;0;-0,00856812;149,883;4537,9032;66759,161;0
03/12/1997;8,5;0;0,024746372;149,827;4537,9032;66759,161;0
04/12/1997;17;0;0,20721;149,939;4537,9032;66759,161;0
05/12/1997;1;0;0,077970442;149,939;4537,9032;66759,161;0
06/12/1997;0;0;0,078526556;149,939;4537,9032;66759,161;0
07/12/1997;0;0;0,091873311;149,939;4537,9032;66759,161;0
08/12/1997;0;0;0,030864472;149,883;4537,9032;66759,161;0
09/12/1997;0;0;-0,021920358;149,772;4537,9032;66759,161;0
10/12/1997;0;0;0,028630729;149,716;4537,9032;66759,161;0
11/12/1997;0;0;0,026294846;149,661;4537,9032;66759,161;0
12/12/1997;2;0;0,079628549;149,661;4537,9032;66759,161;0
13/12/1997;0;0;0,020294729;149,605;4537,9032;66759,161;0
14/12/1997;0;0;0,024624449;149,55;4537,9032;66759,161;0
15/12/1997;7,5;0;0,077403813;149,55;4537,9032;66759,161;0
16/12/1997;24,5;0;0,254519715;149,716;4537,9032;66759,161;0
17/12/1997;82;0;6,354953321;155,568;4537,9032;66759,161;0,414
18/12/1997;29,5;0;4,607211951;159,24;4537,9032;66759,161;0,846
19/12/1997;1;0;2,448558317;160,225;4537,9032;66759,161;1,3824
20/12/1997;0;0;0,708216424;159,472;4537,9032;66759,161;1,3824
21/12/1997;7;0;0,534884245;158,548;4537,9032;66759,161;1,3824
22/12/1997;7;0;0,231446346;157,914;4537,9032;66759,161;0,7884
23/12/1997;0;0;1,606128148;157,111;4537,9032;66759,161;2,31548
24/12/1997;0;0;0,453306514;155,169;4537,9032;66759,161;2,31548
25/12/1997;0;0;-0,108626356;153,131;4537,9032;66759,161;1,8468
26/12/1997;0;0;0,116702206;152,286;4537,9032;66759,161;0,864
27/12/1997;0;0;-0,116251863;151,725;4537,9032;66759,161;0,36
28/12/1997;0;0;0,244344865;151,893;4537,9032;66759,161;0
29/12/1997;11,5;0;0,360720191;152,174;4537,9032;66759,161;0
30/12/1997;25,5;0;0,923750474;153,018;4537,9032;66759,161;0
31/12/1997;1;0;0,603370048;153,582;2991,2258;31294,709;0
01/01/1998;0;0;0,620670476;154,148;2991,2258;31294,709;0
02/01/1998;0;0;0,328624002;154,431;2991,2258;31294,709;0
03/01/1998;0;0;0,334745416;154,715;2991,2258;31294,709;0
04/01/1998;0;0;0,332491742;154,999;2991,2258;31294,709;0
05/01/1998;0;0;0,216795795;155,169;2991,2258;31294,709;0
06/01/1998;0;0;0,216097456;155,34;2991,2258;31294,709;0
07/01/1998;0;0;0,208133054;155,511;2991,2258;31294,709;0
08/01/1998;0;0;0,152273754;155,625;2991,2258;31294,709;0
09/01/1998;0;0;0,21212695;155,796;2991,2258;31294,709;0
10/01/1998;0;0;0,154559765;155,91;2991,2258;31294,709;0
11/01/1998;0;0;0,210422627;156,081;2991,2258;31294,709;0
12/01/1998;7,5;0;0,205857073;156,252;2991,2258;31294,709;0
13/01/1998;0;0;0,22571804;156,424;2991,2258;31294,709;0
14/01/1998;0;0;0,223015657;156,595;2991,2258;31294,709;0
15/01/1998;0;0;0,159585329;156,71;2991,2258;31294,709;0
16/01/1998;0;0;0,1614523;156,824;2991,2258;31294,709;0
17/01/1998;0;0;0,156158486;156,939;2991,2258;31294,709;0
18/01/1998;0;0;0,168340034;157,053;2991,2258;31294,709;0
19/01/1998;0;0;0,115783228;157,111;2991,2258;31294,709;0
20/01/1998;0;0;0,050905971;157,111;2991,2258;31294,709;0
21/01/1998;0;0;0,104470362;157,168;2991,2258;31294,709;0
22/01/1998;0;0;0,100459782;157,225;2991,2258;31294,709;0
23/01/1998;0;0;0,109490837;157,283;2991,2258;31294,709;0
24/01/1998;2;0;0,096448585;157,34;2991,2258;31294,709;0
25/01/1998;3;0;0,159042037;157,455;2991,2258;31294,709;0
26/01/1998;7,5;0;0,151008378;157,57;2991,2258;31294,709;0
27/01/1998;3,5;0;0,155604432;157,685;2991,2258;31294,709;0
28/01/1998;1,5;0;0,100478553;157,742;2991,2258;31294,709;0
29/01/1998;0;0;0,103928662;157,799;2991,2258;31294,709;0
30/01/1998;29,5;0;0,789625823;158,548;2991,2258;31294,709;0
31/01/1998;13,5;0;2,588145448;161,096;3997,0714;33238,5;0
01/02/1998;3;0;0,689902768;161,737;3997,0714;33238,5;0
02/02/1998;41;0;4,272284549;164,729;3997,0714;33238,5;1,24128
03/02/1998;88,5;0;9,389836794;170,625;3997,0714;33238,5;3,456
04/02/1998;2;0;2,904237563;170,024;3997,0714;33238,5;3,456
05/02/1998;0;0;1,462024178;167,991;3997,0714;33238,5;3,456
06/02/1998;5,5;0;1,002782955;165,497;3997,0714;33238,5;3,456
07/02/1998;0,5;0;0,909679979;162,907;3997,0714;33238,5;3,456
08/02/1998;0;0;-0,411973904;159,761;3997,0714;33238,5;2,691
09/02/1998;3,5;0;0,390453939;160,109;3997,0714;33238,5;0
10/02/1998;0;0;0,621303196;160,689;3997,0714;33238,5;0
11/02/1998;0;0;0,445981497;161,096;3997,0714;33238,5;0
12/02/1998;0;0;0,507316451;161,562;3997,0714;33238,5;0
13/02/1998;0;0;0,511827395;162,029;3997,0714;33238,5;0
14/02/1998;0;0;0,339173965;162,321;3997,0714;33238,5;0
15/02/1998;0;0;0,28001222;162,555;3997,0714;33238,5;0
16/02/1998;0;0;0,340778726;162,848;3997,0714;33238,5;0
17/02/1998;0;0;0,333167322;163,141;3997,0714;33238,5;0
18/02/1998;0;0;0,631569794;163,376;3997,0714;33238,5;0,3564
19/02/1998;0;0;0,304307974;163,141;3997,0714;33238,5;0,488
20/02/1998;0;0;-0,127044853;162,965;3997,0714;33238,5;0
21/02/1998;0;0;0,226721624;163,141;3997,0714;33238,5;0
22/02/1998;0;0;0,303338333;163,376;3997,0714;33238,5;0
23/02/1998;0;0;0,229677559;163,552;3997,0714;33238,5;0
24/02/1998;0;0;0,225574812;163,728;3997,0714;33238,5;0
25/02/1998;0;0;0,290465845;163,963;3997,0714;33238,5;0
26/02/1998;0;0;0,286183955;164,199;3997,0714;33238,5;0
27/02/1998;0;0;0,17131098;164,316;3997,0714;33238,5;0
28/02/1998;0;0;0,179897822;164,434;13337,741;33833,806;0
01/03/1998;0;0;0,186975453;164,552;13337,741;33833,806;0
02/03/1998;0;0;0,181089064;164,67;13337,741;33833,806;0
03/03/1998;0;0;0,234021327;164,729;13337,741;33833,806;0,11016
04/03/1998;0;0;0,23186496;164,788;13337,741;33833,806;0,108
05/03/1998;0;0;0,125942326;164,788;13337,741;33833,806;0,054
06/03/1998;0;0;0,18641238;164,906;13337,741;33833,806;0
07/03/1998;0;0;0,207670627;165,024;13337,741;33833,806;0
08/03/1998;0;0;0,238377383;165,083;13337,741;33833,806;0,108
09/03/1998;0;0;0,138080362;165,024;13337,741;33833,806;0,108
10/03/1998;0;0;0,118597027;164,965;13337,741;33833,806;0,108
11/03/1998;0;0;0,137473168;164,906;13337,741;33833,806;0,108
12/03/1998;0;0;0,074616158;164,847;13337,741;33833,806;0,054
13/03/1998;0;0;0,119152056;164,906;13337,741;33833,806;0
14/03/1998;0;0;0,123875873;164,965;13337,741;33833,806;0
15/03/1998;0;0;0,172875873;164,965;13337,741;33833,806;0,108
16/03/1998;0;0;0,120952519;164,906;13337,741;33833,806;0,108
17/03/1998;0;0;0,182312612;164,906;13337,741;33833,806;0,108
18/03/1998;0;0;-0,050775918;164,788;13337,741;33833,806;0
19/03/1998;0;0;0,061040646;164,729;13337,741;33833,806;0,054
20/03/1998;0;0;0,068399283;164,729;13337,741;33833,806;0
21/03/1998;0;0;0,125634302;164,788;13337,741;33833,806;0
22/03/1998;0;0;0,119739293;164,847;13337,741;33833,806;0
23/03/1998;0;0;0,122692195;164,906;13337,741;33833,806;0
24/03/1998;0;0;0,065462265;164,906;13337,741;33833,806;0
25/03/1998;0;0;0,126826594;164,965;13337,741;33833,806;0
26/03/1998;0;0;0,066646306;164,965;13337,741;33833,806;0
27/03/1998;0;0;0,124469762;165,024;13337,741;33833,806;0
28/03/1998;7;0;0,175800674;165,142;13337,741;33833,806;0
29/03/1998;1;0;0,106762175;165,201;13337,741;33833,806;0
30/03/1998;0;0;0,071387288;165,201;13337,741;33833,806;0
31/03/1998;0;0;0,130391936;165,26;18849,266;35410,966;0
01/04/1998;0;0;0,081434659;165,26;18849,266;35410,966;0
02/04/1998;0;0;0,084388401;165,26;18849,266;35410,966;0
03/04/1998;0;0;0,083797652;165,26;18849,266;35410,966;0
04/04/1998;0;0;0,073754929;165,26;18849,266;35410,966;0
05/04/1998;0;0;0,077890168;165,26;18849,266;35410,966;0
06/04/1998;0;0;0,024791624;165,201;18849,266;35410,966;0
07/04/1998;0;0;0,086744763;165,201;18849,266;35410,966;0
08/04/1998;0;0;0,02183305;165,142;18849,266;35410,966;0
09/04/1998;0;0;0,02064684;165,083;18849,266;35410,966;0
10/04/1998;0;0;0,071971819;165,083;18849,266;35410,966;0
11/04/1998;0;0;0,023592952;165,024;18849,266;35410,966;0
12/04/1998;0;0;0,081412422;165,024;18849,266;35410,966;0
13/04/1998;0;0;0,031259028;164,965;18849,266;35410,966;0
14/04/1998;1,5;0;0,074325135;164,965;18849,266;35410,966;0
15/04/1998;0;0;0,079636433;164,965;18849,266;35410,966;0
16/04/1998;1;0;0,074325135;164,965;18849,266;35410,966;0
17/04/1998;0;0;0,094390038;164,965;18849,266;35410,966;0
18/04/1998;0;0;0,080226577;164,965;18849,266;35410,966;0
19/04/1998;0;0;0,022401297;164,906;18849,266;35410,966;0
20/04/1998;0;0;0,083171366;164,906;18849,266;35410,966;0
21/04/1998;0;0;0,081401297;164,906;18849,266;35410,966;0
22/04/1998;8;0;0,12978427;164,965;18849,266;35410,966;0
23/04/1998;0;0;0,03420176;164,906;18849,266;35410,966;0
24/04/1998;0;0;0,031834157;164,847;18849,266;35410,966;0
25/04/1998;0;0;0,084935137;164,847;18849,266;35410,966;0
26/04/1998;0;0;0,037724424;164,788;18849,266;35410,966;0
27/04/1998;0;0;0,086108376;164,788;18849,266;35410,966;0
28/04/1998;0;0;0,008822397;164,729;18849,266;35410,966;0
29/04/1998;1;0;0,022378964;164,67;18849,266;35410,966;0
30/04/1998;0;0;0,058378991;164,611;14505,129;63383;0
01/05/1998;0;0;0,043049215;164,552;14505,129;63383;0
02/05/1998;6;0;0,148676446;164,611;14505,129;63383;0
03/05/1998;14;0;0,163417324;164,67;14505,129;63383;0
04/05/1998;0;0;0,103238248;164,67;14505,129;63383;0
05/05/1998;0;0;0,054842496;164,611;14505,129;63383;0
06/05/1998;0;0;0,107948338;164,611;14505,129;63383;0
07/05/1998;0;0;0,048352867;164,552;14505,129;63383;0
08/05/1998;0;0;-0,014782678;164,434;14505,129;63383;0
09/05/1998;5;0;0,089669149;164,434;14505,129;63383;0
10/05/1998;15;0;0,091436302;164,434;14505,129;63383;0
11/05/1998;0;0;0,091436302;164,434;14505,129;63383;0
12/05/1998;0;0;0,038322775;164,375;14505,129;63383;0
13/05/1998;6;0;0,144545792;164,434;14505,129;63383;0
14/05/1998;0;0;0,044212061;164,375;14505,129;63383;0
15/05/1998;0;0;0,034785923;164,316;14505,129;63383;0
16/05/1998;0;0;0,049911069;164,258;14505,129;63383;0
17/05/1998;0;0;0,110854494;164,258;14505,129;63383;0
18/05/1998;0;0;0,056556153;164,199;14505,129;63383;0
19/05/1998;0;0;0,042425732;164,14;14505,129;63383;0
20/05/1998;0;0;-0,018936822;164,022;14505,129;63383;0
21/05/1998;0;0;0,041822989;163,963;14505,129;63383;0
22/05/1998;0;0;-0,018537884;163,846;14505,129;63383;0
23/05/1998;0;0;0,029466823;163,787;14505,129;63383;0
24/05/1998;0;0;-0,008976516;163,669;14505,129;63383;0
25/05/1998;0;0;0,052191659;163,611;14505,129;63383;0
26/05/1998;0;0;0,055295387;163,552;14505,129;63383;0
27/05/1998;0;0;0,058810284;163,493;14505,129;63383;0
28/05/1998;0;0;-0,00155382;163,376;14505,129;63383;0
29/05/1998;0;0;-0,021927358;163,258;14505,129;63383;0
30/05/1998;0;0;-0,026212168;163,141;14505,129;63383;0
31/05/1998;0;0;0,079827707;163,083;21149,733;89125,333;0
01/06/1998;0;0;0,089957836;163,024;21149,733;89125,333;0
02/06/1998;3;0;0,039557627;162,907;21149,733;89125,333;0
03/06/1998;0;0;0,023141015;162,79;21149,733;89125,333;0
04/06/1998;2;0;0,023299061;162,672;21149,733;89125,333;0
05/06/1998;13;0;0,069832075;162,614;21149,733;89125,333;0
06/06/1998;0;0;0,102179626;162,555;21149,733;89125,333;0
07/06/1998;0;0;0,024272655;162,438;21149,733;89125,333;0
08/06/1998;0;0;0,028351749;162,321;21149,733;89125,333;0
09/06/1998;0;0;0,034180415;162,204;21149,733;89125,333;0
10/06/1998;0;0;0,055022749;162,088;21149,733;89125,333;0
11/06/1998;0;0;0,052245026;161,971;21149,733;89125,333;0
12/06/1998;0;0;-0,0373011;161,796;21149,733;89125,333;0
13/06/1998;0;0;0,039933866;161,679;21149,733;89125,333;0
14/06/1998;0;0;0,034083861;161,562;21149,733;89125,333;0
15/06/1998;0;0;0,033318125;161,446;21149,733;89125,333;0
16/06/1998;0;0;0,014244344;161,329;21149,733;89125,333;0
17/06/1998;0;0;-0,043351349;161,155;21149,733;89125,333;0
18/06/1998;0;0;0,015385339;161,038;21149,733;89125,333;0
19/06/1998;0;0;0,027426064;160,922;21149,733;89125,333;0
20/06/1998;0;0;-0,034501648;160,747;21149,733;89125,333;0
21/06/1998;0;0;0,031456711;160,631;21149,733;89125,333;0
22/06/1998;0;0;-0,027728839;160,457;21149,733;89125,333;0
23/06/1998;0;0;0,032576717;160,341;21149,733;89125,333;0
24/06/1998;0;0;0,038360667;160,225;21149,733;89125,333;0
25/06/1998;0;0;0,036022008;160,109;21149,733;89125,333;0
26/06/1998;0;0;-0,027799905;159,935;21149,733;89125,333;0
27/06/1998;0;0;-0,027823681;159,761;21149,733;89125,333;0
28/06/1998;0;0;0,035369613;159,645;21149,733;89125,333;0
29/06/1998;0;0;0,016838157;159,529;21149,733;89125,333;0
30/06/1998;0;0;0,034814209;159,414;26213,387;96999,741;0
01/07/1998;0;0;-0,002243308;159,24;26213,387;96999,741;0
02/07/1998;0;0;0,008542025;159,067;26213,387;96999,741;0
03/07/1998;0;0;0,060320776;158,951;26213,387;96999,741;0
04/07/1998;0;0;-0,009982853;158,778;26213,387;96999,741;0
05/07/1998;0;0;-0,008280108;158,605;26213,387;96999,741;0
06/07/1998;0;0;-0,001970999;158,432;26213,387;96999,741;0
07/07/1998;0;0;-0,088252342;158,144;26213,387;96999,741;0
08/07/1998;0;0;-0,06136755;157,914;26213,387;96999,741;0
09/07/1998;0;0;-0,009143707;157,742;26213,387;96999,741;0
10/07/1998;0;0;-0,005725788;157,57;26213,387;96999,741;0
11/07/1998;0;0;-0,009050154;157,397;26213,387;96999,741;0
12/07/1998;0;0;0,043622933;157,283;26213,387;96999,741;0
13/07/1998;0;0;0,05636495;157,168;26213,387;96999,741;0
14/07/1998;0;0;0,000477611;156,996;26213,387;96999,741;0
15/07/1998;0;0;-0,019591887;156,824;26213,387;96999,741;0
16/07/1998;0;0;-0,008886951;156,653;26213,387;96999,741;0
17/07/1998;0;0;0,056243922;156,538;26213,387;96999,741;0
18/07/1998;0;0;0,051506533;156,424;26213,387;96999,741;0
19/07/1998;0;0;0,049773246;156,31;26213,387;96999,741;0
20/07/1998;0;0;-0,001975135;156,138;26213,387;96999,741;0
21/07/1998;0;0;-0,152086969;155,796;26213,387;96999,741;0
22/07/1998;0;0;-0,064348347;155,568;26213,387;96999,741;0
23/07/1998;0;0;-0,013637258;155,397;26213,387;96999,741;0
24/07/1998;0;0;-0,000579567;155,226;26213,387;96999,741;0
25/07/1998;0;0;-0,0052962;155,056;26213,387;96999,741;0
26/07/1998;0;0;0,044435312;154,942;26213,387;96999,741;0
27/07/1998;0;0;-0,001370763;154,772;26213,387;96999,741;0
28/07/1998;0;0;-0,010344915;154,601;26213,387;96999,741;0
29/07/1998;0;0;-0,014473381;154,431;26213,387;96999,741;0
30/07/1998;0;0;0,044778011;154,318;26213,387;96999,741;0
31/07/1998;0;0;0,04311838;154,148;65758,64;96398,387;0
01/08/1998;0;0;-0,016323919;153,922;65758,64;96398,387;0
02/08/1998;0;0;0,03568534;153,752;65758,64;96398,387;0
03/08/1998;0;0;0,017577593;153,582;65758,64;96398,387;0
04/08/1998;0;0;-0,024901721;153,356;65758,64;96398,387;0
05/08/1998;0;0;0,030942593;153,187;65758,64;96398,387;0
06/08/1998;0;0;0,033169833;153,018;65758,64;96398,387;0
07/08/1998;0;0;0,032014911;152,849;65758,64;96398,387;0
08/08/1998;0;0;0,089122111;152,736;65758,64;96398,387;0
09/08/1998;0;0;0,078850647;152,624;65758,64;96398,387;0
10/08/1998;0;0;-0,032490574;152,399;65758,64;96398,387;0
11/08/1998;0;0;0,016747471;152,23;65758,64;96398,387;0
12/08/1998;0;0;0,084402819;152,118;65758,64;96398,387;0
13/08/1998;0;0;0,020524127;151,95;65758,64;96398,387;0
14/08/1998;0;0;0,030717027;151,781;65758,64;96398,387;0
15/08/1998;0;0;0,014323877;151,613;65758,64;96398,387;0
16/08/1998;0;0;-0,04001664;151,389;65758,64;96398,387;0
17/08/1998;0;0;0,016526723;151,221;65758,64;96398,387;0
18/08/1998;0;0;0,029246006;151,054;65758,64;96398,387;0
19/08/1998;0;0;0,015935758;150,886;65758,64;96398,387;0
20/08/1998;0;0;0,034218473;150,719;65758,64;96398,387;0
21/08/1998;0;0;0,025940987;150,551;65758,64;96398,387;0
22/08/1998;0;0;0,031375339;150,384;65758,64;96398,387;0
23/08/1998;0;0;0,034132786;150,217;65758,64;96398,387;0
24/08/1998;0;0;0,029096668;150,05;65758,64;96398,387;0
25/08/1998;0;0;0,018508139;149,883;65758,64;96398,387;0
26/08/1998;0;0;0,03682473;149,716;65758,64;96398,387;0
27/08/1998;0;0;0,008979858;149,494;65758,64;96398,387;0
28/08/1998;0;0;0,033870678;149,328;65758,64;96398,387;0
29/08/1998;0;0;-0,029369384;149,106;65758,64;96398,387;0
30/08/1998;0;0;0,027161651;148,94;65758,64;96398,387;0
31/08/1998;0;0;0,001860882;148,774;51392,6;89359,366;0
01/09/1998;0;0;-0,048639072;148,552;51392,6;89359,366;0
02/09/1998;0;0;0,007784403;148,387;51392,6;89359,366;0
03/09/1998;0;0;0,011175422;148,221;51392,6;89359,366;0
04/09/1998;0;0;0,027140543;148,055;51392,6;89359,366;0
05/09/1998;0;0;-0,043989889;147,835;51392,6;89359,366;0
06/09/1998;0;0;-0,05448192;147,615;51392,6;89359,366;0
07/09/1998;0;0;-0,086976506;147,34;51392,6;89359,366;0
08/09/1998;0;0;-0,039162451;147,12;51392,6;89359,366;0
09/09/1998;0;0;0,000443643;146,955;51392,6;89359,366;0
10/09/1998;0;0;-0,001316453;146,791;51392,6;89359,366;0
11/09/1998;0;0;-0,027212985;146,571;51392,6;89359,366;0
12/09/1998;0;0;-0,026265551;146,352;51392,6;89359,366;0
13/09/1998;0;0;-0,03725077;146,133;51392,6;89359,366;0
14/09/1998;0;0;-0,028101156;145,915;51392,6;89359,366;0
15/09/1998;0;0;-0,102251907;145,642;51392,6;89359,366;0
16/09/1998;0;0;0,102109311;145,587;51392,6;89359,366;0
17/09/1998;1;0;-0,011351452;145,424;51392,6;89359,366;0
18/09/1998;0,5;0;-0,007004464;145,261;51392,6;89359,366;0
19/09/1998;0;0;0,039913993;145,152;51392,6;89359,366;0
20/09/1998;1,5;0;0,040453697;145,043;51392,6;89359,366;0
21/09/1998;0;0;0,051320849;144,934;51392,6;89359,366;0
22/09/1998;0,5;0;-0,009212106;144,771;51392,6;89359,366;0
23/09/1998;0;0;-0,003251896;144,608;51392,6;89359,366;0
24/09/1998;0;0;-0,002181846;144,445;51392,6;89359,366;0
25/09/1998;22;0;0,169495424;144,445;51392,6;89359,366;0
26/09/1998;2;0;0,044677099;144,337;51392,6;89359,366;0
27/09/1998;17,5;0;0,099215945;144,283;51392,6;89359,366;0
28/09/1998;0;0;0,097045653;144,229;51392,6;89359,366;0
29/09/1998;0;0;0,056660733;144,12;51392,6;89359,366;0
30/09/1998;0;0;0,003206924;143,958;37624,741;90247,87;0
01/10/1998;0;0;-0,057236693;143,741;37624,741;90247,87;0
02/10/1998;0;0;-0,002261372;143,579;37624,741;90247,87;0
03/10/1998;0;0;-0,012540044;143,417;37624,741;90247,87;0
04/10/1998;0;0;-0,009860435;143,255;37624,741;90247,87;0
05/10/1998;0;0;-0,007262733;143,094;37624,741;90247,87;0
06/10/1998;0;0;-0,007744392;142,932;37624,741;90247,87;0
07/10/1998;0;0;-0,003536862;142,771;37624,741;90247,87;0
08/10/1998;0;0;-0,002409527;142,609;37624,741;90247,87;0
09/10/1998;0;0;-0,072627522;142,394;37624,741;90247,87;0
10/10/1998;0;0;-0,068423771;142,18;37624,741;90247,87;0
11/10/1998;0;0;0,038103202;142,072;37624,741;90247,87;0
12/10/1998;0;0;0,038557773;141,965;37624,741;90247,87;0
13/10/1998;0;0;-0,011707591;141,804;37624,741;90247,87;0
14/10/1998;0;0;-0,013934837;141,644;37624,741;90247,87;0
15/10/1998;0;0;0,032103311;141,537;37624,741;90247,87;0
16/10/1998;0;0;0,033166469;141,43;37624,741;90247,87;0
17/10/1998;0;0;0,041707788;141,323;37624,741;90247,87;0
18/10/1998;0;0;0,049172227;141,216;37624,741;90247,87;0
19/10/1998;0;0;0,006287157;141,056;37624,741;90247,87;0
20/10/1998;0;0;-0,016133939;140,896;37624,741;90247,87;0
21/10/1998;0;0;-0,178820527;140,576;37624,741;90247,87;0
22/10/1998;0;0;-0,011980654;140,417;37624,741;90247,87;0
23/10/1998;0;0;0,090887463;140,363;37624,741;90247,87;0
24/10/1998;0;0;0,044724244;140,257;37624,741;90247,87;0
25/10/1998;0;0;0,008167586;140,098;37624,741;90247,87;0
26/10/1998;0;0;-0,008250757;139,938;37624,741;90247,87;0
27/10/1998;0;0;-0,008330026;139,779;37624,741;90247,87;0
28/10/1998;0;0;-0,011526622;139,62;37624,741;90247,87;0
29/10/1998;0;0;0,042521933;139,514;37624,741;90247,87;0
30/10/1998;0;0;-0,016372117;139,356;37624,741;90247,87;0
31/10/1998;0;0;-0,018501655;139,197;39522,4;88288,866;0
01/11/1998;0;0;0,005785732;139,038;39522,4;88288,866;0
02/11/1998;0;0;0,052903027;138,933;39522,4;88288,866;0
03/11/1998;0;0;-0,013253577;138,774;39522,4;88288,866;0
04/11/1998;0,5;0;0,033355744;138,669;39522,4;88288,866;0
05/11/1998;1,5;0;0,026553755;138,563;39522,4;88288,866;0
06/11/1998;1;0;-0,026503082;138,405;39522,4;88288,866;0
07/11/1998;0;0;-0,017088428;138,248;39522,4;88288,866;0
08/11/1998;0;0;-0,01967517;138,09;39522,4;88288,866;0
09/11/1998;0;0;-0,018633076;137,932;39522,4;88288,866;0
10/11/1998;0;0;0,040660462;137,827;39522,4;88288,866;0
11/11/1998;0;0;0,098904006;137,775;39522,4;88288,866;0
12/11/1998;0;0;0,049038989;137,67;39522,4;88288,866;0
13/11/1998;0;0;-0,008175146;137,512;39522,4;88288,866;0
14/11/1998;0;0;-0,010335111;137,355;39522,4;88288,866;0
15/11/1998;0;0;-0,010873605;137,198;39522,4;88288,866;0
16/11/1998;0;0;-0,075961459;136,989;39522,4;88288,866;0
17/11/1998;0;0;0,029080625;136,884;39522,4;88288,866;0
18/11/1998;0;0;0,003654746;136,728;39522,4;88288,866;0
19/11/1998;0;0;-0,01614867;136,571;39522,4;88288,866;0
20/11/1998;0;0;-0,018807482;136,415;39522,4;88288,866;0
21/11/1998;0;0;0,034791952;136,31;39522,4;88288,866;0
22/11/1998;0;0;-0,02038157;136,154;39522,4;88288,866;0
23/11/1998;0;0;-0,006346401;135,998;39522,4;88288,866;0
24/11/1998;0;0;0,03472654;135,894;39522,4;88288,866;0
25/11/1998;0;0;-0,002221142;135,738;39522,4;88288,866;0
26/11/1998;0;0;-0,006393647;135,582;39522,4;88288,866;0
27/11/1998;0;0;0,039852091;135,479;39522,4;88288,866;0
28/11/1998;0;0;0,050766407;135,375;39522,4;88288,866;0
29/11/1998;0;0;0,008067484;135,219;39522,4;88288,866;0
30/11/1998;0;0;-0,023627769;135,064;33562,645;87459,096;0
01/12/1998;0,5;0;-0,073054227;134,857;33562,645;87459,096;0
02/12/1998;3,5;0;-0,084429061;134,65;33562,645;87459,096;0
03/12/1998;0;0;-0,125632926;134,392;33562,645;87459,096;0
04/12/1998;0;0;-0,015974205;134,238;33562,645;87459,096;0
05/12/1998;0;0;0,032956541;134,135;33562,645;87459,096;0
06/12/1998;0;0;0,033977826;134,032;33562,645;87459,096;0
07/12/1998;0;0;0,075196599;133,98;33562,645;87459,096;0
08/12/1998;0;0;0,02676468;133,877;33562,645;87459,096;0
09/12/1998;0;0;-0,029895045;133,723;33562,645;87459,096;0
10/12/1998;0;0;0,039592425;133,62;33562,645;87459,096;0
11/12/1998;0;0;0,034934227;133,518;33562,645;87459,096;0
12/12/1998;0;0;0,030847375;133,415;33562,645;87459,096;0
13/12/1998;0;0;-0,024263996;133,261;33562,645;87459,096;0
14/12/1998;0;0;-0,024783342;133,107;33562,645;87459,096;0
15/12/1998;0;0;-0,02276657;132,954;33562,645;87459,096;0
16/12/1998;0;0;-0,024285489;132,8;33562,645;87459,096;0
17/12/1998;0;0;0,024132318;132,698;33562,645;87459,096;0
18/12/1998;0;0;0,025151064;132,596;33562,645;87459,096;0
19/12/1998;0;0;0,029742155;132,494;33562,645;87459,096;0
20/12/1998;0;0;-0,016676012;132,341;33562,645;87459,096;0
21/12/1998;0;0;0,033805764;132,239;33562,645;87459,096;0
22/12/1998;0;0;-0,023318928;132,086;33562,645;87459,096;0
23/12/1998;0;0;-0,078398966;131,882;33562,645;87459,096;0
24/12/1998;0;0;-0,023335639;131,729;33562,645;87459,096;0
25/12/1998;0;0;-0,022850761;131,577;33562,645;87459,096;0
26/12/1998;0;0;-0,023365047;131,425;33562,645;87459,096;0
27/12/1998;0;0;0,024601675;131,323;33562,645;87459,096;0
28/12/1998;8,5;0;0,075600135;131,272;33562,645;87459,096;0
29/12/1998;26;0;0,174050808;131,323;33562,645;87459,096;0
30/12/1998;10;0;0,020528727;131,222;33562,645;87459,096;0
31/12/1998;26;0;0,201048871;131,323;17710,838;74729,032;0
01/01/1999;0;0;-0,00501123;131,222;17710,838;74729,032;0
02/01/1999;0;0;0,063234235;131,171;17710,838;74729,032;0
03/01/1999;0;0;-0,000961644;131,07;17710,838;74729,032;0
04/01/1999;0;0;-0,001965866;130,968;17710,838;74729,032;0
05/01/1999;0;0;-0,00299409;130,867;17710,838;74729,032;0
06/01/1999;0;0;-0,049448466;130,715;17710,838;74729,032;0
07/01/1999;0;0;0,001040619;130,614;17710,838;74729,032;0
08/01/1999;0;0;-0,027257426;130,463;17710,838;74729,032;0
09/01/1999;0,5;0;0,002541099;130,362;17710,838;74729,032;0
10/01/1999;0;0;-0,054014143;130,21;17710,838;74729,032;0
11/01/1999;0;0;0,003029592;130,109;17710,838;74729,032;0
12/01/1999;0,1;0;-0,007056509;130,009;17710,838;74729,032;0
13/01/1999;0;0;-0,005036749;129,908;17710,838;74729,032;0
14/01/1999;0;0;-0,00554177;129,807;17710,838;74729,032;0
15/01/1999;0;0;0,049480755;129,757;17710,838;74729,032;0
16/01/1999;0;0;-0,00705221;129,656;17710,838;74729,032;0
17/01/1999;2;0;0,002989439;129,556;17710,838;74729,032;0
18/01/1999;0;0;-0,041996118;129,405;17710,838;74729,032;0
19/01/1999;0;0;0,002473069;129,305;17710,838;74729,032;0
20/01/1999;0;0;0,001464712;129,205;17710,838;74729,032;0
21/01/1999;32;0;0,352481469;129,455;17710,838;74729,032;0
22/01/1999;16,5;0;0,150973165;129,506;17710,838;74729,032;0
23/01/1999;1;0;0,093444309;129,506;17710,838;74729,032;0
24/01/1999;0;0;0,000474786;129,405;17710,838;74729,032;0
25/01/1999;0;0;0,049966868;129,355;17710,838;74729,032;0
26/01/1999;0;0;0,064512908;129,305;17710,838;74729,032;0
27/01/1999;0;0;0,011993694;129,205;17710,838;74729,032;0
28/01/1999;0;0;0,052467144;129,154;17710,838;74729,032;0
29/01/1999;0;0;-0,038028145;129,004;17710,838;74729,032;0
30/01/1999;0;0;0,003451759;128,904;17710,838;74729,032;0
31/01/1999;0;0;0,007056556;128,804;32843,142;63707,935;0
01/02/1999;0;0;0,004550777;128,704;32843,142;63707,935;0
02/02/1999;0;0;0,056547892;128,654;32843,142;63707,935;0
03/02/1999;0;0;0,005043622;128,554;32843,142;63707,935;0
04/02/1999;0;0;0,004539583;128,454;32843,142;63707,935;0
05/02/1999;0;0;0,02748922;128,354;32843,142;63707,935;0
06/02/1999;0;0;0,023980845;128,254;32843,142;63707,935;0
07/02/1999;0;0;-0,035506593;128,105;32843,142;63707,935;0
08/02/1999;0;0;0,00850365;128,005;32843,142;63707,935;0
09/02/1999;0,5;0;0,009496945;127,906;32843,142;63707,935;0
10/02/1999;0;0;-0,033555897;127,756;32843,142;63707,935;0
11/02/1999;0;0;-0,037044804;127,607;32843,142;63707,935;0
12/02/1999;0;0;-0,04053321;127,458;32843,142;63707,935;0
13/02/1999;0;0;-0,034590412;127,309;32843,142;63707,935;0
14/02/1999;0;0;-0,041048947;127,16;32843,142;63707,935;0
15/02/1999;0;0;0,060434388;127,111;32843,142;63707,935;0
16/02/1999;0;0;0,063393724;127,061;32843,142;63707,935;0
17/02/1999;0;0;0,067855611;127,012;32843,142;63707,935;0
18/02/1999;0;0;0,00992493;126,913;32843,142;63707,935;0
19/02/1999;0;0;0,007444573;126,814;32843,142;63707,935;0
20/02/1999;0;0;0,014854965;126,715;32843,142;63707,935;0
21/02/1999;0;0;0,07225244;126,665;32843,142;63707,935;0
22/02/1999;0;0;-0,022806224;126,517;32843,142;63707,935;0
23/02/1999;0;0;-0,033192349;126,369;32843,142;63707,935;0
24/02/1999;7,5;0;-0,040602844;126,221;32843,142;63707,935;0
25/02/1999;5;0;0,009869213;126,122;32843,142;63707,935;0
26/02/1999;20;0;0,149508263;126,172;32843,142;63707,935;0
27/02/1999;0,5;0;-0,001956337;126,073;32843,142;63707,935;0
28/02/1999;0;0;-0,023042827;125,925;84185,419;25022,354;0
01/03/1999;0;0;0,0200618;125,827;84185,419;25022,354;0
02/03/1999;0;0;0,021040019;125,729;84185,419;25022,354;0
03/03/1999;0,1;0;0,024947799;125,63;84185,419;25022,354;0
04/03/1999;0;0;0,027903686;125,532;84185,419;25022,354;0
05/03/1999;0;0;-0,015222813;125,385;84185,419;25022,354;0
06/03/1999;0;0;0,032293298;125,287;84185,419;25022,354;0
07/03/1999;0;0;-0,02358383;125,14;84185,419;25022,354;0
08/03/1999;0;0;0,022959783;125,042;84185,419;25022,354;0
09/03/1999;0;0;-0,027517964;124,895;84185,419;25022,354;0
10/03/1999;0;0;-0,027526707;124,748;84185,419;25022,354;0
11/03/1999;3,5;0;0,015604784;124,65;84185,419;25022,354;0
12/03/1999;0;0;0,07144139;124,601;84185,419;25022,354;0
13/03/1999;5,5;0;0,017089181;124,504;84185,419;25022,354;0
14/03/1999;0;0;0,016086407;124,406;84185,419;25022,354;0
15/03/1999;0;0;0,071425453;124,357;84185,419;25022,354;0
16/03/1999;0;0;0,020494387;124,26;84185,419;25022,354;0
17/03/1999;0,5;0;0,069953951;124,211;84185,419;25022,354;0
18/03/1999;0;0;0,026331703;124,114;84185,419;25022,354;0
19/03/1999;0;0;-0,021220493;123,968;84185,419;25022,354;0
20/03/1999;0;0;-0,019288974;123,822;84185,419;25022,354;0
21/03/1999;0;0;0,027243287;123,724;84185,419;25022,354;0
22/03/1999;0;0;0,023377661;123,627;84185,419;25022,354;0
23/03/1999;12,5;0;0,025798159;123,53;84185,419;25022,354;0
24/03/1999;26,5;0;0,22126284;123,627;84185,419;25022,354;0
25/03/1999;11;0;0,078200603;123,579;84185,419;25022,354;0
26/03/1999;0;0;0,028220455;123,482;84185,419;25022,354;0
27/03/1999;0,1;0;-0,069767161;123,288;84185,419;25022,354;0
28/03/1999;0;0;0,02092704;123,191;84185,419;25022,354;0
29/03/1999;0;0;-0,036308238;123,045;84185,419;25022,354;0
30/03/1999;0;0;-0,015965665;122,9;84185,419;25022,354;0
31/03/1999;0;0;0,049414651;122,804;43488,666;87910,333;0
01/04/1999;0;0;0,056618016;122,707;43488,666;87910,333;0
02/04/1999;0;0;0,01101203;122,562;43488,666;87910,333;0
03/04/1999;0;0;0,010508723;122,417;43488,666;87910,333;0
04/04/1999;0;0;0,003297776;122,273;43488,666;87910,333;0
05/04/1999;0;0;0,05365921;122,176;43488,666;87910,333;0
06/04/1999;0;0;-0,036553278;121,984;43488,666;87910,333;0
07/04/1999;0;0;0,109843913;121,936;43488,666;87910,333;0
08/04/1999;0;0;0,009017168;121,792;43488,666;87910,333;0
09/04/1999;0;0;0,007038606;121,647;43488,666;87910,333;0
10/04/1999;0;0;-0,045217777;121,456;43488,666;87910,333;0
11/04/1999;0;0;-0,037614261;121,264;43488,666;87910,333;0
12/04/1999;0;0;0,009409035;121,12;43488,666;87910,333;0
13/04/1999;0;0;0,017561079;120,977;43488,666;87910,333;0
14/04/1999;0;0;0,021312509;120,833;43488,666;87910,333;0
15/04/1999;0;0;0,019897099;120,69;43488,666;87910,333;0
16/04/1999;0;0;-0,035766237;120,499;43488,666;87910,333;0
17/04/1999;0;0;-0,033365211;120,309;43488,666;87910,333;0
18/04/1999;0;0;0,009807126;120,166;43488,666;87910,333;0
19/04/1999;0;0;-0,000668515;120,023;43488,666;87910,333;0
20/04/1999;0;0;0,020743394;119,881;43488,666;87910,333;0
21/04/1999;0;0;-0,031087668;119,691;43488,666;87910,333;0
22/04/1999;0;0;0,028685438;119,548;43488,666;87910,333;0
23/04/1999;0;0;-0,019728096;119,359;43488,666;87910,333;0
24/04/1999;0;0;0,009738089;119,217;43488,666;87910,333;0
25/04/1999;0;0;0,06523546;119,122;43488,666;87910,333;0
26/04/1999;0;0;-0,025492544;118,933;43488,666;87910,333;0
27/04/1999;0;0;-0,041508573;118,745;43488,666;87910,333;0
28/04/1999;3,5;0;-0,000705191;118,603;43488,666;87910,333;0
29/04/1999;3;0;0,040224743;118,509;43488,666;87910,333;0
30/04/1999;0,1;0;0,004347013;118,368;88183,967;43046,58;0
01/05/1999;2,5;0;0,040992758;118,274;88183,967;43046,58;0
02/05/1999;4,5;0;0,043340607;118,18;88183,967;43046,58;0
03/05/1999;0;0;0,015588773;118,039;88183,967;43046,58;0
04/05/1999;0;0;-0,023935711;117,851;88183,967;43046,58;0
05/05/1999;0;0;0,01366286;117,71;88183,967;43046,58;0
06/05/1999;0;0;0,016983693;117,57;88183,967;43046,58;0
07/05/1999;0;0;-0,027304587;117,382;88183,967;43046,58;0
08/05/1999;0;0;0,019735228;117,242;88183,967;43046,58;0
09/05/1999;0;0;0,015041603;117,102;88183,967;43046,58;0
10/05/1999;0;0;0,059694722;117,009;88183,967;43046,58;0
11/05/1999;0;0;0,068475444;116,915;88183,967;43046,58;0
12/05/1999;0;0;0,013129528;116,775;88183,967;43046,58;0
13/05/1999;0;0;-0,020330201;116,589;88183,967;43046,58;0
14/05/1999;0;0;-0,060803586;116,357;88183,967;43046,58;0
15/05/1999;0;0;-0,068822299;116,124;88183,967;43046,58;0
16/05/1999;0;0;-0,021787593;115,939;88183,967;43046,58;0
17/05/1999;0;0;0,01631179;115,8;88183,967;43046,58;0
18/05/1999;2,5;0;0,044710182;115,707;88183,967;43046,58;0
19/05/1999;0;0;0,023213193;115,568;88183,967;43046,58;0
20/05/1999;0;0;-0,068370135;115,337;88183,967;43046,58;0
21/05/1999;0;0;-0,024174012;115,153;88183,967;43046,58;0
22/05/1999;0;0;0,022644264;115,014;88183,967;43046,58;0
23/05/1999;0;0;0,022236475;114,876;88183,967;43046,58;0
24/05/1999;0;0;0,021291071;114,738;88183,967;43046,58;0
25/05/1999;0;0;0,011155179;114,6;88183,967;43046,58;0
26/05/1999;0;0;0,079652261;114,508;88183,967;43046,58;0
27/05/1999;0;0;0,069988249;114,416;88183,967;43046,58;0
28/05/1999;0;0;0,015329296;114,279;88183,967;43046,58;0
29/05/1999;0;0;-0,119044722;114,004;88183,967;43046,58;0
30/05/1999;0,1;0;-0,074452402;113,775;88183,967;43046,58;0
31/05/1999;0,5;0;-0,035433497;113,592;44071,733;90251,533;0
01/06/1999;0;0;0,021505166;113,455;44071,733;90251,533;0
02/06/1999;0;0;0,03470401;113,318;44071,733;90251,533;0
03/06/1999;0;0;-0,008973734;113,136;44071,733;90251,533;0
04/06/1999;0;0;-0,056848993;112,908;44071,733;90251,533;0
05/06/1999;0;0;-0,059534858;112,681;44071,733;90251,533;0
06/06/1999;0;0;0,038693661;112,545;44071,733;90251,533;0
07/06/1999;0;0;0,036845386;112,409;44071,733;90251,533;0
08/06/1999;0,5;0;0,013265771;112,273;44071,733;90251,533;0
09/06/1999;0;0;-0,026324472;112,092;44071,733;90251,533;0
10/06/1999;0;0;-0,021830897;111,911;44071,733;90251,533;0
11/06/1999;0;0;-0,060454354;111,686;44071,733;90251,533;0
12/06/1999;0,5;0;0,016801296;111,55;44071,733;90251,533;0
13/06/1999;0;0;0,021837606;111,415;44071,733;90251,533;0
14/06/1999;0;0;-0,011495093;111,235;44071,733;90251,533;0
15/06/1999;0;0;-0,012882894;111,055;44071,733;90251,533;0
16/06/1999;0;0;-0,057379593;110,831;44071,733;90251,533;0
17/06/1999;0;0;-0,012073421;110,651;44071,733;90251,533;0
18/06/1999;0;0;-0,017378172;110,472;44071,733;90251,533;0
19/06/1999;0;0;0,028044918;110,338;44071,733;90251,533;0
20/06/1999;0;0;0,037848509;110,204;44071,733;90251,533;0
21/06/1999;0;0;-0,051652762;109,981;44071,733;90251,533;0
22/06/1999;0;0;-0,014379503;109,802;44071,733;90251,533;0
23/06/1999;0;0;-0,027210866;109,624;44071,733;90251,533;0
24/06/1999;0;0;-0,06190338;109,402;44071,733;90251,533;0
25/06/1999;0;0;-0,057947862;109,18;44071,733;90251,533;0
26/06/1999;0;0;0,037675713;109,047;44071,733;90251,533;0
27/06/1999;0;0;0,009459271;108,869;44071,733;90251,533;0
28/06/1999;0;0;-0,023658773;108,692;44071,733;90251,533;0
29/06/1999;0;0;-0,012079011;108,516;44071,733;90251,533;0
30/06/1999;0;0;-0,048897899;108,295;57449,451;93479,58;0
01/07/1999;0;0;0,006091794;108,118;57449,451;93479,58;0
02/07/1999;0;0;0,012774687;107,942;57449,451;93479,58;0
03/07/1999;0;0;0,031630472;107,766;57449,451;93479,58;0
04/07/1999;0;0;-0,01496436;107,547;57449,451;93479,58;0
05/07/1999;0;0;0,030603223;107,371;57449,451;93479,58;0
06/07/1999;0;0;-0,032176945;107,152;57449,451;93479,58;0
07/07/1999;0;0;-0,046653775;106,933;57449,451;93479,58;0
08/07/1999;0;0;0,007925415;106,759;57449,451;93479,58;0
09/07/1999;0;0;0,007324848;106,584;57449,451;93479,58;0
10/07/1999;0;0;0,003496814;106,41;57449,451;93479,58;0
11/07/1999;0;0;-0,040107574;106,192;57449,451;93479,58;0
12/07/1999;0;0;-0,024817175;105,975;57449,451;93479,58;0
13/07/1999;0;0;-0,033550376;105,758;57449,451;93479,58;0
14/07/1999;0;0;-0,030567733;105,541;57449,451;93479,58;0
15/07/1999;0;0;0,009498163;105,368;57449,451;93479,58;0
16/07/1999;0;0;0,007733015;105,195;57449,451;93479,58;0
17/07/1999;0;0;0,004677693;105,022;57449,451;93479,58;0
18/07/1999;0;0;0,006076939;104,85;57449,451;93479,58;0
19/07/1999;0;0;-0,038254136;104,635;57449,451;93479,58;0
20/07/1999;0;0;0,002996167;104,463;57449,451;93479,58;0
21/07/1999;0;0;-0,036606426;104,248;57449,451;93479,58;0
22/07/1999;0;0;-0,036218649;104,033;57449,451;93479,58;0
23/07/1999;0;0;-0,031409206;103,819;57449,451;93479,58;0
24/07/1999;0;0;-0,000412669;103,648;57449,451;93479,58;0
25/07/1999;0;0;-0,000436007;103,477;57449,451;93479,58;0
26/07/1999;0;0;-0,041612705;103,264;57449,451;93479,58;0
27/07/1999;0;0;0,012431364;103,094;57449,451;93479,58;0
28/07/1999;0;0;0,01181916;102,923;57449,451;93479,58;0
29/07/1999;0;0;-0,030501891;102,711;57449,451;93479,58;0
30/07/1999;0;0;0,011461817;102,541;57449,451;93479,58;0
31/07/1999;0;0;-0,02726314;102,329;63681,967;93955;0
01/08/1999;0;0;0,012321201;102,16;63681,967;93955;0
02/08/1999;0;0;0,052187301;102,033;63681,967;93955;0
03/08/1999;0;0;0,100242127;101,949;63681,967;93955;0
04/08/1999;0;0;0,063969256;101,822;63681,967;93955;0
05/08/1999;0;0;0,018136771;101,653;63681,967;93955;0
06/08/1999;0;0;-0,017436675;101,443;63681,967;93955;0
07/08/1999;0;0;0,069054686;101,317;63681,967;93955;0
08/08/1999;0;0;0,063400747;101,19;63681,967;93955;0
09/08/1999;0;0;0,110579235;101,106;63681,967;93955;0
10/08/1999;0;0;0,020407171;100,939;63681,967;93955;0
11/08/1999;0;0;0,014764947;100,771;63681,967;93955;0
12/08/1999;0;0;-0,113630818;100,478;63681,967;93955;0
13/08/1999;0;0;-0,075007095;100,227;63681,967;93955;0
14/08/1999;0;0;-0,071957717;99,977;63681,967;93955;0
15/08/1999;0;0;0,053856191;99,852;63681,967;93955;0
16/08/1999;0;0;0,030284742;99,686;63681,967;93955;0
17/08/1999;0;0;0,031068796;99,52;63681,967;93955;0
18/08/1999;0;0;-0,105853825;99,23;63681,967;93955;0
19/08/1999;0;0;-0,016689501;99,023;63681,967;93955;0
20/08/1999;0;0;0,015183408;98,857;63681,967;93955;0
21/08/1999;0;0;0,014504915;98,692;63681,967;93955;0
22/08/1999;0;0;0,053011945;98,568;63681,967;93955;0
23/08/1999;0;0;-0,019961361;98,362;63681,967;93955;0
24/08/1999;0;0;-0,069051579;98,116;63681,967;93955;0
25/08/1999;0;0;-0,028670125;97,91;63681,967;93955;0
26/08/1999;0;0;0,020682384;97,746;63681,967;93955;0
27/08/1999;0;0;-0,019357989;97,542;63681,967;93955;0
28/08/1999;0;0;0,069793834;97,419;63681,967;93955;0
29/08/1999;0;0;-0,019422473;97,215;63681,967;93955;0
30/08/1999;0;0;-0,028429471;97,011;63681,967;93955;0
31/08/1999;0;0;0,007392734;96,848;62614,6;85795,066;0
01/09/1999;0;0;0,042899013;96,725;62614,6;85795,066;0
02/09/1999;0;0;0,053823344;96,604;62614,6;85795,066;0
03/09/1999;0;0;-0,027187333;96,4;62614,6;85795,066;0
04/09/1999;0;0;0,010725972;96,238;62614,6;85795,066;0
05/09/1999;0;0;0,005839444;96,076;62614,6;85795,066;0
06/09/1999;0;0;0,010667833;95,914;62614,6;85795,066;0
07/09/1999;0;0;0,009619735;95,753;62614,6;85795,066;0
08/09/1999;0;0;0,047985968;95,632;62614,6;85795,066;0
09/09/1999;0;0;-0,038281892;95,43;62614,6;85795,066;0
10/09/1999;0;0;-0,07147313;95,188;62614,6;85795,066;0
11/09/1999;0;0;-0,072519877;94,947;62614,6;85795,066;0
12/09/1999;0;0;-0,032351517;94,747;62614,6;85795,066;0
13/09/1999;0;0;1,91944E-05;94,587;62614,6;85795,066;0
14/09/1999;0;0;0,045808246;94,466;62614,6;85795,066;0
15/09/1999;0;0;-0,063042058;94,227;62614,6;85795,066;0
16/09/1999;0;0;-0,020894062;94,027;62614,6;85795,066;0
17/09/1999;0;0;-0,014765304;93,828;62614,6;85795,066;0
18/09/1999;0;0;0,012866823;93,669;62614,6;85795,066;0
19/09/1999;26;0;0,081521907;93,589;62614,6;85795,066;0
20/09/1999;0;0;0,049655825;93,47;62614,6;85795,066;0
21/09/1999;0;0;-0,034131176;93,272;62614,6;85795,066;0
22/09/1999;0;0;0,003662555;93,113;62614,6;85795,066;0
23/09/1999;0;0;0,047418634;92,995;62614,6;85795,066;0
24/09/1999;0;0;0,008373655;92,836;62614,6;85795,066;0
25/09/1999;2;0;0,072568436;92,757;62614,6;85795,066;0
26/09/1999;0;0;0,044216845;92,639;62614,6;85795,066;0
27/09/1999;0;0;-0,033622154;92,442;62614,6;85795,066;0
28/09/1999;0;0;0,005359882;92,284;62614,6;85795,066;0
29/09/1999;0;0;0,017344671;92,127;62614,6;85795,066;0
30/09/1999;0;0;-0,076765398;91,891;49630,548;86461,419;0
01/10/1999;0;0;-0,079330947;91,656;49630,548;86461,419;0
02/10/1999;0;0;0,03865143;91,539;49630,548;86461,419;0
03/10/1999;0;0;0,007223813;91,382;49630,548;86461,419;0
04/10/1999;0;0;-0,014054279;91,226;49630,548;86461,419;0
05/10/1999;0;0;-0,046049089;91,031;49630,548;86461,419;0
06/10/1999;2;0;-0,045290232;90,836;49630,548;86461,419;0
07/10/1999;0,5;0;0,028255286;90,72;49630,548;86461,419;0
08/10/1999;0;0;-0,007095368;90,564;49630,548;86461,419;0
09/10/1999;0;0;-0,014642276;90,409;49630,548;86461,419;0
10/10/1999;0;0;-0,014260074;90,254;49630,548;86461,419;0
11/10/1999;21;0;0,108708386;90,215;49630,548;86461,419;0
12/10/1999;0,1;0;0,027442392;90,099;49630,548;86461,419;0
13/10/1999;0;0;0,029368343;89,983;49630,548;86461,419;0
14/10/1999;2;0;0,060250818;89,906;49630,548;86461,419;0
15/10/1999;0,5;0;0,027810669;89,79;49630,548;86461,419;0
16/10/1999;0;0;-0,010198617;89,636;49630,548;86461,419;0
17/10/1999;0;0;0,030297731;89,52;49630,548;86461,419;0
18/10/1999;0;0;-0,008676188;89,366;49630,548;86461,419;0
19/10/1999;4;0;0,028009602;89,251;49630,548;86461,419;0
20/10/1999;51,5;0;0,675863837;89,79;49630,548;86461,419;0
21/10/1999;0;0;0,141495058;89,79;49630,548;86461,419;0
22/10/1999;4;0;0,138021642;89,79;49630,548;86461,419;0
23/10/1999;0,5;0;0,145740344;89,79;49630,548;86461,419;0
24/10/1999;18,5;0;0,484478947;90,138;49630,548;86461,419;0
25/10/1999;0;0;0,255577936;90,254;49630,548;86461,419;0
26/10/1999;0,1;0;0,176254306;90,293;49630,548;86461,419;0
27/10/1999;0;0;0,102514586;90,254;49630,548;86461,419;0
28/10/1999;0,1;0;0,144225895;90,254;49630,548;86461,419;0
29/10/1999;0;0;0,069156483;90,177;49630,548;86461,419;0
30/10/1999;0;0;0,110636284;90,138;49630,548;86461,419;0
31/10/1999;0;0;0,088546172;90,099;31485,666;85228,3;0
01/11/1999;0;0;0,011536405;89,983;31485,666;85228,3;0
02/11/1999;0;0;0,055165306;89,906;31485,666;85228,3;0
03/11/1999;0;0;0,047821034;89,829;31485,666;85228,3;0
04/11/1999;0;0;0,049516895;89,751;31485,666;85228,3;0
05/11/1999;0;0;0,046268942;89,674;31485,666;85228,3;0
06/11/1999;0;0;-0,009942289;89,52;31485,666;85228,3;0
07/11/1999;0;0;0,023261407;89,405;31485,666;85228,3;0
08/11/1999;0;0;0,01147797;89,289;31485,666;85228,3;0
09/11/1999;0;0;0,009395603;89,174;31485,666;85228,3;0
10/11/1999;0;0;0,011307355;89,059;31485,666;85228,3;0
11/11/1999;49;0;0,359400114;89,289;31485,666;85228,3;0
12/11/1999;2,5;0;0,196406587;89,366;31485,666;85228,3;0
13/11/1999;0;0;0,008631601;89,251;31485,666;85228,3;0
14/11/1999;0;0;0,010545191;89,136;31485,666;85228,3;0
15/11/1999;0;0;0,052760975;89,059;31485,666;85228,3;0
16/11/1999;0;0;-0,0319202;88,905;31485,666;85228,3;0
17/11/1999;0;0;-0,026715722;88,752;31485,666;85228,3;0
18/11/1999;0;0;0,050661104;88,676;31485,666;85228,3;0
19/11/1999;2;0;0,053096294;88,599;31485,666;85228,3;0
20/11/1999;0;0;0,047974284;88,523;31485,666;85228,3;0
21/11/1999;0;0;0,009731281;88,408;31485,666;85228,3;0
22/11/1999;0;0;0,015064093;88,293;31485,666;85228,3;0
23/11/1999;0;0;0,009954627;88,179;31485,666;85228,3;0
24/11/1999;0;0;0,007282894;88,065;31485,666;85228,3;0
25/11/1999;0;0;0,044899628;87,989;31485,666;85228,3;0
26/11/1999;0;0;0,010317376;87,875;31485,666;85228,3;0
27/11/1999;0;0;0,009550859;87,761;31485,666;85228,3;0
28/11/1999;0;0;0,043371157;87,685;31485,666;85228,3;0
29/11/1999;0,1;0;0,004230989;87,571;31485,666;85228,3;0
30/11/1999;0;0;0,012967599;87,457;35048,064;84720,193;0
01/12/1999;0;0;0,008418253;87,343;35048,064;84720,193;0
02/12/1999;0;0;0,011685232;87,23;35048,064;84720,193;0
03/12/1999;0;0;0,006901918;87,116;35048,064;84720,193;0
04/12/1999;2;0;0,053832073;87,041;35048,064;84720,193;0
05/12/1999;0;0;0,049429729;86,965;35048,064;84720,193;0
06/12/1999;0;0;0,050426315;86,89;35048,064;84720,193;0
07/12/1999;0;0;0,010536886;86,777;35048,064;84720,193;0
08/12/1999;0;0;0,011286523;86,664;35048,064;84720,193;0
09/12/1999;0;0;0,017301339;86,551;35048,064;84720,193;0
10/12/1999;0;0;-0,018081251;86,4;35048,064;84720,193;0
11/12/1999;0;0;0,021282239;86,288;35048,064;84720,193;0
12/12/1999;0;0;-0,018983671;86,138;35048,064;84720,193;0
13/12/1999;0;0;0,01463479;86,025;35048,064;84720,193;0
14/12/1999;2;0;0,014504899;85,913;35048,064;84720,193;0
15/12/1999;1,5;0;0,055241151;85,838;35048,064;84720,193;0
16/12/1999;0;0;0,021968611;85,726;35048,064;84720,193;0
17/12/1999;0;0;-0,01866123;85,576;35048,064;84720,193;0
18/12/1999;0;0;0,022684445;85,464;35048,064;84720,193;0
19/12/1999;0;0;0,057321325;85,39;35048,064;84720,193;0
20/12/1999;0;0;-0,01508701;85,241;35048,064;84720,193;0
21/12/1999;0;0;-0,024026812;85,092;35048,064;84720,193;0
22/12/1999;0;0;-0,061777104;84,906;35048,064;84720,193;0
23/12/1999;0;0;-0,023782486;84,758;35048,064;84720,193;0
24/12/1999;0;0;-0,019343971;84,61;35048,064;84720,193;0
25/12/1999;0;0;-0,017505321;84,462;35048,064;84720,193;0
26/12/1999;0;0;0,02096313;84,351;35048,064;84720,193;0
27/12/1999;0,1;0;0,02464415;84,24;35048,064;84720,193;0
28/12/1999;0,1;0;0,047244191;84,166;35048,064;84720,193;0
29/12/1999;15;0;0,310680923;84,351;35048,064;84720,193;0
30/12/1999;0;0;0,195617082;84,425;35048,064;84720,193;0
31/12/1999;0;0;0,124524727;84,425;37163,741;82923,806;0
01/01/2000;0;0;0,086784078;84,388;37163,741;82923,806;0
02/01/2000;0;0;0,085304797;84,351;37163,741;82923,806;0
03/01/2000;0;0;0,048303457;84,277;37163,741;82923,806;0
04/01/2000;0;0;0,053838545;84,203;37163,741;82923,806;0
05/01/2000;0;0;0,049407399;84,129;37163,741;82923,806;0
06/01/2000;0;0;0,049774038;84,055;37163,741;82923,806;0
07/01/2000;0;0;0,05077181;83,982;37163,741;82923,806;0
08/01/2000;0;0;0,012768473;83,871;37163,741;82923,806;0
09/01/2000;0,1;0;0,050869854;83,797;37163,741;82923,806;0
10/01/2000;1,5;0;0,012660302;83,687;37163,741;82923,806;0
11/01/2000;0;0;0,014126782;83,577;37163,741;82923,806;0
12/01/2000;0;0;0,01338938;83,467;37163,741;82923,806;0
13/01/2000;10,5;0;0,125957472;83,467;37163,741;82923,806;0
14/01/2000;6;0;0,051220624;83,393;37163,741;82923,806;0
15/01/2000;0,1;0;0,05148467;83,32;37163,741;82923,806;0
16/01/2000;0,1;0;0,048552367;83,247;37163,741;82923,806;0
17/01/2000;0,1;0;0,087114585;83,21;37163,741;82923,806;0
18/01/2000;0;0;0,058063735;83,137;37163,741;82923,806;0
19/01/2000;0;0;0,017398367;83,027;37163,741;82923,806;0
20/01/2000;0;0;0,055124586;82,954;37163,741;82923,806;0
21/01/2000;0;0;0,013277477;82,845;37163,741;82923,806;0
22/01/2000;0;0;0,017380688;82,735;37163,741;82923,806;0
23/01/2000;0;0;-0,017535489;82,589;37163,741;82923,806;0
24/01/2000;0;0;0,014362515;82,48;37163,741;82923,806;0
25/01/2000;0;0;0,051815188;82,407;37163,741;82923,806;0
26/01/2000;0;0;0,017627577;82,298;37163,741;82923,806;0
27/01/2000;0;0;0,015080599;82,189;37163,741;82923,806;0
28/01/2000;0;0;0,053166542;82,117;37163,741;82923,806;0
29/01/2000;0;0;0,052163469;82,044;37163,741;82923,806;0
30/01/2000;0;0;0,016521089;81,935;37163,741;82923,806;0
31/01/2000;0;0;0,13530269;81,935;63480,31;67113,31;0
01/02/2000;0;0;0,107992311;81,899;63480,31;67113,31;0
02/02/2000;0;0;0,143992311;81,899;63480,31;67113,31;0
03/02/2000;0;0;0,068003208;81,827;63480,31;67113,31;0
04/02/2000;0;0;0,065912443;81,754;63480,31;67113,31;0
05/02/2000;0;0;0,065822998;81,682;63480,31;67113,31;0
06/02/2000;0;0;0,071237369;81,61;63480,31;67113,31;0
07/02/2000;0;0;-0,033453334;81,429;63480,31;67113,31;0
08/02/2000;0;0;0,082025125;81,357;63480,31;67113,31;0
09/02/2000;0;0;0,033758483;81,249;63480,31;67113,31;0
10/02/2000;0;0;-0,006571695;81,105;63480,31;67113,31;0
11/02/2000;0;0;-0,006220689;80,961;63480,31;67113,31;0
12/02/2000;0;0;-0,005588247;80,818;63480,31;67113,31;0
13/02/2000;0;0;0,026895891;80,71;63480,31;67113,31;0
14/02/2000;0;0;-0,075101746;80,495;63480,31;67113,31;0
15/02/2000;0;0;0,034319966;80,388;63480,31;67113,31;0
16/02/2000;0;0;0,010805843;80,245;63480,31;67113,31;0
17/02/2000;0;0;0,007567597;80,102;63480,31;67113,31;0
18/02/2000;0;0;-0,036722268;79,924;63480,31;67113,31;0
19/02/2000;0;0;-0,037094073;79,746;63480,31;67113,31;0
20/02/2000;0;0;-0,000751424;79,604;63480,31;67113,31;0
21/02/2000;0;0;-0,042086985;79,426;63480,31;67113,31;0
22/02/2000;0;0;0,040891572;79,32;63480,31;67113,31;0
23/02/2000;0;0;-0,037562251;79,143;63480,31;67113,31;0
24/02/2000;0;0;-0,002572982;79,001;63480,31;67113,31;0
25/02/2000;0;0;-0,001230812;78,86;63480,31;67113,31;0
26/02/2000;0;0;-0,001594446;78,719;63480,31;67113,31;0
27/02/2000;0;0;-0,001957203;78,578;63480,31;67113,31;0
28/02/2000;0;0;-0,037321561;78,402;63480,31;67113,31;0
29/02/2000;0;0;-0,041247269;78,226;54633,322;76609,612;0
01/03/2000;0;0;-0,018875405;78,051;54633,322;76609,612;0
02/03/2000;0;0;-0,033609569;77,876;54633,322;76609,612;0
03/03/2000;0;0;0,034633186;77,771;54633,322;76609,612;0
04/03/2000;0;0;0,035324083;77,666;54633,322;76609,612;0
05/03/2000;0;0;0,036013706;77,561;54633,322;76609,612;0
06/03/2000;0;0;0,031426583;77,457;54633,322;76609,612;0
07/03/2000;0;0;0,034254269;77,352;54633,322;76609,612;0
08/03/2000;0;0;0,034898951;77,248;54633,322;76609,612;0
09/03/2000;0;0;-0,036502587;77,074;54633,322;76609,612;0
10/03/2000;0;0;-0,029920202;76,9;54633,322;76609,612;0
11/03/2000;0;0;0,03660181;76,796;54633,322;76609,612;0
12/03/2000;0;0;-0,028605373;76,623;54633,322;76609,612;0
13/03/2000;0;0;-0,02862541;76,45;54633,322;76609,612;0
14/03/2000;0;0;0,004632824;76,312;54633,322;76609,612;0
15/03/2000;0;0;0,039312072;76,208;54633,322;76609,612;0
16/03/2000;0;0;0,072236986;76,139;54633,322;76609,612;0
17/03/2000;0;0;-0,031466449;75,967;54633,322;76609,612;0
18/03/2000;0;0;-0,06342265;75,761;54633,322;76609,612;0
19/03/2000;0;0;-0,064471909;75,555;54633,322;76609,612;0
20/03/2000;0;0;-0,200161477;75,213;54633,322;76609,612;0
21/03/2000;1;0;0,033023649;75,11;54633,322;76609,612;0
22/03/2000;34;0;0,139096966;75,11;54633,322;76609,612;0
23/03/2000;4,5;0;0,071433438;75,042;54633,322;76609,612;0
24/03/2000;0;0;0,0707695;74,973;54633,322;76609,612;0
25/03/2000;0;0;0,075513671;74,905;54633,322;76609,612;0
26/03/2000;0;0;0,079253276;74,837;54633,322;76609,612;0
27/03/2000;0;0;0,08128614;74,769;54633,322;76609,612;0
28/03/2000;0;0;-0,021081359;74,599;54633,322;76609,612;0
29/03/2000;0;0;0,004069983;74,463;54633,322;76609,612;0
30/03/2000;0;0;-0,029604534;74,293;54633,322;76609,612;0
31/03/2000;0;0;0,018604447;74,226;18267,433;46671,733;0
01/04/2000;0,1;0;0,018268959;74,158;18267,433;46671,733;0
02/04/2000;25,5;0;-0,027589634;74,056;18267,433;46671,733;0
03/04/2000;6;0;-0,001384733;73,989;18267,433;46671,733;0
04/04/2000;0,5;0;-0,060931742;73,853;18267,433;46671,733;0
05/04/2000;0;0;-0,021555798;73,752;18267,433;46671,733;0
06/04/2000;0;0;-0,025950338;73,651;18267,433;46671,733;0
07/04/2000;11,5;0;0,208712336;73,786;18267,433;46671,733;0
08/04/2000;6;0;0,175733629;73,887;18267,433;46671,733;0
09/04/2000;11,5;0;0,200953627;74,022;18267,433;46671,733;0
10/04/2000;0,5;0;0,347125594;74,293;18267,433;46671,733;0
11/04/2000;0;0;0,180850233;74,395;18267,433;46671,733;0
12/04/2000;0;0;0,152630276;74,463;18267,433;46671,733;0
13/04/2000;2,5;0;0,111164958;74,497;18267,433;46671,733;0
14/04/2000;26;0;0,507962041;74,939;18267,433;46671,733;0
15/04/2000;28;0;1,507284525;76,381;18267,433;46671,733;0
16/04/2000;10,5;0;2,031747686;78,332;18267,433;46671,733;0
17/04/2000;0,1;0;0,784430326;79,037;18267,433;46671,733;0
18/04/2000;0;0;0,500581182;79,462;18267,433;46671,733;0
19/04/2000;0;0;0,333913006;79,71;18267,433;46671,733;0
20/04/2000;0;0;0,292828511;79,924;18267,433;46671,733;0
21/04/2000;0;0;0,253639511;80,102;18267,433;46671,733;0
22/04/2000;0,1;0;0,262586269;80,28;18267,433;46671,733;0
23/04/2000;0;0;0,231186662;80,423;18267,433;46671,733;0
24/04/2000;0;0;0,186542387;80,531;18267,433;46671,733;0
25/04/2000;0;0;0,186987981;80,638;18267,433;46671,733;0
26/04/2000;0,1;0;0,144109617;80,71;18267,433;46671,733;0
27/04/2000;6,5;0;0,180833846;80,818;18267,433;46671,733;0
28/04/2000;0;0;0,153174363;80,889;18267,433;46671,733;0
29/04/2000;0,1;0;0,145202711;80,961;18267,433;46671,733;0
30/04/2000;5,5;0;0,133881572;80,997;25355,58;61744,193;0
01/05/2000;2;0;0,091053099;80,997;25355,58;61744,193;0
02/05/2000;0;0;0,096443999;80,997;25355,58;61744,193;0
03/05/2000;4;0;0,098600359;80,997;25355,58;61744,193;0
04/05/2000;1,5;0;0,138917873;81,033;25355,58;61744,193;0
05/05/2000;1;0;0,131730451;81,069;25355,58;61744,193;0
06/05/2000;23,5;0;0,526679135;81,501;25355,58;61744,193;0
07/05/2000;4;0;0,384697529;81,791;25355,58;61744,193;0
08/05/2000;3;0;0,272447925;81,972;25355,58;61744,193;0
09/05/2000;0;0;0,137960456;82,008;25355,58;61744,193;0
10/05/2000;0;0;0,169980027;82,08;25355,58;61744,193;0
11/05/2000;0;0;0,212797991;82,189;25355,58;61744,193;0
12/05/2000;0;0;0,17571845;82,262;25355,58;61744,193;0
13/05/2000;0;0;0,136906504;82,298;25355,58;61744,193;0
14/05/2000;0;0;0,130278341;82,335;25355,58;61744,193;0
15/05/2000;0;0;0,095822457;82,335;25355,58;61744,193;0
16/05/2000;0;0;0,068629859;82,298;25355,58;61744,193;0
17/05/2000;0;0;0,068534575;82,262;25355,58;61744,193;0
18/05/2000;0;0;0,066713719;82,226;25355,58;61744,193;0
19/05/2000;0;0;0,028978489;82,153;25355,58;61744,193;0
20/05/2000;10,5;0;0,028244103;82,08;25355,58;61744,193;0
21/05/2000;1;0;0,0925399;82,08;25355,58;61744,193;0
22/05/2000;0;0;0,104145504;82,08;25355,58;61744,193;0
23/05/2000;1;0;0,089638499;82,08;25355,58;61744,193;0
24/05/2000;3,5;0;0,067052671;82,044;25355,58;61744,193;0
25/05/2000;0;0;0,079008861;82,008;25355,58;61744,193;0
26/05/2000;0;0;0,044889844;81,935;25355,58;61744,193;0
27/05/2000;0;0;0,002623744;81,827;25355,58;61744,193;0
28/05/2000;0;0;0,043034811;81,754;25355,58;61744,193;0
29/05/2000;0;0;-0,02980648;81,61;25355,58;61744,193;0
30/05/2000;0;0;0,003725234;81,501;25355,58;61744,193;0
31/05/2000;0;0;0,034442507;81,393;48347,433;85080,233;0
01/06/2000;0;0;0,010676921;81,249;48347,433;85080,233;0
02/06/2000;0;0;0,120830777;81,213;48347,433;85080,233;0
03/06/2000;2;0;0,044852559;81,105;48347,433;85080,233;0
04/06/2000;0;0;0,043037938;80,997;48347,433;85080,233;0
05/06/2000;0;0;0,054152994;80,889;48347,433;85080,233;0
06/06/2000;0;0;0,047952061;80,782;48347,433;85080,233;0
07/06/2000;0;0;0,047649324;80,674;48347,433;85080,233;0
08/06/2000;0;0;0,012622396;80,531;48347,433;85080,233;0
09/06/2000;0;0;0,015813352;80,388;48347,433;85080,233;0
10/06/2000;0;0;0,021139223;80,245;48347,433;85080,233;0
11/06/2000;0;0;0,018605241;80,102;48347,433;85080,233;0
12/06/2000;0;0;0,013227359;79,959;48347,433;85080,233;0
13/06/2000;0;0;0,012420623;79,817;48347,433;85080,233;0
14/06/2000;0;0;0,011684383;79,675;48347,433;85080,233;0
15/06/2000;0;0;0,013434524;79,533;48347,433;85080,233;0
16/06/2000;0;0;0,015889438;79,391;48347,433;85080,233;0
17/06/2000;0;0;0,018692412;79,249;48347,433;85080,233;0
18/06/2000;0;0;0,020781259;79,107;48347,433;85080,233;0
19/06/2000;0;0;0,00691001;78,966;48347,433;85080,233;0
20/06/2000;0;0;0,006539625;78,825;48347,433;85080,233;0
21/06/2000;0;0;0,012865134;78,684;48347,433;85080,233;0
22/06/2000;0;0;-0,02111041;78,508;48347,433;85080,233;0
23/06/2000;0;0;0,014214898;78,367;48347,433;85080,233;0
24/06/2000;0;0;0,048790699;78,262;48347,433;85080,233;0
25/06/2000;0;0;0,040756787;78,156;48347,433;85080,233;0
26/06/2000;0;0;-0,028613719;77,981;48347,433;85080,233;0
27/06/2000;0;0;-0,017792709;77,806;48347,433;85080,233;0
28/06/2000;0;0;-0,044458617;77,596;48347,433;85080,233;0
29/06/2000;0;0;0,018832287;77,457;48347,433;85080,233;0
30/06/2000;0;0;-0,007036331;77,282;62844,451;87017,677;0
01/07/2000;0;0;0,030680052;77,143;62844,451;87017,677;0
02/07/2000;0;0;0,037948346;77,004;62844,451;87017,677;0
03/07/2000;0;0;0,017082862;76,831;62844,451;87017,677;0
04/07/2000;0;0;0,00525072;76,658;62844,451;87017,677;0
05/07/2000;0;0;-0,038785958;76,45;62844,451;87017,677;0
06/07/2000;0;0;0,028084092;76,312;62844,451;87017,677;0
07/07/2000;0;0;0,045990101;76,174;62844,451;87017,677;0
08/07/2000;0,1;0;0,026667325;76,036;62844,451;87017,677;0
09/07/2000;0;0;0,059589827;75,933;62844,451;87017,677;0
10/07/2000;0;0;0,049311486;75,795;62844,451;87017,677;0
11/07/2000;0;0;-0,167105987;75,452;62844,451;87017,677;0
12/07/2000;0;0;0,104797259;75,384;62844,451;87017,677;0
13/07/2000;0;0;-0,102283173;75,11;62844,451;87017,677;0
14/07/2000;0;0;0,072767305;75,008;62844,451;87017,677;0
15/07/2000;0;0;0,072426164;74,905;62844,451;87017,677;0
16/07/2000;0;0;0,075105444;74,803;62844,451;87017,677;0
17/07/2000;0;0;0,000943445;74,633;62844,451;87017,677;0
18/07/2000;0;0;-0,034113405;74,429;62844,451;87017,677;0
19/07/2000;0;0;-0,034844017;74,226;62844,451;87017,677;0
20/07/2000;0;0;0,032471985;74,09;62844,451;87017,677;0
21/07/2000;0;0;0,000794871;73,921;62844,451;87017,677;0
22/07/2000;0;0;0,003462998;73,752;62844,451;87017,677;0
23/07/2000;0;0;0,009143764;73,584;62844,451;87017,677;0
24/07/2000;0;0;0,011128634;73,415;62844,451;87017,677;0
25/07/2000;0;0;-0,052251656;73,18;62844,451;87017,677;0
26/07/2000;0;0;0,009001969;73,012;62844,451;87017,677;0
27/07/2000;0;0;0,03995289;72,879;62844,451;87017,677;0
28/07/2000;0;0;0,002912695;72,711;62844,451;87017,677;0
29/07/2000;0;0;-0,030126589;72,511;62844,451;87017,677;0
30/07/2000;0;0;-0,023172376;72,311;62844,451;87017,677;0
31/07/2000;0;0;0,015451982;72,145;73985,387;91179,161;0
01/08/2000;0;0;-0,016919106;71,945;73985,387;91179,161;0
02/08/2000;0;0;0,023353794;71,78;73985,387;91179,161;0
03/08/2000;0;0;-0,029481824;71,548;73985,387;91179,161;0
04/08/2000;0;0;0,019307707;71,383;73985,387;91179,161;0
05/08/2000;0;0;-0,014386481;71,185;73985,387;91179,161;0
06/08/2000;0;0;0,019243044;71,02;73985,387;91179,161;0
07/08/2000;0;0;0,052233947;70,889;73985,387;91179,161;0
08/08/2000;0;0;-0,012815627;70,692;73985,387;91179,161;0
09/08/2000;0;0;-0,145835662;70,364;73985,387;91179,161;0
10/08/2000;0;0;0,020770236;70,201;73985,387;91179,161;0
11/08/2000;0;0;0,053725329;70,07;73985,387;91179,161;0
12/08/2000;0;0;-0,04540365;69,81;73985,387;91179,161;0
13/08/2000;0;0;0,019374065;69,647;73985,387;91179,161;0
14/08/2000;0;0;0,026183222;69,485;73985,387;91179,161;0
15/08/2000;0;0;-0,007801029;69,291;73985,387;91179,161;0
16/08/2000;0;0;0,024489607;69,129;73985,387;91179,161;0
17/08/2000;0;0;-0,007872423;68,935;73985,387;91179,161;0
18/08/2000;0;0;-0,042135874;68,71;73985,387;91179,161;0
19/08/2000;0;0;0,024085938;68,549;73985,387;91179,161;0
20/08/2000;0;0;0,028867391;68,388;73985,387;91179,161;0
21/08/2000;0;0;-0,024582472;68,164;73985,387;91179,161;0
22/08/2000;0;0;-0,037114389;67,94;73985,387;91179,161;0
23/08/2000;0;0;0,016370392;67,781;73985,387;91179,161;0
24/08/2000;0;0;-0,036831541;67,558;73985,387;91179,161;0
25/08/2000;0;0;0,025500393;67,398;73985,387;91179,161;0
26/08/2000;0;0;-0,030202594;67,176;73985,387;91179,161;0
27/08/2000;0;0;0,026791624;67,018;73985,387;91179,161;0
28/08/2000;0;0;0,021703971;66,86;73985,387;91179,161;0
29/08/2000;0;0;-0,011269592;66,67;73985,387;91179,161;0
30/08/2000;0;0;-0,04350268;66,45;73985,387;91179,161;0
31/08/2000;0;0;0,03119867;66,324;54070,5;90237,466;0
01/09/2000;0;0;-0,029314811;66,135;54070,5;90237,466;0
02/09/2000;0;0;0,008614575;65,978;54070,5;90237,466;0
03/09/2000;0;0;0,001447441;65,822;54070,5;90237,466;0
04/09/2000;0;0;-0,060644719;65,603;54070,5;90237,466;0
05/09/2000;0;0;-0,027424665;65,416;54070,5;90237,466;0
06/09/2000;0;0;0,002307156;65,26;54070,5;90237,466;0
07/09/2000;0;0;0,007633849;65,105;54070,5;90237,466;0
08/09/2000;0;0;0,097207829;65,043;54070,5;90237,466;0
09/09/2000;0;0;-0,086352259;64,795;54070,5;90237,466;0
10/09/2000;0;0;-0,090101964;64,547;54070,5;90237,466;0
11/09/2000;0;0;-0,00105732;64,393;54070,5;90237,466;0
12/09/2000;0;0;-0,060922267;64,177;54070,5;90237,466;0
13/09/2000;0;0;-0,026792579;63,993;54070,5;90237,466;0
14/09/2000;0;0;0,003493873;63,839;54070,5;90237,466;0
15/09/2000;0;0;-0,022858031;63,655;54070,5;90237,466;0
16/09/2000;0;0;0,008115575;63,502;54070,5;90237,466;0
17/09/2000;0;0;0,012140367;63,35;54070,5;90237,466;0
18/09/2000;0;0;-0,024987757;63,167;54070,5;90237,466;0
19/09/2000;0;0;-0,021062004;62,984;54070,5;90237,466;0
20/09/2000;0;0;0,074565519;62,893;54070,5;90237,466;0
21/09/2000;0;0;-0,019505633;62,711;54070,5;90237,466;0
22/09/2000;0;0;-0,145095106;62,408;54070,5;90237,466;0
23/09/2000;0;0;0,034775371;62,287;54070,5;90237,466;0
24/09/2000;0;0;0,036966501;62,167;54070,5;90237,466;0
25/09/2000;0;0;0,001131863;62,016;54070,5;90237,466;0
26/09/2000;0,1;0;-0,027882924;61,836;54070,5;90237,466;0
27/09/2000;0;0;0,003604146;61,686;54070,5;90237,466;0
28/09/2000;2,5;0;-3,36874E-06;61,536;54070,5;90237,466;0
29/09/2000;1;0;0,001781243;61,386;54070,5;90237,466;0
30/09/2000;0;0;-0,044823017;61,207;34073,225;82500,258;0
01/10/2000;0;0;-0,07783899;60,998;34073,225;82500,258;0
02/10/2000;0;0;0,019873094;60,879;34073,225;82500,258;0
03/10/2000;0;0;-0,045104496;60,701;34073,225;82500,258;0
04/10/2000;0;0;-0,048689896;60,523;34073,225;82500,258;0
05/10/2000;0;0;-0,018710082;60,375;34073,225;82500,258;0
06/10/2000;0;0;-0,023159172;60,227;34073,225;82500,258;0
07/10/2000;0;0;-0,022761867;60,08;34073,225;82500,258;0
08/10/2000;0;0;0,036997916;59,991;34073,225;82500,258;0
09/10/2000;0;0;0,071229521;59,933;34073,225;82500,258;0
10/10/2000;0;0;0,022089683;59,815;34073,225;82500,258;0
11/10/2000;12;0;-0,222541875;59,463;34073,225;82500,258;0
12/10/2000;7;0;0,008932219;59,346;34073,225;82500,258;0
13/10/2000;0;0;-0,130678861;59,083;34073,225;82500,258;0
14/10/2000;0;0;-0,01341278;58,937;34073,225;82500,258;0
15/10/2000;0;0;-0,020287059;58,792;34073,225;82500,258;0
16/10/2000;0;0;0,071808435;58,733;34073,225;82500,258;0
17/10/2000;0;0;0,069896114;58,675;34073,225;82500,258;0
18/10/2000;0;0;-0,020600279;58,53;34073,225;82500,258;0
19/10/2000;0;0;0,008968711;58,414;34073,225;82500,258;0
20/10/2000;5;0;0,006488534;58,299;34073,225;82500,258;0
21/10/2000;5;0;0,030440013;58,212;34073,225;82500,258;0
22/10/2000;19;0;0,096524765;58,183;34073,225;82500,258;0
23/10/2000;1,5;0;0,063190548;58,125;34073,225;82500,258;0
24/10/2000;4,5;0;0,031438352;58,039;34073,225;82500,258;0
25/10/2000;0,1;0;0,061166428;57,981;34073,225;82500,258;0
26/10/2000;0;0;0,036330057;57,895;34073,225;82500,258;0
27/10/2000;0;0;0,036762288;57,808;34073,225;82500,258;0
28/10/2000;0;0;0,037468107;57,722;34073,225;82500,258;0
29/10/2000;0;0;0,036600482;57,636;34073,225;82500,258;0
30/10/2000;0;0;0,006732853;57,521;34073,225;82500,258;0
31/10/2000;0;0;-0,035382562;57,378;12757,366;80837,633;0
01/11/2000;0;0;0,043172746;57,321;12757,366;80837,633;0
02/11/2000;4;0;0,073171909;57,292;12757,366;80837,633;0
03/11/2000;0;0;0,021304832;57,206;12757,366;80837,633;0
04/11/2000;0;0;-0,011847355;57,092;12757,366;80837,633;0
05/11/2000;0;0;0,014864556;57,007;12757,366;80837,633;0
06/11/2000;7,5;0;0,044569319;56,95;12757,366;80837,633;0
07/11/2000;0;0;-0,044002555;56,807;12757,366;80837,633;0
08/11/2000;0;0;-0,012589635;56,694;12757,366;80837,633;0
09/11/2000;0;0;-0,014165615;56,58;12757,366;80837,633;0
10/11/2000;0;0;-0,071026855;56,41;12757,366;80837,633;0
11/11/2000;0;0;0,012271231;56,325;12757,366;80837,633;0
12/11/2000;0;0;0,040138442;56,269;12757,366;80837,633;0
13/11/2000;7,5;0;0,010571319;56,184;12757,366;80837,633;0
14/11/2000;1,5;0;0,010287349;56,099;12757,366;80837,633;0
15/11/2000;0,1;0;0,039568132;56,043;12757,366;80837,633;0
16/11/2000;5;0;0,044919055;55,987;12757,366;80837,633;0
17/11/2000;0;0;0,019851856;55,902;12757,366;80837,633;0
18/11/2000;0;0;0,015499124;55,818;12757,366;80837,633;0
19/11/2000;0;0;-0,008454359;55,705;12757,366;80837,633;0
20/11/2000;0,1;0;-0,012516121;55,593;12757,366;80837,633;0
21/11/2000;0;0;0,018839959;55,509;12757,366;80837,633;0
22/11/2000;2,5;0;-0,014208173;55,397;12757,366;80837,633;0
23/11/2000;2,5;0;0,069790461;55,369;12757,366;80837,633;0
24/11/2000;1,5;0;0,040669677;55,313;12757,366;80837,633;0
25/11/2000;0;0;0,013504425;55,229;12757,366;80837,633;0
26/11/2000;0;0;0,046245992;55,173;12757,366;80837,633;0
27/11/2000;0;0;0,017564816;55,09;12757,366;80837,633;0
28/11/2000;2;0;0,015443957;55,006;12757,366;80837,633;0
29/11/2000;2,5;0;0,039543385;54,95;12757,366;80837,633;0
30/11/2000;0;0;0,010178488;54,867;8837;81004,645;0
01/12/2000;1;0;0,006397244;54,783;8837;81004,645;0
02/12/2000;2;0;0,038450692;54,728;8837;81004,645;0
03/12/2000;0;0;0,036893471;54,672;8837;81004,645;0
04/12/2000;0;0;0,039555044;54,617;8837;81004,645;0
05/12/2000;3,5;0;0,009057551;54,534;8837;81004,645;0
06/12/2000;0,1;0;0,034118453;54,478;8837;81004,645;0
07/12/2000;6;0;0,007394721;54,395;8837;81004,645;0
08/12/2000;1;0;0,068094169;54,368;8837;81004,645;0
09/12/2000;0;0;0,040748363;54,312;8837;81004,645;0
10/12/2000;0;0;0,038706889;54,257;8837;81004,645;0
11/12/2000;0;0;0,03898028;54,202;8837;81004,645;0
12/12/2000;0;0;0,038426126;54,147;8837;81004,645;0
13/12/2000;0;0;0,012626309;54,064;8837;81004,645;0
14/12/2000;0;0;-0,013831025;53,954;8837;81004,645;0
15/12/2000;0;0;-0,147009442;53,707;8837;81004,645;0
16/12/2000;0;0;0,037582804;53,652;8837;81004,645;0
17/12/2000;0;0;0,011127813;53,57;8837;81004,645;0
18/12/2000;0;0;0,038125666;53,515;8837;81004,645;0
19/12/2000;0;0;-0,017425248;53,405;8837;81004,645;0
20/12/2000;0,5;0;-0,017247679;53,296;8837;81004,645;0
21/12/2000;2;0;-0,207710602;52,996;8837;81004,645;0
22/12/2000;24;0;0,153006166;53,051;8837;81004,645;0
23/12/2000;56;0;1,517118453;54,478;8837;81004,645;0
24/12/2000;26;0;1,601940284;55,987;8837;81004,645;0
25/12/2000;20;0;2,406756696;58,299;8837;81004,645;0
26/12/2000;8,5;0;2,139206743;60,346;8837;81004,645;0
27/12/2000;0,1;0;0,868101361;61,118;8837;81004,645;0
28/12/2000;4,5;0;0,599040394;61,626;8837;81004,645;0
29/12/2000;0,1;0;0,45886637;61,986;8837;81004,645;0
30/12/2000;0;0;0,372305445;62,257;8837;81004,645;0
31/12/2000;0;0;0,273925287;62,438;8439,387;80858,903;0
01/01/2001;9;0;0,399575142;62,741;8439,387;80858,903;0
02/01/2001;0;0;0,249497632;62,893;8439,387;80858,903;0
03/01/2001;0;0;0,215859209;63,015;8439,387;80858,903;0
04/01/2001;0;0;0,215169393;63,136;8439,387;80858,903;0
05/01/2001;4;0;0,216785168;63,258;8439,387;80858,903;0
06/01/2001;4,5;0;0,339410148;63,502;8439,387;80858,903;0
07/01/2001;0;0;0,28217718;63,686;8439,387;80858,903;0
08/01/2001;0;0;0,185282229;63,778;8439,387;80858,903;0
09/01/2001;0,5;0;0,18191178;63,87;8439,387;80858,903;0
10/01/2001;0,5;0;0,152753791;63,931;8439,387;80858,903;0
11/01/2001;37;0;1,357230987;65,198;8439,387;80858,903;0
12/01/2001;2;0;1,564768626;66,67;8439,387;80858,903;0
13/01/2001;0;0;0,63649583;67,208;8439,387;80858,903;0
14/01/2001;0;0;0,447890799;67,558;8439,387;80858,903;0
15/01/2001;0;0;0,38200003;67,844;8439,387;80858,903;0
16/01/2001;1;0;0,381778597;68,132;8439,387;80858,903;0
17/01/2001;0;0;0,322278346;68,356;8439,387;80858,903;0
18/01/2001;8,5;0;0,412263423;68,678;8439,387;80858,903;0
19/01/2001;0;0;0,328484251;68,903;8439,387;80858,903;0
20/01/2001;0;0;0,353116013;69,161;8439,387;80858,903;0
21/01/2001;0;0;0,223828781;69,291;8439,387;80858,903;0
22/01/2001;0,1;0;0,25421525;69,453;8439,387;80858,903;0
23/01/2001;0;0;0,257465834;69,615;8439,387;80858,903;0
24/01/2001;1;0;0,22189836;69,745;8439,387;80858,903;0
25/01/2001;1,5;0;0,259436053;69,907;8439,387;80858,903;0
26/01/2001;2;0;0,287907198;70,103;8439,387;80858,903;0
27/01/2001;0,1;0;0,620491442;70,626;8439,387;80858,903;0
28/01/2001;0,5;0;0,461149944;70,987;8439,387;80858,903;0
29/01/2001;0;0;0,398828796;71,284;8439,387;80858,903;0
30/01/2001;0;0;0,309102031;71,482;8439,387;80858,903;0
31/01/2001;0;0;71,79691557;71,68;20825,357;78217,857;0
01/02/2001;0;0;0,213950586;71,78;20825,357;78217,857;0
02/02/2001;0;0;0,269683545;71,945;20825,357;78217,857;0
03/02/2001;0;0;0,205352929;72,045;20825,357;78217,857;0
04/02/2001;0;0;0,209347509;72,145;20825,357;78217,857;0
05/02/2001;0;0;0,273365898;72,311;20825,357;78217,857;0
06/02/2001;0;0;0,141034475;72,344;20825,357;78217,857;0
07/02/2001;1,5;0;0,166376428;72,411;20825,357;78217,857;0
08/02/2001;0,1;0;0,204046035;72,511;20825,357;78217,857;0
09/02/2001;0;0;0,180059701;72,578;20825,357;78217,857;0
10/02/2001;0;0;0,140055102;72,611;20825,357;78217,857;0
11/02/2001;0;0;0,140057556;72,644;20825,357;78217,857;0
12/02/2001;0;0;0,142396145;72,678;20825,357;78217,857;0
13/02/2001;0;0;0,115744876;72,678;20825,357;78217,857;0
14/02/2001;1;0;0,140062477;72,711;20825,357;78217,857;0
15/02/2001;0,5;0;0,134380168;72,745;20825,357;78217,857;0
16/02/2001;0,1;0;0,105727983;72,745;20825,357;78217,857;0
17/02/2001;0;0;0,141404762;72,778;20825,357;78217,857;0
18/02/2001;3,5;0;0,107067398;72,778;20825,357;78217,857;0
19/02/2001;0;0;0,109073444;72,778;20825,357;78217,857;0
20/02/2001;0;0;0,104727011;72,778;20825,357;78217,857;0
21/02/2001;0;0;0,074733413;72,745;20825,357;78217,857;0
22/02/2001;0;0;0,10405679;72,745;20825,357;78217,857;0
23/02/2001;0,1;0;0,077406245;72,711;20825,357;78217,857;0
24/02/2001;0;0;0,039389694;72,644;20825,357;78217,857;0
25/02/2001;0;0;0,07472276;72,611;20825,357;78217,857;0
26/02/2001;20;0;0,172723879;72,678;20825,357;78217,857;0
27/02/2001;0;0;0,041724246;72,611;20825,357;78217,857;0
28/02/2001;0,5;0;0,104916193;72,611;23264,225;76310,709;0
01/03/2001;22;0;0,503255412;73,012;23264,225;76310,709;0
02/03/2001;24;0;1,754915059;74,667;23264,225;76310,709;0
03/03/2001;2,5;0;1,744574934;76,312;23264,225;76310,709;0
04/03/2001;3,5;0;0,762782237;76,97;23264,225;76310,709;0
05/03/2001;0;0;0,836165029;77,701;23264,225;76310,709;0
06/03/2001;0;0;0,665139062;78,262;23264,225;76310,709;0
07/03/2001;3;0;0,633276071;78,789;23264,225;76310,709;0
08/03/2001;0,1;0;0,493175283;79,178;23264,225;76310,709;0
09/03/2001;0;0;0,713957495;79,781;23264,225;76310,709;0
10/03/2001;0;0;0,470846383;80,138;23264,225;76310,709;0
11/03/2001;0;0;0,36030128;80,388;23264,225;76310,709;0
12/03/2001;0;0;0,404570868;80,674;23264,225;76310,709;0
13/03/2001;0;0;0,327501331;80,889;23264,225;76310,709;0
14/03/2001;0;0;0,251843486;81,033;23264,225;76310,709;0
15/03/2001;0;0;0,251853519;81,177;23264,225;76310,709;0
16/03/2001;0;0;0,216221316;81,285;23264,225;76310,709;0
17/03/2001;0;0;0,183470929;81,357;23264,225;76310,709;0
18/03/2001;0;0;0,225254739;81,465;23264,225;76310,709;0
19/03/2001;0;0;0,18376689;81,538;23264,225;76310,709;0
20/03/2001;0;0;0,22166795;81,646;23264,225;76310,709;0
21/03/2001;0;0;0,18495334;81,718;23264,225;76310,709;0
22/03/2001;0;0;0,191388424;81,791;23264,225;76310,709;0
23/03/2001;0;0;0,115494041;81,791;23264,225;76310,709;0
24/03/2001;0;0;0,147155966;81,827;23264,225;76310,709;0
25/03/2001;1;0;0,137747035;81,863;23264,225;76310,709;0
26/03/2001;9;0;0,175921768;81,935;23264,225;76310,709;0
27/03/2001;0;0;0,187073161;82,008;23264,225;76310,709;0
28/03/2001;0;0;0,121322275;82,008;23264,225;76310,709;0
29/03/2001;0;0;0,1508027;82,044;23264,225;76310,709;0
30/03/2001;0;0;0,120603754;82,044;23264,225;76310,709;0
31/03/2001;0;0;0,098360766;82,044;37826,266;46031,866;0
01/04/2001;0;0;0,130738386;82,08;37826,266;46031,866;0
02/04/2001;0;0;0,097277111;82,08;37826,266;46031,866;0
03/04/2001;0;0;0,089660934;82,08;37826,266;46031,866;0
04/04/2001;0;0;0,06381103;82,044;37826,266;46031,866;0
05/04/2001;0;0;0,099448464;82,044;37826,266;46031,866;0
06/04/2001;0;0;0,11032544;82,044;37826,266;46031,866;0
07/04/2001;0;0;0,073954941;82,008;37826,266;46031,866;0
08/04/2001;0;0;0,067787162;81,972;37826,266;46031,866;0
09/04/2001;0;0;0,057725216;81,935;37826,266;46031,866;0
10/04/2001;0;0;0,065602344;81,899;37826,266;46031,866;0
11/04/2001;0;0;0,069941155;81,863;37826,266;46031,866;0
12/04/2001;0;0;0,026691846;81,791;37826,266;46031,866;0
13/04/2001;0;0;0,064219155;81,754;37826,266;46031,866;0
14/04/2001;0;0;0,060151802;81,718;37826,266;46031,866;0
15/04/2001;0;0;0,059786606;81,682;37826,266;46031,866;0
16/04/2001;0;0;0,02703063;81,61;37826,266;46031,866;0
17/04/2001;0;0;0,024494211;81,538;37826,266;46031,866;0
18/04/2001;0;0;0,025290626;81,465;37826,266;46031,866;0
19/04/2001;0;0;0,02159416;81,393;37826,266;46031,866;0
20/04/2001;0;0;0,025552393;81,321;37826,266;46031,866;0
21/04/2001;0;0;0,071995947;81,285;37826,266;46031,866;0
22/04/2001;0;0;0,074149583;81,249;37826,266;46031,866;0
23/04/2001;0;0;0,036693888;81,177;37826,266;46031,866;0
24/04/2001;0;0;0,029124704;81,105;37826,266;46031,866;0
25/04/2001;0;0;0,068715605;81,069;37826,266;46031,866;0
26/04/2001;0;0;0,017967818;80,997;37826,266;46031,866;0
27/04/2001;0;0;0,031253604;80,925;37826,266;46031,866;0
28/04/2001;0;0;0,064375195;80,889;37826,266;46031,866;0
29/04/2001;0;0;0,03367138;80,818;37826,266;46031,866;0
30/04/2001;0;0;-0,008393022;80,71;32475,709;46695,483;0
01/05/2001;0;0;-0,017008321;80,602;32475,709;46695,483;0
02/05/2001;1;0;0,014077854;80,531;32475,709;46695,483;0
03/05/2001;7,5;0;0,080245131;80,531;32475,709;46695,483;0
04/05/2001;0;0;0,02470152;80,459;32475,709;46695,483;0
05/05/2001;0;0;0,054616113;80,423;32475,709;46695,483;0
06/05/2001;0;0;0,018536848;80,352;32475,709;46695,483;0
07/05/2001;0;0;0,060680264;80,316;32475,709;46695,483;0
08/05/2001;0;0;0,019241637;80,245;32475,709;46695,483;0
09/05/2001;0;0;0,051739255;80,209;32475,709;46695,483;0
10/05/2001;0;0;0,023869786;80,138;32475,709;46695,483;0
11/05/2001;0;0;0,026425946;80,066;32475,709;46695,483;0
12/05/2001;0;0;-0,010016548;79,959;32475,709;46695,483;0
13/05/2001;0;0;0,027396747;79,888;32475,709;46695,483;0
14/05/2001;0;0;-0,075366546;79,71;32475,709;46695,483;0
15/05/2001;0;0;-0,010846374;79,604;32475,709;46695,483;0
16/05/2001;0;0;0,061279116;79,568;32475,709;46695,483;0
17/05/2001;0;0;0,030171383;79,497;32475,709;46695,483;0
18/05/2001;24;0;0,123335026;79,533;32475,709;46695,483;0
19/05/2001;10,5;0;0,186947557;79,639;32475,709;46695,483;0
20/05/2001;3;0;0,081658103;79,639;32475,709;46695,483;0
21/05/2001;0;0;0,059443295;79,604;32475,709;46695,483;0
22/05/2001;0;0;0,053822912;79,568;32475,709;46695,483;0
23/05/2001;0;0;0,062628557;79,533;32475,709;46695,483;0
24/05/2001;0;0;0,024488949;79,462;32475,709;46695,483;0
25/05/2001;0;0;0,030860371;79,391;32475,709;46695,483;0
26/05/2001;0;0;0,030137996;79,32;32475,709;46695,483;0
27/05/2001;0;0;-0,006235988;79,213;32475,709;46695,483;0
28/05/2001;0;0;0,031812161;79,143;32475,709;46695,483;0
29/05/2001;0;0;0,031505525;79,072;32475,709;46695,483;0
30/05/2001;0;0;0,032198034;79,001;32475,709;46695,483;0
31/05/2001;0;0;0,040001967;78,895;63209,3;58787,766;0
01/06/2001;0;0;0,037863933;78,789;63209,3;58787,766;0
02/06/2001;0;0;0,00283737;78,648;63209,3;58787,766;0
03/06/2001;0;0;0,055358728;78,543;63209,3;58787,766;0
04/06/2001;0;0;0,00314244;78,402;63209,3;58787,766;0
05/06/2001;0;0;0,037366271;78,297;63209,3;58787,766;0
06/06/2001;0;0;0,073108785;78,226;63209,3;58787,766;0
07/06/2001;0;0;-0,006084132;78,086;63209,3;58787,766;0
08/06/2001;0;0;-0,045302499;77,911;63209,3;58787,766;0
09/06/2001;0;0;0,017306044;77,771;63209,3;58787,766;0
10/06/2001;0;0;0,002598005;77,631;63209,3;58787,766;0
11/06/2001;0;0;0,133170457;77,631;63209,3;58787,766;0
12/06/2001;0;0;0,241675555;77,736;63209,3;58787,766;0
13/06/2001;0;0;0,075049213;77,666;63209,3;58787,766;0
14/06/2001;0;0;0,044564601;77,561;63209,3;58787,766;0
15/06/2001;0;0;0,019592797;77,422;63209,3;58787,766;0
16/06/2001;0;0;0,033168731;77,282;63209,3;58787,766;0
17/06/2001;0;0;0,04582016;77,178;63209,3;58787,766;0
18/06/2001;0;0;-0,02734753;77,004;63209,3;58787,766;0
19/06/2001;0;0;0,004500904;76,865;63209,3;58787,766;0
20/06/2001;0;0;0,006513956;76,727;63209,3;58787,766;0
21/06/2001;0;0;0,008946415;76,588;63209,3;58787,766;0
22/06/2001;0;0;0,017171776;76,45;63209,3;58787,766;0
23/06/2001;0;0;0,015060401;76,312;63209,3;58787,766;0
24/06/2001;0;0;0,046962998;76,208;63209,3;58787,766;0
25/06/2001;0;0;0,01396093;76,07;63209,3;58787,766;0
26/06/2001;0;0;0,059600503;75,967;63209,3;58787,766;0
27/06/2001;0;0;-0,003620702;75,795;63209,3;58787,766;0
28/06/2001;0;0;-0,090233011;75,555;63209,3;58787,766;0
29/06/2001;0;0;-0,164805302;75,247;63209,3;58787,766;0
30/06/2001;0;0;-0,011351237;75,076;66368,903;64604,322;0
01/07/2001;0;0;0,049460172;74,973;66368,903;64604,322;0
02/07/2001;0;0;0,092627507;74,905;66368,903;64604,322;0
03/07/2001;0;0;0,017101686;74,769;66368,903;64604,322;0
04/07/2001;0;0;-0,00911404;74,599;66368,903;64604,322;0
05/07/2001;0;0;-0,036722284;74,395;66368,903;64604,322;0
06/07/2001;0;0;-0,004826816;74,226;66368,903;64604,322;0
07/07/2001;0;0;-0,016363545;74,056;66368,903;64604,322;0
08/07/2001;0;0;0,053967455;73,955;66368,903;64604,322;0
09/07/2001;0;0;-0,033571564;73,752;66368,903;64604,322;0
10/07/2001;0;0;0,119904412;73,718;66368,903;64604,322;0
11/07/2001;0;0;-0,107414598;73,449;66368,903;64604,322;0
12/07/2001;0;0;-0,01922501;73,281;66368,903;64604,322;0
13/07/2001;0;0;0,025488258;73,147;66368,903;64604,322;0
14/07/2001;0;0;-0,03318823;72,945;66368,903;64604,322;0
15/07/2001;0;0;-0,009613835;72,778;66368,903;64604,322;0
16/07/2001;0;0;-0,002643907;72,611;66368,903;64604,322;0
17/07/2001;0;0;0,022646206;72,478;66368,903;64604,322;0
18/07/2001;0;0;-0,057779144;72,244;66368,903;64604,322;0
19/07/2001;0;0;-0,03415357;72,045;66368,903;64604,322;0
20/07/2001;0;0;-0,011484558;71,879;66368,903;64604,322;0
21/07/2001;0;0;-0,014500343;71,713;66368,903;64604,322;0
22/07/2001;0;0;0,048842285;71,614;66368,903;64604,322;0
23/07/2001;0;0;-0,050849095;71,416;66368,903;64604,322;0
24/07/2001;0;0;-0,006995558;71,251;66368,903;64604,322;0
25/07/2001;0;0;0,01774009;71,119;66368,903;64604,322;0
26/07/2001;0;0;-0,009042769;70,954;66368,903;64604,322;0
27/07/2001;0;0;0,021314831;70,823;66368,903;64604,322;0
28/07/2001;0;0;0,049374679;70,725;66368,903;64604,322;0
29/07/2001;2,5;0;-0,083642615;70,495;66368,903;64604,322;0
30/07/2001;0,1;0;-0,057185551;70,299;66368,903;64604,322;0
31/07/2001;0;0;0,062482694;70,201;75720,225;66809,612;0
01/08/2001;0;0;0,033698722;70,07;75720,225;66809,612;0
02/08/2001;0;0;-0,017000442;69,875;75720,225;66809,612;0
03/08/2001;0;0;0,009096471;69,712;75720,225;66809,612;0
04/08/2001;0;0;-0,002276575;69,55;75720,225;66809,612;0
05/08/2001;0;0;0,025814099;69,42;75720,225;66809,612;0
06/08/2001;0;0;-0,002324327;69,258;75720,225;66809,612;0
07/08/2001;0;0;0,034531789;69,129;75720,225;66809,612;0
08/08/2001;0;0;-0,063480854;68,903;75720,225;66809,612;0
09/08/2001;0;0;-0,000443201;68,742;75720,225;66809,612;0
10/08/2001;0;0;-0,00336376;68,581;75720,225;66809,612;0
11/08/2001;0;0;0,057126592;68,485;75720,225;66809,612;0
12/08/2001;0;0;0,060929012;68,388;75720,225;66809,612;0
13/08/2001;0;0;-0,067384826;68,164;75720,225;66809,612;0
14/08/2001;0;0;0,000109238;68,004;75720,225;66809,612;0
15/08/2001;0;0;0,003911578;67,844;75720,225;66809,612;0
16/08/2001;0;0;-0,018527666;67,653;75720,225;66809,612;0
17/08/2001;0;0;-0,026214031;67,462;75720,225;66809,612;0
18/08/2001;0;0;0,032995112;67,335;75720,225;66809,612;0
19/08/2001;0;0;0,006040943;67,176;75720,225;66809,612;0
20/08/2001;0;0;0,005423176;67,018;75720,225;66809,612;0
21/08/2001;0;0;0,000649632;66,86;75720,225;66809,612;0
22/08/2001;0;0;0,031313927;66,733;75720,225;66809,612;0
23/08/2001;0;0;-0,030400409;66,544;75720,225;66809,612;0
24/08/2001;0;0;-0,026970801;66,355;75720,225;66809,612;0
25/08/2001;0;0;0,025325034;66,229;75720,225;66809,612;0
26/08/2001;0;0;0,063593239;66,135;75720,225;66809,612;0
27/08/2001;0;0;-0,037952529;65,947;75720,225;66809,612;0
28/08/2001;0;0;0,036300516;65,822;75720,225;66809,612;0
29/08/2001;0;0;-0,01986483;65,634;75720,225;66809,612;0
30/08/2001;0;0;-0,044623845;65,416;75720,225;66809,612;0
31/08/2001;0;0;-0,027083207;65,26;43717,033;66845,266;0
01/09/2001;0;0;0,000544015;65,136;43717,033;66845,266;0
02/09/2001;1;0;-9,40669E-05;65,012;43717,033;66845,266;0
03/09/2001;0;0;-0,094671425;64,795;43717,033;66845,266;0
04/09/2001;0;0;-0,060911943;64,609;43717,033;66845,266;0
05/09/2001;0;0;-0,000473464;64,485;43717,033;66845,266;0
06/09/2001;0;0;-0,026179103;64,331;43717,033;66845,266;0
07/09/2001;0;0;-0,090907046;64,116;43717,033;66845,266;0
08/09/2001;0;0;-0,02931415;63,962;43717,033;66845,266;0
09/09/2001;0;0;0,032979321;63,87;43717,033;66845,266;0
10/09/2001;0;0;-0,000795989;63,747;43717,033;66845,266;0
11/09/2001;0;0;-0,026837798;63,594;43717,033;66845,266;0
12/09/2001;0;0;-0,060530795;63,411;43717,033;66845,266;0
13/09/2001;0;0;0,003198561;63,289;43717,033;66845,266;0
14/09/2001;0;0;-0,057829;63,106;43717,033;66845,266;0
15/09/2001;0;0;0,001024906;62,984;43717,033;66845,266;0
16/09/2001;0;0;0,032013151;62,893;43717,033;66845,266;0
17/09/2001;0;0;0,037765875;62,802;43717,033;66845,266;0
18/09/2001;0,1;0;-0,123964058;62,559;43717,033;66845,266;0
19/09/2001;3,5;0;-0,036811853;62,408;43717,033;66845,266;0
20/09/2001;0;0;0,03686321;62,318;43717,033;66845,266;0
21/09/2001;12;0;0,052579089;62,257;43717,033;66845,266;0
22/09/2001;26;0;0,634357934;62,772;43717,033;66845,266;0
23/09/2001;0;0;-0,031747436;62,62;43717,033;66845,266;0
24/09/2001;0;0;-0,057836464;62,438;43717,033;66845,266;0
25/09/2001;0;0;0,002637048;62,318;43717,033;66845,266;0
26/09/2001;0;0;0,02740348;62,227;43717,033;66845,266;0
27/09/2001;3;0;0,059905503;62,167;43717,033;66845,266;0
28/09/2001;52,5;0;0,508312271;62,559;43717,033;66845,266;0
29/09/2001;0,5;0;0,028120918;62,469;43717,033;66845,266;0
30/09/2001;0;0;0,054107405;62,408;15253,612;82026,709;0
01/10/2001;0;0;0,052076567;62,348;15253,612;82026,709;0
02/10/2001;0;0;0,058913358;62,287;15253,612;82026,709;0
03/10/2001;0;0;0,053867435;62,227;15253,612;82026,709;0
04/10/2001;0;0;0,020236172;62,137;15253,612;82026,709;0
05/10/2001;0;0;0,019223918;62,046;15253,612;82026,709;0
06/10/2001;3;0;0,015700749;61,956;15253,612;82026,709;0
07/10/2001;0;0;-0,014910569;61,836;15253,612;82026,709;0
08/10/2001;0;0;0,016882435;61,746;15253,612;82026,709;0
09/10/2001;0;0;0,02017094;61,656;15253,612;82026,709;0
10/10/2001;60;0;0,331315924;61,866;15253,612;82026,709;0
11/10/2001;22,5;0;0,501554195;62,257;15253,612;82026,709;0
12/10/2001;6,5;0;0,348958393;62,499;15253,612;82026,709;0
13/10/2001;0;0;0,204627499;62,59;15253,612;82026,709;0
14/10/2001;0;0;0,113930225;62,59;15253,612;82026,709;0
15/10/2001;0;0;0,044751309;62,529;15253,612;82026,709;0
16/10/2001;0,1;0;0,082099868;62,499;15253,612;82026,709;0
17/10/2001;0;0;0,018064325;62,408;15253,612;82026,709;0
18/10/2001;0;0;0,045433355;62,348;15253,612;82026,709;0
19/10/2001;24;0;0,469070415;62,711;15253,612;82026,709;0
20/10/2001;0,5;0;0,314444491;62,923;15253,612;82026,709;0
21/10/2001;0;0;0,129191932;62,954;15253,612;82026,709;0
22/10/2001;0;0;0,106700296;62,954;15253,612;82026,709;0
23/10/2001;0;0;0,071140717;62,923;15253,612;82026,709;0
24/10/2001;0;0;0,068191359;62,893;15253,612;82026,709;0
25/10/2001;0;0;0,070012576;62,863;15253,612;82026,709;0
26/10/2001;0;0;0,072350083;62,832;15253,612;82026,709;0
27/10/2001;0;0;0,044862765;62,772;15253,612;82026,709;0
28/10/2001;0;0;0,043554881;62,711;15253,612;82026,709;0
29/10/2001;0;0;-0,017362443;62,59;15253,612;82026,709;0
30/10/2001;0;0;0,011724236;62,499;15253,612;82026,709;0
31/10/2001;0;0;0,022940743;62,408;21446,233;77688,966;0
01/11/2001;0;0;0,01607818;62,318;21446,233;77688,966;0
02/11/2001;0;0;0,047185568;62,257;21446,233;77688,966;0
03/11/2001;0;0;0,05360666;62,197;21446,233;77688,966;0
04/11/2001;15,5;0;0,108179862;62,197;21446,233;77688,966;0
05/11/2001;35,5;0;5,849162602;67,94;21446,233;77688,966;0
06/11/2001;0;0;0,685129174;68,517;21446,233;77688,966;0
07/11/2001;0;0;0,427257169;68,839;21446,233;77688,966;0
08/11/2001;0,1;0;0,331884967;69,064;21446,233;77688,966;0
09/11/2001;0;0;0,268250145;69,226;21446,233;77688,966;0
10/11/2001;0;0;0,202285616;69,323;21446,233;77688,966;0
11/11/2001;0;0;0,168345985;69,388;21446,233;77688,966;0
12/11/2001;0;0;0,134051256;69,42;21446,233;77688,966;0
13/11/2001;0;0;0,134403946;69,453;21446,233;77688,966;0
14/11/2001;0;0;0,101079839;69,453;21446,233;77688,966;0
15/11/2001;1;0;0,101403946;69,453;21446,233;77688,966;0
16/11/2001;0;0;0,107561973;69,453;21446,233;77688,966;0
17/11/2001;0;0;0,144103466;69,485;21446,233;77688,966;0
18/11/2001;0;0;0,07394144;69,453;21446,233;77688,966;0
19/11/2001;0;0;0,11177536;69,453;21446,233;77688,966;0
20/11/2001;0;0;0,10594144;69,453;21446,233;77688,966;0
21/11/2001;0,5;0;0,10983072;69,453;21446,233;77688,966;0
22/11/2001;0,1;0;0,1039968;69,453;21446,233;77688,966;0
23/11/2001;0;0;0,070995295;69,42;21446,233;77688,966;0
24/11/2001;0;0;0,102699269;69,42;21446,233;77688,966;0
25/11/2001;0;0;0,071669892;69,388;21446,233;77688,966;0
26/11/2001;0;0;0,076173204;69,355;21446,233;77688,966;0
27/11/2001;0;0;0,075227853;69,323;21446,233;77688,966;0
28/11/2001;0;0;0,073930936;69,291;21446,233;77688,966;0
29/11/2001;0;0;0,070987794;69,258;21446,233;77688,966;0
30/11/2001;0;0;0,026600466;69,194;9241,5806;77155,903;0
01/12/2001;0;0;0,059861621;69,161;9241,5806;77155,903;0
02/12/2001;0;0;0,057628553;69,129;9241,5806;77155,903;0
03/12/2001;0;0;-0,005760409;69,032;9241,5806;77155,903;0
04/12/2001;0;0;-0,069445582;68,871;9241,5806;77155,903;0
05/12/2001;0;0;0,058908409;68,839;9241,5806;77155,903;0
06/12/2001;0;0;0,025583609;68,774;9241,5806;77155,903;0
07/12/2001;0;0;0,059226134;68,742;9241,5806;77155,903;0
08/12/2001;0;0;0,028509991;68,678;9241,5806;77155,903;0
09/12/2001;0;0;0,055970375;68,645;9241,5806;77155,903;0
10/12/2001;0,1;0;0,023040309;68,581;9241,5806;77155,903;0
11/12/2001;1,5;0;0,056646673;68,549;9241,5806;77155,903;0
12/12/2001;1;0;0,024324166;68,485;9241,5806;77155,903;0
13/12/2001;0,1;0;0,087039711;68,485;9241,5806;77155,903;0
14/12/2001;3;0;-0,003223745;68,388;9241,5806;77155,903;0
15/12/2001;8;0;0,125136701;68,42;9241,5806;77155,903;0
16/12/2001;2;0;0,088322974;68,42;9241,5806;77155,903;0
17/12/2001;4;0;0,055680748;68,388;9241,5806;77155,903;0
18/12/2001;0,1;0;0,056963214;68,356;9241,5806;77155,903;0
19/12/2001;0,5;0;0,056641806;68,324;9241,5806;77155,903;0
20/12/2001;0;0;0,026883345;68,26;9241,5806;77155,903;0
21/12/2001;0;0;0,056960042;68,228;9241,5806;77155,903;0
22/12/2001;2,5;0;0,055998584;68,196;9241,5806;77155,903;0
23/12/2001;7,5;0;0,184000074;68,292;9241,5806;77155,903;0
24/12/2001;5,5;0;0,280039711;68,485;9241,5806;77155,903;0
25/12/2001;0;0;0,152967986;68,549;9241,5806;77155,903;0
26/12/2001;0;0;0,096036866;68,549;9241,5806;77155,903;0
27/12/2001;0;0;0,12707563;68,581;9241,5806;77155,903;0
28/12/2001;0;0;0,120648065;68,613;9241,5806;77155,903;0
29/12/2001;0;0;0,123864877;68,645;9241,5806;77155,903;0
30/12/2001;0;0;0,130013944;68,678;9241,5806;77155,903;0
31/12/2001;1,5;0;0,091279472;68,71;9680,9032;47989,516;0
01/01/2002;0,5;0;0,090314239;68,742;9680,9032;47989,516;0
02/01/2002;3;0;0,058314239;68,742;9680,9032;47989,516;0
03/01/2002;4,5;0;0,16369227;68,839;9680,9032;47989,516;0
04/01/2002;0;0;0,092893503;68,871;9680,9032;47989,516;0
05/01/2002;0;0;0,093861726;68,903;9680,9032;47989,516;0
06/01/2002;0;0;0,030827353;68,871;9680,9032;47989,516;0
07/01/2002;0;0;0,093539318;68,903;9680,9032;47989,516;0
08/01/2002;0;0;0,058315236;68,903;9680,9032;47989,516;0
09/01/2002;0;0;0,062506542;68,903;9680,9032;47989,516;0
10/01/2002;0;0;0,030505045;68,871;9680,9032;47989,516;0
11/01/2002;0;0;0,059281961;68,871;9680,9032;47989,516;0
12/01/2002;0;0;0,028892509;68,839;9680,9032;47989,516;0
13/01/2002;0;0;0,061536926;68,839;9680,9032;47989,516;0
14/01/2002;0;0;0,029179949;68,806;9680,9032;47989,516;0
15/01/2002;0;0;0,066689479;68,806;9680,9032;47989,516;0
16/01/2002;0;0;0,033076641;68,774;9680,9032;47989,516;0
17/01/2002;0;0;0,064110612;68,774;9680,9032;47989,516;0
18/01/2002;0;0;0,03210862;68,742;9680,9032;47989,516;0
19/01/2002;0;0;0,060889519;68,742;9680,9032;47989,516;0
20/01/2002;0;0;0,031463008;68,71;9680,9032;47989,516;0
21/01/2002;0,1;0;0,030496083;68,678;9680,9032;47989,516;0
22/01/2002;0,1;0;0,060244107;68,678;9680,9032;47989,516;0
23/01/2002;4;0;0,063139505;68,678;9680,9032;47989,516;0
24/01/2002;0;0;0,039142932;68,645;9680,9032;47989,516;0
25/01/2002;0;0;0,035637278;68,613;9680,9032;47989,516;0
26/01/2002;0;0;0,03145585;68,581;9680,9032;47989,516;0
27/01/2002;0;0;0,031775361;68,549;9680,9032;47989,516;0
28/01/2002;0;0;0,030167407;68,517;9680,9032;47989,516;0
29/01/2002;0;0;0,062167407;68,517;9680,9032;47989,516;0
30/01/2002;0;0;0,000411734;68,453;9680,9032;47989,516;0
31/01/2002;0;0;0,059190492;68,42;33028,428;45362,714;0
01/02/2002;0;0;0,054090729;68,388;33028,428;45362,714;0
02/02/2002;0;0;0,051522603;68,356;33028,428;45362,714;0
03/02/2002;0;0;0,050879786;68,324;33028,428;45362,714;0
04/02/2002;0;0;0,017595329;68,26;33028,428;45362,714;0
05/02/2002;0;0;-0,108811498;68,068;33028,428;45362,714;0
06/02/2002;0;0;-0,004827802;67,972;33028,428;45362,714;0
07/02/2002;0;0;0,024290329;67,908;33028,428;45362,714;0
08/02/2002;0;0;0,021092882;67,844;33028,428;45362,714;0
09/02/2002;0;0;0,022726592;67,781;33028,428;45362,714;0
10/02/2002;0;0;0,022678254;67,717;33028,428;45362,714;0
11/02/2002;0;0;0,022991646;67,653;33028,428;45362,714;0
12/02/2002;0;0;-0,009925796;67,558;33028,428;45362,714;0
13/02/2002;0;0;0,084755963;67,558;33028,428;45362,714;0
14/02/2002;0;0;-0,00838846;67,462;33028,428;45362,714;0
15/02/2002;0;0;0,082524424;67,462;33028,428;45362,714;0
16/02/2002;0;0;-0,010891176;67,367;33028,428;45362,714;0
17/02/2002;0,1;0;0,049249096;67,335;33028,428;45362,714;0
18/02/2002;0,5;0;0,017882032;67,271;33028,428;45362,714;0
19/02/2002;0;0;0,019197021;67,208;33028,428;45362,714;0
20/02/2002;0;0;0,058756397;67,176;33028,428;45362,714;0
21/02/2002;0;0;0,001446602;67,081;33028,428;45362,714;0
22/02/2002;0;0;0,026154377;67,018;33028,428;45362,714;0
23/02/2002;0;0;0,024565855;66,955;33028,428;45362,714;0
24/02/2002;0;0;0,026405701;66,891;33028,428;45362,714;0
25/02/2002;0;0;-0,003026104;66,796;33028,428;45362,714;0
26/02/2002;0;0;0,02738705;66,733;33028,428;45362,714;0
27/02/2002;0;0;-0,002677977;66,639;33028,428;45362,714;0
28/02/2002;0;0;-0,04483225;66,544;16733,905;16733,905;0
01/03/2002;3,5;0;0,003412795;66,513;16733,905;16733,905;0
02/03/2002;1;0;0,140079383;66,607;16733,905;16733,905;0
03/03/2002;65;0;0,288048182;66,86;16733,905;16733,905;0
04/03/2002;6;0;0,225051131;67,05;16733,905;16733,905;0
05/03/2002;0;0;0,075871259;67,081;16733,905;16733,905;0
06/03/2002;0;0;0,106659628;67,145;16733,905;16733,905;0
07/03/2002;0,5;0;0,035369566;67,145;16733,905;16733,905;0
08/03/2002;0;0;0,066370157;67,176;16733,905;16733,905;0
09/03/2002;0;0;0,050905991;67,176;16733,905;16733,905;0
10/03/2002;0;0;0,038857793;67,176;16733,905;16733,905;0
11/03/2002;0;0;0,010074832;67,145;16733,905;16733,905;0
12/03/2002;0;0;0,041391791;67,145;16733,905;16733,905;0
13/03/2002;25;0;0,160419871;67,271;16733,905;16733,905;0
14/03/2002;15,5;0;1,058634545;68,292;16733,905;16733,905;0
15/03/2002;17;0;0,616335511;68,871;16733,905;16733,905;0
16/03/2002;0,5;0;0,81401372;69,647;16733,905;16733,905;0
17/03/2002;0;0;0,429356502;70,038;16733,905;16733,905;0
18/03/2002;0;0;0,286828016;70,266;9504;36979,2;0,00026
19/03/2002;0;0;0,366313017;70,561;15778,8;44168,4;0,00023
20/03/2002;0;0;0,270415607;70,757;18061,2;44013,6;0,0002
21/03/2002;0;0;0,207278316;70,889;17467,2;44161,2;0,00018
22/03/2002;0;0;0,2209247;71,02;29250;44715,6;0,00017
23/03/2002;0;0;0,197939903;71,119;38484;45799,2;0,00017
24/03/2002;0;0;0,178844164;71,218;23742;44398;0,00017
25/03/2002;0;0;0,156647505;71,284;34995,6;45579,4;0,00018
26/03/2002;0;0;0,121057849;71,317;34236;44406;0,00018
27/03/2002;0;0;0,150273071;71,383;28670,4;46501,2;0,00019
28/03/2002;0,5;0;0,145733954;71,449;27637,2;45291,6;0,0002
29/03/2002;0;0;0,105316832;71,482;18118,8;44427,6;0,00019
30/03/2002;0;0;0,120187482;71,515;31255,2;45468;0,00022
31/03/2002;0;0;0,140860204;71,581;18096,4;46293,2;0,00022
01/04/2002;4;0;0,146079684;71,647;28692;44881,2;0,00022
02/04/2002;2;0;0,132726952;71,68;14154;53083,2;0,01892
03/04/2002;0,5;0;0,076800104;71,68;21060;43585,2;0,00024
04/04/2002;0,5;0;0,14032359;71,746;20404,8;43743,6;0,00024
05/04/2002;2,5;0;0,120618648;71,78;33210;43250,4;0,00022
06/04/2002;4;0;0,19211753;71,912;15037,2;43563,6;0,00019
07/04/2002;21;0;0,594119965;72,444;13453,2;43113,7;0,00022
08/04/2002;0,1;0;0,302504597;72,678;17643,6;40590;0,00025
09/04/2002;10;0;0,464763166;73,08;14205,6;40291,2;0,00022
10/04/2002;0,1;0;0,369054979;73,382;17294,4;40809,6;0,00021
11/04/2002;17;0;1,419231065;74,735;14115,6;38962,8;0,00022
12/04/2002;0;0;0,509621814;75,178;21434,4;39470,4;0,00025
13/04/2002;2;0;0,890847027;76,002;20008,8;41425,2;0,00025
14/04/2002;2,5;0;0,476101815;76,415;13197,6;42084;0,00022
15/04/2002;0;0;0,444227326;76,796;13633,2;39312;0,00023
16/04/2002;0;0;0,384047229;77,074;21636;71344,8;0,00021
17/04/2002;0;0;0,362688227;77,317;22914;85093,2;0,00019
18/04/2002;0;0;0,297500654;77,492;23702,4;85356;0,00019
19/04/2002;0;0;0,26352917;77,631;24703,2;86018,4;0,00019
20/04/2002;0;0;0,233168074;77,736;29613,6;86162,4;0,00016
21/04/2002;0;0;0,225782298;77,841;20649,6;84571,2;0,00017
22/04/2002;0;0;0,200936791;77,911;31899,6;84866,4;0,00017
23/04/2002;0;0;0,228148035;78,016;27925,2;78937,2;0,00017
24/04/2002;0;0;0,130354435;78,016;28375,2;85683,6;0,00018
25/04/2002;0;0;0,177230834;78,051;38289,6;85197,6;0,00017
26/04/2002;0;0;0,183585556;78,086;42109,2;88077,6;0,00017
27/04/2002;0;0;0,15254918;78,086;42519,6;88826,4;0,00017
28/04/2002;0;0;0,16491857;78,121;28238,4;83977,2;0,00017
29/04/2002;0;0;0,102434085;78,086;38577,6;82911,6;0,00017
30/04/2002;0;0;0,127257731;78,086;30942;86680,8;0,00017
01/05/2002;0;0;0,135255263;78,086;27993,6;82202,4;0,00017
02/05/2002;0;0;0,075581972;78,016;37857,6;84081,6;0,00017
03/05/2002;0;0;0,054873325;77,911;44568;91674;0,00018
04/05/2002;0;0;0,117340257;77,876;43819,2;91555,2;0,00017
05/05/2002;0,5;0;0,08613441;77,841;24764,4;85356;0,00017
06/05/2002;0;0;0,119499362;77,841;26773,2;84160,8;0,00017
07/05/2002;0,1;0;0,073424991;77,771;28692;93286,8;0,00956
08/05/2002;6;0;0,113104308;77,771;26604;81086,4;0,00017
09/05/2002;0,5;0;0,079678366;77,736;27925,2;82738,8;0,00017
10/05/2002;0;0;0,161778615;77,771;29854,8;86256;0,00018
11/05/2002;0;0;0,012706413;77,631;42202,8;88326;0,00018
12/05/2002;0;0;0,0642489;77,561;30956,4;83232;0,00017
13/05/2002;0;0;0,114670238;77,526;47408,4;83602,8;0,00017
14/05/2002;0;0;0,089070232;77,526;43988,4;18050,4;0,00017
15/05/2002;0;0;0,068467587;77,526;42378,2;6383,8;0,00017
16/05/2002;0;0;0,058517889;77,526;35704,8;6606;0,00016
17/05/2002;0;0;0,083506131;77,526;47016;7365,6;0,00017
18/05/2002;0;0;0,046469411;77,492;51300;8074,8;0,00017
19/05/2002;0;0;0,055822494;77,492;29548,8;6922,8;0,00017
20/05/2002;0;0;0,072845447;77,457;50205,6;36561,6;0,00016
21/05/2002;0;0;0,080175462;77,422;50526;45658,8;0,00017
22/05/2002;0;0;0,044323681;77,352;44377,2;44359,2;0,00016
23/05/2002;0;0;0,00795004;77,248;47988;46044;0,00017
24/05/2002;0;0;0,049172687;77,178;49604,4;47487,6;0,00017
25/05/2002;0;0;0,010654549;77,039;62596,8;50414,4;0,00017
26/05/2002;0;0;0,054480784;76,97;44056,8;46274,4;0,00017
27/05/2002;0;0;0,03270201;76,865;55616,4;47232;0,00017
28/05/2002;0;0;0,041398203;76,796;46274,4;44542,8;0,00017
29/05/2002;0;0;0,04388129;76,727;45111,6;45082,8;0,00017
30/05/2002;0;0;0,01763527;76,623;58064,4;47480,4;0,00017
31/05/2002;0;0;0,01078574;76,519;53848,8;49010,4;0,00017
01/06/2002;0;0;0,060436933;76,45;57801,6;50040;0,00017
02/06/2002;0;0;0,026614353;76,381;35964;45666;0,00017
03/06/2002;0;0;0,087489187;76,346;50421,6;48765,6;0,00017
04/06/2002;0;0;0,004954086;76,243;29260,8;53171,2;0,00931
05/06/2002;0,5;0;0,020744422;76,139;52318,8;44341,2;0,00017
06/06/2002;0;0;0,022108636;76,036;50324,4;42948;0,00016
07/06/2002;0;0;0,038257251;75,933;61956;47484;0,00017
08/06/2002;0;0;0,037613172;75,83;60904,8;49294,8;0,00017
09/06/2002;0;0;0,036693892;75,761;40708,8;46954,8;0,00017
10/06/2002;0;0;0,01747757;75,623;62834,4;65372,4;0,00017
11/06/2002;0;0;-0,040203747;75,418;54619,2;85010,4;0,00017
12/06/2002;0;0;-0,082731406;75,178;54554,4;84776,4;0,00017
13/06/2002;0;0;0,058238303;75,076;50245,2;88999,2;0,00017
14/06/2002;0;0;0,044676308;74,939;66355,2;94683,6;0,00018
15/06/2002;0;0;0,076288342;74,837;66888;95220;0,00017
16/06/2002;0;0;0,051660664;74,735;42904,8;89485,2;0,00017
17/06/2002;0;0;0,00736259;74,565;67824;89319,6;0,00017
18/06/2002;0;0;-0,032191841;74,361;58734;90856,8;0,00017
19/06/2002;0;0;0,033344054;74,226;62931,6;89668,8;0,00016
20/06/2002;0;0;0,030051672;74,09;55479,6;86716,8;0,00017
21/06/2002;0;0;0,017354601;73,921;70880,4;93344,4;0,00017
22/06/2002;0;0;0,016913523;73,752;66942;95526;0,00017
23/06/2002;0;0;0,026485347;73,617;45126;89593,2;0,00015
24/06/2002;0;0;0,059092567;73,483;74804,4;92217,6;0,00016
25/06/2002;0,2;0;-0,010689672;73,314;56134,8;90918;0,00017
26/06/2002;0;0;0,008627433;73,147;64490,4;92811,6;0,00021
27/06/2002;0;0;0,006841466;73,012;58284;63954;0,00017
28/06/2002;0;0;-0,008717204;72,845;71834,4;58845,6;0,00017
29/06/2002;0;0;0,016605335;72,711;70066,8;63327,6;0,00017
30/06/2002;0;0;-0,06877068;72,611;6904,8;6411,6;0,00022
01/07/2002;0;0;0,044160641;72,511;67564,8;57081,6;0,00017
02/07/2002;0;0;0,027933206;72,378;63734,4;65707,2;0,00884
03/07/2002;0;0;-0,006337931;72,211;75697,2;58186,8;0,00017
04/07/2002;0;0;-0,02044411;72,045;60634,8;57207,6;0,00015
05/07/2002;0;0;0,05492293;71,945;77720,2;58784,6;0,00017
06/07/2002;0;0;0,015984391;71,813;69919,2;60663,6;0,00017
07/07/2002;0;0;0,010030174;71,713;40073,2;57868,4;0,00017
08/07/2002;0;0;0,011649078;71,581;64069,2;59580;0,00016
09/07/2002;0;0;-0,041431933;71,383;69375,6;59958;0,00017
10/07/2002;0;0;0,030670319;71,251;77536,8;58611,6;0,00015
11/07/2002;0;0;0,017881265;71,119;73555,2;57409,2;0,00015
12/07/2002;0;0;-0,006655468;70,954;73645,2;60202,8;0,00017
13/07/2002;0;0;0,02473547;70,823;73364,4;60202,8;0,00017
14/07/2002;0;0;0,031635141;70,725;54975,6;57114;0,00016
15/07/2002;0;0;-0,006165015;70,561;75495;60563,4;0,00016
16/07/2002;0;0;-0,016145662;70,397;66348;59436;0,00016
17/07/2002;0;0;0,016072197;70,234;82303,2;74732,4;0,00016
18/07/2002;0;0;-0,007845876;70,07;71031,6;61815,6;0,00016
19/07/2002;0;0;0,074012517;69,973;80348,4;64447,2;0,00016
20/07/2002;0;0;0,002112144;69,81;82177,2;63597,6;0,00015
21/07/2002;0;0;0,001130922;69,68;53222,4;56980,8;0,00014
22/07/2002;0;0;0,023355733;69,518;87325,2;63504;0,00015
23/07/2002;0;0;-0,008296299;69,323;85114,8;64526,4;0,00016
24/07/2002;0;0;0,048656909;69,194;85543,2;66139,2;0,00011
25/07/2002;0;0;0,008270914;69,032;80344,8;66564;0,00012
26/07/2002;0;0;-0,020018956;68,839;83908,8;65743,2;0,00013
27/07/2002;0;0;0,009550988;68,678;83959,2;66204;0,00012
28/07/2002;0;0;0,047143841;68,581;64123,2;63810;0,00014
29/07/2002;0;0;0,045985883;68,453;90237,6;64688,4;0,00012
30/07/2002;0;0;0,003101978;68,292;81655,21;65008,79;0,00013
31/07/2002;0;0;-0,036086277;68,1;79369,2;62028;0,00012
01/08/2002;0;0;0,001691362;67,94;78433,2;64900,8;0,00015
02/08/2002;0;0;0,008827159;67,781;80301,6;69206,4;0,00014
03/08/2002;0;0;0,000330803;67,621;72846;67611,6;0,00013
04/08/2002;0;0;0,045158963;67,526;54187,2;65818,8;0,00011
05/08/2002;7,8;0;0,007125896;67,367;82461,6;66063,6;0,00013
06/08/2002;0;0;-0,122334572;67,05;84330;78015,6;0,00952
07/08/2002;0;0;0,167338693;67,05;83163,6;69775,2;0,00015
08/08/2002;0;0;0,033391243;66,923;76712,4;69919,2;0,00016
09/08/2002;0;0;0,05368003;66,796;85248;68432,4;0,00015
10/08/2002;0;0;-0,009936453;66,607;85248;68432,4;0,00016
11/08/2002;0;0;-0,039027924;66,418;66477,6;64472,4;0,00014
12/08/2002;0;0;0,051697639;66,292;88038;68785,2;0,00013
13/08/2002;0;0;0,047571509;66,167;83127,6;70498,8;0,00011
14/08/2002;0;0;-0,037478819;65,947;93416,4;71150,4;0,0001
15/08/2002;0;0;0,016983992;65,79;86950,8;67845,6;0,00011
16/08/2002;0;0;0,018558289;65,634;87300;69037,2;0,00011
17/08/2002;0;0;-0,023200628;65,447;80366,4;68684,2;0,0001
18/08/2002;0;0;0,027236542;65,322;68846,4;67093,2;0,00011
19/08/2002;0;0;0,002896541;65,198;62571,6;44989,2;0,00006
20/08/2002;0;0;0,005957946;65,043;73836;70239,6;0,00012
21/08/2002;0;0;-0,05213708;64,826;81756;69058,8;0,00011
22/08/2002;0;0;0,008182029;64,671;78224,4;70282,8;0,00014
23/08/2002;0;0;0,049473913;64,547;83959,2;70822,8;0,00016
24/08/2002;0;0;0,043890745;64,424;82792,8;66981,6;0,00015
25/08/2002;0;0;-0,0077582;64,269;61491,6;67100,4;0,00017
26/08/2002;0;0;-0,044134533;64,054;84751,2;67197,6;0,00017
27/08/2002;0;0;0,01130063;63,9;80175,6;68385,6;0,00017
28/08/2002;0;0;0,038512387;63,778;78415,2;69066;0,00016
29/08/2002;0;0;0,010010991;63,625;75294;68882,4;0,00017
30/08/2002;0;0;0,01373105;63,472;81118,8;69566,4;0,00016
31/08/2002;0;0;0,013691584;63,319;82245,6;67500;0,00017
01/09/2002;0;0;0,04611378;63,228;62226;64976,4;0,00016
02/09/2002;0;0;-0,024254525;63,045;83149,2;63270;0,00016
03/09/2002;0;0;0,019833563;62,893;75214,8;70376,4;0,00954
04/09/2002;0;0;0,041934808;62,772;71856;64825,2;0,00017
05/09/2002;0;0;0,021415746;62,62;83970;63838,8;0,00017
06/09/2002;0;0;-0,073089984;62,378;85118,4;65196;0,00017
07/09/2002;0;0;0,041882816;62,257;79531,2;64789,2;0,00016
08/09/2002;0;0;0,05491819;62,167;61365,6;63792;0,00017
09/09/2002;0;0;-0,010051556;61,986;87058,8;63273,6;0,00016
10/09/2002;0;0;0,008737571;61,836;78919,2;62528,4;0,00017
11/09/2002;0;0;0,030936056;61,716;78933,6;64033,2;0,00017
12/09/2002;0;0;0,027918864;61,596;71380,8;62287,2;0,00017
13/09/2002;0;0;0,00792687;61,446;80269,2;62830,8;0,00017
14/09/2002;0;0;-0,007362063;61,297;70531,2;61380;0,00017
15/09/2002;0;0;0,01436296;61,177;61671,6;59994;0,00017
16/09/2002;6,2;0;-0,005034907;61,058;57879,2;55618;0,00017
17/09/2002;0;0;0,012533112;60,969;39146,4;53586;0,00017
18/09/2002;0;0;0,059043871;60,909;53701,2;56250;0,00017
19/09/2002;0;0;0,011335567;60,79;57236,4;58968;0,00017
20/09/2002;0;0;-0,039178726;60,612;66589,2;60202,8;0,00017
21/09/2002;0;0;0,015176697;60,494;65361,6;57873,6;0,00017
22/09/2002;0;0;0,031382237;60,405;50464,8;57322,8;0,00017
23/09/2002;0;0;0,021336692;60,286;67564,8;59011,2;0,00017
24/09/2002;0;0;0,010756503;60,168;55332;60271,2;0,00017
25/09/2002;0;0;0,007717916;60,05;59313,6;56509,2;0,00017
26/09/2002;0;0;0,021352373;59,933;64616,4;63853,2;0,00017
27/09/2002;0;0;0,053251888;59,844;74052;63619,2;0,00017
28/09/2002;0;0;0,082329051;59,785;66409,2;63583,2;0,00017
29/09/2002;0;0;0,060831761;59,727;49708,8;56912,4;0,00017
30/09/2002;1;0;-0,131937384;59,463;64656;58168,8;0,00016
01/10/2002;3,5;0;0,005533442;59,346;46029,6;66564;0,00877
02/10/2002;1,4;0;-0,012847542;59,229;34884;58291,2;0,00017
03/10/2002;0;0;-0,054487553;59,054;53312,4;58867,2;0,00017
04/10/2002;0,5;0;-0,049865261;58,879;57704,4;57949,2;0,00017
05/10/2002;0;0;0,100329368;58,85;58402,8;61448,4;0,00017
06/10/2002;0;0;0,058128573;58,792;46328,4;62362,8;0,00017
07/10/2002;0;0;-0,041198539;58,617;64562,4;61815,6;0,00017
08/10/2002;1,9;0;-0,00473451;58,501;45363,6;61095,6;0,00017
09/10/2002;0;0;-0,004613445;58,385;44593,2;58809,6;0,00017
10/10/2002;0;0;0,009738218;58,27;48970,8;59122,8;0,00017
11/10/2002;0,1;0;0,038786376;58,154;71665,2;62456,4;0,00017
12/10/2002;0;0;0,004334038;58,01;64137,6;64717,2;0,00017
13/10/2002;0;0;0,013651776;57,895;53928;64767,6;0,00017
14/10/2002;0;0;0,025150308;57,751;72594;84891,6;0,00017
15/10/2002;0;0;-0,000490986;57,579;63108;97045,2;0,00017
16/10/2002;0,2;0;0,027809307;57,435;65790;98690,4;0,00017
17/10/2002;0;0;0,007298283;57,264;63536,4;99158,4;0,00017
18/10/2002;0;0;0,000132862;57,092;66178,8;99223,2;0,00017
19/10/2002;0;0;-0,002081085;56,921;63158,4;99896,4;0,00017
20/10/2002;6,2;0;0,056182309;56,836;42188,4;95979,6;0,00017
21/10/2002;2;0;0,009213313;56,722;23605,2;95461,2;0,00017
22/10/2002;0;0;0,015445083;56,609;23230,8;96249,6;0,00017
23/10/2002;0;0;0,031613917;56,495;36579,6;95547,6;0,00017
24/10/2002;0;0;0,016060525;56,354;54900;95767,2;0,00017
25/10/2002;0;0;-0,00531553;56,184;57618;97297,2;0,00017
26/10/2002;0;0;0,054477158;56,071;57434,4;97466,2;0,00017
27/10/2002;0;0;0,00733928;55,93;46926;92516,4;0,00017
28/10/2002;0;0;0,028662539;55,79;63810;96250,8;0,00017
29/10/2002;0;0;-0,066345164;55,621;62769,6;32702,4;0,00017
30/10/2002;0;0;0,022330766;55,481;60746,4;94132,8;0,00017
31/10/2002;0;0;0,030240669;55,369;55036,8;72489,6;0,00017
01/11/2002;0;0;-0,009528521;55,229;62924,4;55648,8;0,00017
02/11/2002;0;0;0,043518934;55,145;61952,4;54237,6;0,00017
03/11/2002;0,1;0;0,004829269;55,034;46368;53967,6;0,00017
04/11/2002;0;0;0,021425787;54,923;63817,2;55360,8;0,00017
05/11/2002;0;0;0,009509791;54,783;58096,8;64623,6;0,0204
06/11/2002;0;0;0,048143644;54,7;65430;54720;0,00017
07/11/2002;0,2;0;-0,002132602;54,561;62362,8;53830,8;0,00017
08/11/2002;0;0;0,004989035;54,423;69562,8;57488,4;0,00017
09/11/2002;0;0;-0,100901795;54,174;69134,4;55900,8;0,00017
10/11/2002;0;0;0,055209832;54,092;62193,6;54180;0,00017
11/11/2002;0;0;0,058684839;54,009;71960,4;54414;0,00017
12/11/2002;0;0;-0,042343488;53,844;63403,2;53863,2;0,00017
13/11/2002;25,5;0;0,028087717;53,762;53697,6;54298,8;0,00017
14/11/2002;54,6;0;0,499452993;54,174;21909,6;54064,8;0,00017
15/11/2002;3,6;0;0,246086258;54,34;20408,4;55915,2;0,00017
16/11/2002;1,4;0;0,080300574;54,34;19562,4;56422,8;0,00017
17/11/2002;0,1;0;0,040220681;54,312;12729,6;53377,2;0,00018
18/11/2002;0;0;0,049362291;54,285;15602,4;53931,6;0,0002
19/11/2002;9,6;0;0,152808194;54,368;13708,8;54813,6;0,00018
20/11/2002;2,6;0;0,098397259;54,395;13665,6;54223,2;0,00019
21/11/2002;0,8;0;0,09935326;54,423;10760,4;54050,4;0,00018
22/11/2002;6,1;0;0,137394734;54,478;17953,2;53179,2;0,00019
23/11/2002;25,2;0;0,905995523;55,313;12081,6;53103,6;0,00022
24/11/2002;5,5;0;1,192942015;56,439;12463,2;52023,6;0,00019
25/11/2002;0;0;0,387731405;56,751;13521,6;52876,8;0,00024
26/11/2002;0;0;0,24383341;56,921;16426,8;51757,2;0,00024
27/11/2002;3,8;0;0,221562212;57,064;18284,4;52358,4;0,00022
28/11/2002;2,7;0;0,273150568;57,264;13395,6;50389,2;0,00022
29/11/2002;0;0;0,224122425;57,407;15192;53074,8;0,00026
30/11/2002;0;0;0,139129328;57,464;17319,6;54237,6;0,00026
01/12/2002;0;0;0,156704479;57,55;12938,4;51771,6;0,00026
02/12/2002;0;0;0,083077246;57,55;15706,8;50050,8;0,00241
03/12/2002;0,3;0;0,158179942;57,607;17838;61488;0,00923
04/12/2002;0;0;0,091966266;57,607;26362,8;51868,8;0,00025
05/12/2002;0;0;0,032851969;57,55;22215,6;52200;0,00024
06/12/2002;0;0;0,145817494;57,607;27705,6;53719,2;0,00022
07/12/2002;0;0;0,080948817;57,607;25124,4;51310,8;0,00021
08/12/2002;0;0;0,048717483;57,579;20782,8;50562;0,00021
09/12/2002;7;0;0,1241012;57,636;17265,6;49071,6;0,00019
10/12/2002;0,1;0;0,122640384;57,693;16624,8;48488,4;0,00024
11/12/2002;0,2;0;0,097650056;57,722;15706,8;50979,6;0,00024
12/12/2002;0;0;0,124903262;57,78;13273,2;50238;0,00023
13/12/2002;3,1;0;0,135527136;57,837;15861,6;49759,2;0,00025
14/12/2002;1,5;0;0,110051286;57,866;15494,4;57528;0,00026
15/12/2002;0;0;0,103216917;57,895;12232,8;56563,2;0,00024
16/12/2002;0;0;0,096246324;57,924;13950;51328,8;0,00024
17/12/2002;2,6;0;0,118202715;57,981;13230;46868,4;0,00024
18/12/2002;7,4;0;0,177105246;58,096;12823,2;47311,2;0,00024
19/12/2002;11,4;0;0,697432655;58,733;10764;47685,6;0,00024
20/12/2002;0;0;0,271978101;58,937;14076;48722,4;0,00023
21/12/2002;0;0;0,297682009;59,17;14536,8;48747,6;0,00023
22/12/2002;0;0;0,357586695;59,463;12877,2;48834;0,00024
23/12/2002;0;0;0,361255623;59,756;14634;48387,6;0,00024
24/12/2002;0;0;0,097194785;59,785;13669,2;48398,4;0,00025
25/12/2002;0;0;0,121479409;59,844;11167,2;44593,2;0,00025
26/12/2002;2,7;0;0,096489294;59,874;16239,6;45597,6;0,00024
27/12/2002;16;0;0,771024898;60,582;11181,6;44193,6;0,00024
28/12/2002;0;0;0,338855192;60,85;14896,8;45295,2;0,00026
29/12/2002;0;0;0,269062026;61,058;13507,2;44028;0,00025
30/12/2002;0;0;0,277506858;61,267;13712,4;43488;0,00026
31/12/2002;0;0;0,221633301;61,416;14108,4;45406,8;0,00026
01/01/2003;0;0;0,177473662;61,536;10357,2;41497,2;0,00023
02/01/2003;0;0;0,1910808;61,656;19767,6;44478;0,00024
03/01/2003;0;0;0,135578914;61,716;24199,2;43970,4;0,00021
04/01/2003;0;0;0,160826596;61,806;16999,2;44910;0,00021
05/01/2003;1,9;0;0,183398555;61,926;14605,2;43783,2;0,0002
06/01/2003;0;0;0,156154339;62,016;15058,8;43934,4;0,00024
07/01/2003;5,3;0;0,175114061;62,107;24829,2;45255,6;0,00921
08/01/2003;0,2;0;0,188054878;62,227;17017,2;44766;0,00024
09/01/2003;5,2;0;0,227509082;62,378;24501,6;44226;0,00023
10/01/2003;0,1;0;0,248998832;62,559;17946;43437,6;0,00026
11/01/2003;0;0;0,287934622;62,772;19530;44539,2;0,00025
12/01/2003;0;0;0,127986481;62,832;20239,2;44492,4;0,00022
13/01/2003;0,4;0;0,130934952;62,893;22352,4;43718,4;0,00022
14/01/2003;0;0;0,129690151;62,954;22370,4;44570,4;0,00023
15/01/2003;0;0;0,139496764;63,015;27745,2;44744,4;0,00023
16/01/2003;0;0;0,137205451;63,075;26740,8;44139,6;0,00024
17/01/2003;0;0;0,173527161;63,167;25290;44719,2;0,00025
18/01/2003;0,1;0;0,116653684;63,197;30283,2;46666,8;0,00026
19/01/2003;0;0;0,13978165;63,258;22309,2;46458;0,00026
20/01/2003;13,5;0;0,199772211;63,38;25740;45057,6;0,00026
21/01/2003;0,1;0;0,401647543;63,717;13161,6;42976,8;0,00024
22/01/2003;4;0;0,280446752;63,931;16714,8;43333,2;0,00026
23/01/2003;0;0;0,194041795;64,054;18018;43246,8;0,00025
24/01/2003;0;0;0,263394619;64,239;20145,6;46288,8;0,00026
25/01/2003;0;0;0,233612749;64,393;23536,8;47808;0,00025
26/01/2003;0;0;0,168808586;64,485;21387,6;44974,8;0,00026
27/01/2003;0;0;0,13871297;64,547;24260,4;45716,4;0,00025
28/01/2003;0;0;0,173924754;64,64;26434,8;48366;0,00025
29/01/2003;0;0;0,121594791;64,671;28987,2;44658;0,00025
30/01/2003;0;0;0,125631663;64,702;36151,2;46465,2;0,00026
31/01/2003;0,1;0;0,156398092;64,764;44751,6;34848;0,00025
01/02/2003;0;0;0,159265792;64,826;44751,6;45450;0,00025
02/02/2003;0;0;0,11016758;64,856;29473,2;42998,4;0,00026
03/02/2003;0;0;0,179253519;64,949;31539,6;43599,6;0,00026
04/02/2003;0;0;0,108746106;64,949;38790;44560,8;0,01206
05/02/2003;0;0;0,13012902;64,981;43117,2;48247,2;0,00025
06/02/2003;0;0;0,090914;64,981;35607,6;48852;0,00025
07/02/2003;10,3;0;0,227856438;65,136;25513,2;44607,6;0,00025
08/02/2003;0;0;0,09721161;65,167;19486,8;44920,8;0,00025
09/02/2003;0;0;0,074441654;65,167;21567,6;44222,4;0,00026
10/02/2003;0;0;0,103788682;65,198;22114,8;44506,8;0,00026
11/02/2003;0;0;0,082963929;65,229;23058;23058;0,00025
12/02/2003;7,2;0;0,079094729;65,229;30322,8;42894;0,00028
13/02/2003;0,1;0;0,103397862;65,26;20293,2;45622,8;0,00026
14/02/2003;0,1;0;0,101339862;65,291;20793,6;44618,4;0,00026
15/02/2003;0;0;0,104087319;65,322;15440,4;45558;0,00026
16/02/2003;0;0;0,067316634;65,322;14814;45705,6;0,00026
17/02/2003;0,6;0;0,078122482;65,322;21344,4;46245,6;0,00026
18/02/2003;3,1;0;0,152951158;65,416;14061,6;44006,4;0,00026
19/02/2003;14,1;0;0,595592764;65,947;14353,2;43088,4;0,00026
20/02/2003;0;0;0,346456227;66,229;16311,6;42868,8;0,00025
21/02/2003;0,3;0;0,255755018;66,418;18748,8;43340,4;0,00026
22/02/2003;0,1;0;0,257862855;66,607;17434,8;43916,4;0,00026
23/02/2003;0;0;0,166294053;66,702;17852,4;46554,4;0,00026
24/02/2003;4,7;0;0,198641688;66,828;21974,4;46299,6;0,00026
25/02/2003;15,8;0;1,396708098;68,164;13366,8;42609,6;0,00025
26/02/2003;10,8;0;1,285286266;69,388;13885,2;43902;0,00026
27/02/2003;0;0;0,946808216;70,266;17802;42580,8;0,00026
28/02/2003;0;0;0,591853721;70,79;16048,8;43995,6;0,00026
01/03/2003;0;0;0,500754026;71,218;19764;42843,6;0,00026
02/03/2003;0;0;0,338235666;71,482;15022,8;43095,6;0,00026
03/03/2003;0;0;0,384979521;71,78;22399,2;43470;0,00024
04/03/2003;0;0;0,280301514;71,979;16513,2;45003,6;0,01016
05/03/2003;0;0;0,317239427;72,211;30502,8;44226;0,0002
06/03/2003;0;0;0,258561891;72,378;33883,2;46476;0,00021
07/03/2003;0;0;0,25027002;72,544;31834,8;46170;0,00026
08/03/2003;0;0;0,221672265;72,678;32976;47775,6;0,00024
09/03/2003;0;0;0,213595142;72,812;29350,8;44308,8;0,00025
10/03/2003;0;0;0,186093367;72,912;35611,2;45860,4;0,00027
11/03/2003;0;0;0,152577835;72,979;31528,8;44755,2;0,00025
12/03/2003;0;0;0,155257535;73,046;34311,6;45997,2;0,00024
13/03/2003;0;0;0,19138369;73,147;35604;47494,8;0,00024
14/03/2003;0;0;0,160400417;73,214;37382,4;48718,8;0,00025
15/03/2003;0;0;0,183394328;73,314;35143,2;46321,2;0,00025
16/03/2003;0;0;0,117013504;73,348;32295,6;44744,4;0,00026
17/03/2003;3,6;0;0,169573983;73,449;21801,6;44157,6;0,00026
18/03/2003;8,5;0;0,149763441;73,55;22827,6;48463,2;0,00026
19/03/2003;8,4;0;0,264231158;73,752;20206,8;45954;0,00026
20/03/2003;0,1;0;0,274459366;73,955;17474,4;48838;0,00026
21/03/2003;0,1;0;0,170330058;74,056;20736;49482;0,00026
22/03/2003;0;0;0,152041068;74,124;23263,2;48884,4;0,00026
23/03/2003;0;0;0,124298858;74,158;18990;49186,8;0,00026
24/03/2003;0;0;0,146224478;74,226;32911,2;49359,6;0,00026
25/03/2003;0;0;0,120273708;74,259;31939,2;50497,2;0,00026
26/03/2003;2,8;0;0,154351905;74,327;33973,2;49654,8;0,00025
27/03/2003;17,5;0;0,620443851;74,871;24642;47289,6;0,00025
28/03/2003;7,8;0;0,457032438;75,247;27223,2;46407,6;0,00024
29/03/2003;7,2;0;1,232533722;76,415;10044;46468,8;0,00026
30/03/2003;0;0;0,502324923;76,831;14958;47934;0,00024
31/03/2003;0;0;0,455068432;77,213;16646,4;44373,6;0,00022
01/04/2003;0,8;0;0,288398777;77,422;16462,8;48679,2;0,01112
02/04/2003;0,3;0;0,295568476;77,631;20016;45043,2;0,00021
03/04/2003;0,7;0;0,271771323;77,806;25178,4;50011,2;0,00025
04/04/2003;0;0;0,264082322;77,981;31543,2;49564;0,00027
05/04/2003;0;0;0,272231356;78,156;31942,8;54154,8;0,00026
06/04/2003;0;0;0,155173308;78,226;18356,4;54633,6;0,00025
07/04/2003;0;0;0,173282315;78,332;27241;28328,4;0,00012
08/04/2003;0;0;0,20810899;78,437;33796,8;65847,6;0,0003
09/04/2003;0;0;0,15662914;78,508;28515,6;47394;0,00022
10/04/2003;0;0;0,157856558;78,578;26179,2;45997,2;0,00019
11/04/2003;1,3;0;0,194473522;78,684;33109,2;49496,4;0,00023
12/04/2003;0;0;0,199352525;78,789;31834,8;51051,6;0,00018
13/04/2003;4,7;0;0,153765223;78,86;27554,4;48315,6;0,00019
14/04/2003;4,5;0;0,251069845;79,037;16585,2;47044,8;0,00019
15/04/2003;1,1;0;0,14135172;79,107;20764,8;47214;0,00019
16/04/2003;0,1;0;0,192456981;79,213;25678,8;49240,8;0,00021
17/04/2003;0;0;0,113903489;79,249;24289,2;47404,8;0,00019
18/04/2003;1,8;0;0,139209323;79,32;19908;45601,2;0,00022
19/04/2003;10,9;0;0,21131948;79,462;14072,4;45774;0,00025
20/04/2003;2,8;0;0,072618422;79,462;12495,6;44964;0,00026
21/04/2003;0;0;0,115277146;79,497;22622,4;44265,6;0,00026
22/04/2003;53,5;0;0,987042676;80,423;16570,8;37108,8;0,00021
23/04/2003;0;0;1,258818299;81,61;19890;43750,8;0,00023
24/04/2003;0;0;0,515877903;82,044;21772,8;46137,6;0,00019
25/04/2003;0;0;0,412646556;82,371;24228;46342,8;0,00017
26/04/2003;0;0;0,326327566;82,626;20772;34405,2;0,00012
27/04/2003;0;0;0,240891737;82,772;22266;60368,4;0,00022
28/04/2003;0;0;0,199428559;82,881;29638,8;46746;0,00017
29/04/2003;0;0;0,20214926;82,991;31860;47329,2;0,00017
30/04/2003;0;0;0,216471727;83,1;38937,6;48247,2;0,00017
01/05/2003;0;0;0,128683299;83,137;31122;46854;0,00017
02/05/2003;0;0;0,136067723;83,174;34712,8;49179,6;0,00017
03/05/2003;0;0;0,199305287;83,283;34005,6;49536;0,00017
04/05/2003;0;0;0,193313452;83,393;22284;49860;0,00017
05/05/2003;0;0;0,105060268;83,393;38160;48031,2;0,00017
06/05/2003;0,2;0;0,230260456;83,43;34131,6;47952;0,09724
07/05/2003;0,7;0;0,085487947;83,43;32641,2;44974,8;0,00017
08/05/2003;1;0;0,153307943;83,503;25837,2;45493,2;0,00017
09/05/2003;0;0;0,135619034;83,54;37040,4;48560,4;0,00017
10/05/2003;0;0;0,111670698;83,54;42033,6;50011,2;0,00017
11/05/2003;0;0;0,097635911;83,54;33645,6;49870,8;0,00017
12/05/2003;0;0;0,120675266;83,54;54320,4;50032,8;0,00017
13/05/2003;0;0;0,070101743;83,503;42786;47631,6;0,00017
14/05/2003;0;0;0,084492363;83,467;50907,6;52905,6;0,00017
15/05/2003;0;0;0,068902741;83,43;44564,4;49798,8;0,00017
16/05/2003;0;0;0,06539679;83,393;39448,8;49212;0,00017
17/05/2003;0;0;0,073861363;83,357;45216;50180,4;0,00017
18/05/2003;0;0;0,064529984;83,32;33847,2;51390;0,00017
19/05/2003;0;0;0,055518318;83,247;54554;50357,2;0,00017
20/05/2003;0;0;0,046565442;83,174;47602,8;50565,6;0,00017
21/05/2003;0;0;0,039574017;83,1;47062,8;50979,2;0,00017
22/05/2003;0;0;0,04312585;83,027;50907,6;46771,2;0,00017
23/05/2003;0;0;0,065987115;82,954;58946,4;52106,4;0,00017
24/05/2003;0;0;0,074233496;82,881;58550,4;53463,6;0,00017
25/05/2003;0;0;0,074301653;82,845;42303,6;50673,6;0,00017
26/05/2003;0;0;0,038089252;82,735;58932;70754,4;0,00017
27/05/2003;0;0;0,074104036;82,662;53020,8;73504,8;0,00017
28/05/2003;0;0;0,012883798;82,516;57675,6;83930,4;0,00017
29/05/2003;0;0;0,063662962;82,407;53586;99986,4;0,00018
30/05/2003;0;0;0,032093727;82,262;58903,2;98769,6;0,00017
31/05/2003;0;0;0,065416257;82,153;62550;100083,6;0,00017
01/06/2003;0;0;0,051575015;82,044;40230;96970,8;0,00017
02/06/2003;0;0;0,074435348;81,935;63590;96130;0,00017
03/06/2003;0;0;0,074913327;81,827;58402,8;92088;0,01107
04/06/2003;0;0;0,025266513;81,718;64400,4;58125,6;0,00017
05/06/2003;0;0;0,016244198;81,61;54122,4;51166,8;0,00017
06/06/2003;0;0;0,027395319;81,501;61218;53352;0,00017
07/06/2003;0;0;0,032427475;81,393;69516;52351,2;0,00017
08/06/2003;0;0;0,014645149;81,285;44280;54417,6;0,00017
09/06/2003;0;0;0,06429948;81,213;63198;52768,8;0,00017
10/06/2003;0;0;0,031331976;81,105;62568;53931,6;0,00017
11/06/2003;0;0;0,046304165;80,997;76816,8;53956,8;0,00017
12/06/2003;0;0;0,057326395;80,925;57171,6;54385,2;0,00017
13/06/2003;0;0;0,034986006;80,818;69400,8;54831,6;0,00017
14/06/2003;0;0;0,035464837;80,71;71154;55648,8;0,00017
15/06/2003;0;0;-0,01211828;80,567;52146;53499,6;0,00017
16/06/2003;0;0;-0,011400961;80,388;81446,4;53823,6;0,00015
17/06/2003;0;0;0,032696703;80,28;67428;53481,6;0,00014
18/06/2003;0;0;0,07919659;80,209;68828,4;55494;0,00017
19/06/2003;0;0;0,039045124;80,102;65800,8;57603,6;0,00017
20/06/2003;0;0;0,049640969;79,995;76892,4;56415,6;0,00017
21/06/2003;0;0;-0,021116889;79,817;73159,2;58291,2;0,00017
22/06/2003;0;0;0,000311984;79,675;63036;56361,6;0,00017
23/06/2003;0;0;0,051626671;79,568;73861,2;59396,4;0,00016
24/06/2003;0;0;0,00918699;79,426;68421,6;58510,8;0,00014
25/06/2003;0;0;0,024040016;79,284;78948;55792,8;0,00013
26/06/2003;0;0;0,017086958;79,143;68176,8;56880;0,00013
27/06/2003;0;0;0,042746247;79,001;86590,8;64105,2;0,00013
28/06/2003;0;0;0,053191407;78,895;73663,2;58579,2;0,00012
29/06/2003;0;0;-0,030157979;78,719;58424,4;58032;0,00013
30/06/2003;0;0;-0,002737059;78,543;84945,6;57578,4;0,00012
01/07/2003;0;0;0,063275387;78,402;79722;79722;0,00968
02/07/2003;0;0;0,009969803;78,226;83822,4;64101,6;0,00014
03/07/2003;0;0;0,036588618;78,086;80100;59220;0,00011
04/07/2003;0;0;-0,004741114;77,911;84733,2;62654,4;0,00012
05/07/2003;0;0;-0,018949608;77,736;76644;61812;0,00012
06/07/2003;0;0;0,034304265;77,631;60372;59598;0,00013
07/07/2003;0;0;0,023396898;77,492;76453,2;64191,6;0,00013
08/07/2003;0;0;0,016587935;77,352;74898;60670,8;0,00012
09/07/2003;0;0;0,06305686;77,248;79700,4;60440,4;0,00012
10/07/2003;0;0;0,003045814;77,074;81738;67737,6;0,00012
11/07/2003;0;0;-0,003113668;76,9;83052;63619,2;0,00097
12/07/2003;0;0;0,027020173;76,761;74973,6;65977,2;0,00012
13/07/2003;0;0;0,009116511;76,623;61707,6;61250,4;0,00097
14/07/2003;0;0;0,029727537;76,485;80240,4;60937,2;0,00097
15/07/2003;0;0;0,036391936;76,346;82389,6;64936,8;0,0001
16/07/2003;0;0;0,033792202;76,208;84387,6;59688;0,00013
17/07/2003;0;0;0,023156163;76,07;82342,8;62870,4;0,0001
18/07/2003;0;0;0,041033667;75,933;81003,6;65170,8;0,0009
19/07/2003;0;0;0,037956;75,795;81950,4;63518,4;0,00094
20/07/2003;0;0;0,00327666;75,658;64998;61722;0,00086
21/07/2003;0;0;-0,05125787;75,418;86011,2;65232;0,00086
22/07/2003;0;0;-0,031424945;75,213;83412;61959,6;0,00086
23/07/2003;0;0;0,052350668;75,076;89956,8;66103,2;0,00086
24/07/2003;0;0;0,012921082;74,905;87922,8;65484;0,00086
25/07/2003;0;0;0,036498899;74,769;82789,2;66340,8;0,0009
26/07/2003;0;0;0,037463005;74,633;79732,8;63968,4;0,00086
27/07/2003;0;0;0,003404899;74,463;74386,8;62510,4;0,00086
28/07/2003;0;0;0,002874368;74,293;90630;65113,2;0,00086
29/07/2003;0;0;0,007494315;74,124;84981,6;67935,6;0,0009
30/07/2003;0;0;0,042200913;73,989;92563,2;67615,2;0,00012
31/07/2003;0;0;0,03806862;73,853;84744;68608,8;0,00012
01/08/2003;0;0;-0,030304374;73,651;86673,6;67201,2;0,00097
02/08/2003;0;0;0,03560003;73,516;81990;67957,2;0,00012
03/08/2003;0;0;0,019843264;73,382;68162,4;64360,8;0,00014
04/08/2003;0;0;-0,024673235;73,18;86418;69973,2;0,00013
05/08/2003;0;0;0,069036191;73,046;89694;77389,2;0,00914
06/08/2003;0;0;0,011966611;72,879;86364;69037,2;0,00014
07/08/2003;0;0;-0,01321344;72,678;90943,2;71002,8;0,00012
08/08/2003;0;0;0,019273454;72,511;90792;72702;0,0001
09/08/2003;0;0;0,004388673;72,344;84805,2;70146;0,00012
10/08/2003;0;0;0,02006204;72,211;67496,4;70146;0,00012
11/08/2003;0;0;0,009863183;72,045;86799,6;71362,8;0,0001
12/08/2003;0;0;0,308166417;72,178;85381,2;69382,8;0,00012
13/08/2003;0;0;-0,275266581;71,713;93585,6;71859,6;0,00012
14/08/2003;0;0;-0,012790212;71,515;90133,2;72154,8;0,00012
15/08/2003;0;0;0,020920311;71,35;86911,2;69883,2;0,00009
16/08/2003;0;0;0,006163093;71,185;81878,4;68529,6;0
17/08/2003;0;0;-0,029730123;70,987;72270;69264;0,0001
18/08/2003;0;0;0,023242535;70,823;93182,4;71305,2;0,0001
19/08/2003;0;0;0,080843715;70,725;91022,4;68367,6;0,0001
20/08/2003;0;0;-0,013954755;70,528;95796;69458,4;0,00011
21/08/2003;0;0;-0,020422391;70,332;90018;70732,8;0,00012
22/08/2003;0;0;0,017397763;70,168;92235,6;69789,6;0,00012
23/08/2003;0;0;0,009637715;70,005;86630,4;71571,6;0,0001
24/08/2003;0;0;-0,000613085;69,842;71906,4;66297,6;0,00011
25/08/2003;0;0;0,06442525;69,712;94352,4;69746,4;0,00011
26/08/2003;0;0;-0,009381995;69,518;92955,6;67878;0,00011
27/08/2003;0;0;0,052778692;69,388;91926;66783,6;0,0001
28/08/2003;0;0;-0,017859648;69,194;84762;68313,6;0,00011
29/08/2003;0;0;0,027705385;69,032;94899,6;68205,6;0,00013
30/08/2003;0;0;0,012871154;68,871;85752;66736,8;0,00011
31/08/2003;0;0;0,001718546;68,71;76406,4;63363,6;0,0001
01/09/2003;0;0;0,020911881;68,549;90097,2;66963,6;0,00011
02/09/2003;0;0;0,017936888;68,388;88772,4;62589,6;0,00993
03/09/2003;0;0;0,001756233;68,228;88255,2;63100,8;0,00015
04/09/2003;2,4;0;0,052664478;68,132;75546;60177,6;0,00014
05/09/2003;0;0;-0,013119827;67,972;68716,8;61398;0,00015
06/09/2003;0;0;0,029519184;67,844;78717,6;62056,8;0,00015
07/09/2003;0;0;0,02189126;67,717;65912,4;59551,2;0,00016
08/09/2003;0;0;-0,004228697;67,526;86907,6;62809,2;0,00015
09/09/2003;0;0;0,041428797;67,398;82648,8;59929,2;0,00016
10/09/2003;0;0;0,010274219;67,24;87742,8;62942,4;0,00014
11/09/2003;0;0;-0,026312014;67,05;83685,6;60199,2;0,00017
12/09/2003;0;0;0,03740408;66,923;85986;61812;0,00016
13/09/2003;0;0;0,030881188;66,796;83959,2;59241,6;0,00015
14/09/2003;0;0;0,021776712;66,67;69656,4;61239,6;0,00016
15/09/2003;0;0;-0,069521633;66,45;82573,2;54208,8;0,00016
16/09/2003;0;0;0,027207541;66,324;79203,6;59371,2;0,00017
17/09/2003;0;0;0,065412109;66,229;84391,2;60145,2;0,00017
18/09/2003;0;0;-0,000782197;66,072;81982,8;61833,6;0,00017
19/09/2003;0;0;0,031346764;65,947;83584,8;58496,4;0,00017
20/09/2003;0;0;0,022986541;65,822;78778,8;56836,8;0,00017
21/09/2003;0;0;-0,022742327;65,665;65880;56962,8;0,00017
22/09/2003;0;0;-0,004812979;65,509;78076,8;57034,8;0,00017
23/09/2003;0;0;0,028124301;65,385;79203,6;58734;0,00017
24/09/2003;0;0;0,019859725;65,26;75279,6;56966,4;0,00017
25/09/2003;0;0;0,018006535;65,136;70002;56610;0,00017
26/09/2003;0;0;-0,0079442;64,981;71722,8;59652;0,00017
27/09/2003;0;0;0,033635519;64,856;70196,4;58525,2;0,00017
28/09/2003;0;0;-0,023882298;64,702;57848,4;56941,2;0,00017
29/09/2003;0;0;0,048013452;64,609;70293,6;54478,8;0,00017
30/09/2003;6,6;0;0,034750115;64,516;64166,4;56620,8;0,00017
01/10/2003;2,1;0;0,027684094;64,454;37080;45954;0,00017
02/10/2003;1,1;0;0,029514227;64,393;37144,8;50115,6;0,00017
03/10/2003;0;0;-0,018642507;64,269;44229,6;51102;0,00017
04/10/2003;0,6;0;-0,001389462;64,177;37828,8;51073,2;0,00017
05/10/2003;0;0;0,00191783;64,085;36802,8;49874,4;0,00017
06/10/2003;24;0;0,137220476;64,116;46080;50130;0,00017
07/10/2003;5,2;0;-0,007820179;64,023;20217,6;47548,8;0,01004
08/10/2003;0;0;0,053544276;63,993;26658,8;45658,8;0,00017
09/10/2003;0;0;0,025368678;63,931;31885,2;44877,6;0,00017
10/10/2003;0;0;0,023522354;63,87;29923,2;45226,8;0,00017
11/10/2003;0;0;0,04542809;63,839;27612;45579,6;0,00017
12/10/2003;1,2;0;0,023425185;63,778;24202,8;45036;0,00017
13/10/2003;1,2;0;0,029972639;63,717;42138;44683,2;0,00017
14/10/2003;0,2;0;0,078221439;63,717;29880;44190;0,00017
15/10/2003;0;0;0,054991015;63,686;33508,8;44658;0,00017
16/10/2003;2,2;0;0,022008222;63,625;32594,4;42594,4;0,00017
17/10/2003;0;0;-0,003080668;63,533;42483,6;41680,4;0,00017
18/10/2003;0,1;0;0,071282651;63,502;51372;44323,2;0,00017
19/10/2003;15,6;0;0,035721377;63,472;21765;41342,4;0,00017
20/10/2003;0;0;0,043874226;63,441;25412,4;42267,6;0,00017
21/10/2003;0,8;0;0,070301613;63,441;24375,6;42091,2;0,00017
22/10/2003;0;0;0,013129449;63,38;24796,8;41227,2;0,00017
23/10/2003;0;0;0,003566073;63,289;31899,6;46335,6;0,00017
24/10/2003;7,5;0;0,114628283;63,319;30643,2;45579,6;0,00017
25/10/2003;17,4;0;0,220959086;63,472;19357,2;46904,4;0,00017
26/10/2003;9;0;0,122017065;63,533;11023,2;46155,6;0,00017
27/10/2003;29,6;0;0,770258114;64,239;12232,8;43542;0,00017
28/10/2003;16,7;0;1,494690412;65,665;14187,6;45586,8;0,00017
29/10/2003;5,5;0;0,657704967;66,229;34977,6;43794;0,00017
30/10/2003;0;0;0,293075997;66,45;27057,6;43549,2;0,00021
31/10/2003;5,5;0;0,759349925;67,081;12996;43106,4;0,00019
01/11/2003;0;0;0,416506214;67,367;16963,2;44560,8;0,00018
02/11/2003;0;0;0,288413833;67,526;12301,2;42872,4;0,00018
03/11/2003;0;0;0,234194881;67,653;11988;45266,4;0,00017
04/11/2003;0;0;0,199193966;67,717;16527,6;46382,4;0,00996
05/11/2003;0;0;0,191993322;67,781;16477,2;45550,8;0,00017
06/11/2003;0;0;0,19034087;67,844;14781,6;46195,2;0,00017
07/11/2003;0;0;0,151895129;67,876;17180,4;48286,8;0,00019
08/11/2003;0;0;0,165607772;67,908;20296,8;48794,4;0,00017
09/11/2003;0,8;0;0,161996611;67,94;18028,8;47926,8;0,00017
10/11/2003;0,3;0;0,153666022;67,972;14691,6;46026;0,00018
11/11/2003;0;0;0,167493913;68,004;16581,6;42861,6;0,00017
12/11/2003;0;0;0,123519284;68,004;19000,8;43495,2;0,00018
13/11/2003;0;0;0,114249284;68,004;19598,4;47289,6;0,00018
14/11/2003;0;0;0,081258408;68,004;25524;47894,4;0,00017
15/11/2003;26,3;0;0,46467421;68,388;21848,4;44150,4;0,00018
16/11/2003;0,1;0;0,275924869;68,581;16851,6;45025,2;0,00019
17/11/2003;0;0;0,177442081;68,678;18626,4;41738,4;0,00018
18/11/2003;0,3;0;0,13726501;68,742;16279,2;45588,8;0,00019
19/11/2003;0;0;0,168924489;68,839;20361,6;43718,4;0,00018
20/11/2003;0;0;0,137247331;68,903;21319,2;42732;0,0002
21/11/2003;0;0;0,133256875;68,968;17856;45550,8;0,00022
22/11/2003;41,8;0;2,496224034;71,383;17769,6;44640;0,00019
23/11/2003;9,4;0;3,728179181;75,042;11556;43794;0,00024
24/11/2003;0;0;1,096190922;76,07;11008,8;45302,4;0,00026
25/11/2003;0;0;0,593308183;76,588;13446;46742,4;0,00026
26/11/2003;1;0;0,460511452;76,97;12553,2;45630;0,00026
27/11/2003;0;0;0,430090253;77,317;14544;44618,4;0,00026
28/11/2003;0;0;0,321654089;77,561;16830;46083,6;0,00026
29/11/2003;0;0;0,321559909;77,806;21859,2;48603,6;0,00025
30/11/2003;2,7;0;0,420158455;78,156;13147,2;44845,2;0,00024
01/12/2003;0;0;0,271993725;78,367;13057,2;41371,2;0,00024
02/12/2003;0;0;0,235727496;78,508;15177,6;45663,2;0,02685
03/12/2003;11,7;0;0,389023972;78,825;19242;42663,6;0,00024
04/12/2003;17,7;0;1,770817672;80,531;12718,8;46141,2;0,00023
05/12/2003;22,8;0;5,636655118;86,1;18662,4;43495,2;0,00025
06/12/2003;10,8;0;4,538674363;90,564;27658,8;43261,2;0,00026
07/12/2003;0,1;0;2,625305795;93,113;30333,6;42940,8;0,00026
08/12/2003;18,3;0;2,155572227;95,188;31147,2;42328,8;0,00026
09/12/2003;19,8;0;4,953032071;100,061;28058,4;43380;0,00026
10/12/2003;0;0;2,857106191;102,838;29876,4;44870,4;0,00026
11/12/2003;0;0;1,544185503;104,291;31086;43527,6;0,00026
12/12/2003;0;0;1,076994953;105,282;31024,8;44769,6;0,00026
13/12/2003;0;0;0,89252466;106,105;17233,2;44208;0,00026
14/12/2003;0;0;0,809803586;106,846;13093,2;42782,4;0,00026
15/12/2003;0;0;0,677867409;107,459;15822;41767,2;0,00026
16/12/2003;0;0;0,679561352;108,074;18061,2;41835,6;0,00026
17/12/2003;27,4;0;0,640460424;108,648;19749,6;41587,2;0,00026
18/12/2003;8;0;1,933539038;110,517;11750,4;43128;0,00026
19/12/2003;0;0;0,827104362;111,28;13676,4;43419,6;0,00026
20/12/2003;0;0;0,647088061;111,866;15094,8;43023,6;0,00026
21/12/2003;0;0;0,661574438;112,454;12304,8;43329,6;0,00026
22/12/2003;0;0;0,44374388;112,818;13154,4;44064;0,00026
23/12/2003;0;0;0,382399;113,136;13928,4;42480;0,00025
24/12/2003;0;0;0,614991832;113,683;19458;43257,6;0,00025
25/12/2003;0;0;0,517313197;114,141;11980,8;40208,4;0,00025
26/12/2003;0;0;0,485439209;114,554;18633,6;42058,8;0,00026
27/12/2003;0;0;0,345313498;114,83;19274,4;41954,4;0,00026
28/12/2003;0;0;0,348011513;115,107;16113,6;41727,6;0,00026
29/12/2003;0;0;0,337322729;115,43;0;0;0
30/12/2003;0;0;0,272509531;115,615;42231,6;22352,4;0,00026
31/12/2003;0;0;0,321714555;115,846;30502,8;47444,4;0,00026
01/01/2004;0;0;0,305861695;116,078;17586;42098,4;0,00026
02/01/2004;0;0;0,289863906;116,264;30139,2;44204,4;0,00026
03/01/2004;0;0;0,319226347;116,496;32342,4;44391,2;0,00026
04/01/2004;0;0;0,313470619;116,729;23364;43358,4;0,00024
05/01/2004;0;0;0,216952439;116,869;32266,8;41648,4;0,00024
06/01/2004;0;0;0,306127902;117,102;21067,2;43426,8;0,00023
07/01/2004;0;0;0,298847476;117,289;29900;72806,4;0,00026
08/01/2004;0;0;0,230443118;117,382;28976,4;44589,6;0,04096
09/01/2004;0;0;0,19413188;117,476;34383,6;45309,6;0,00172
10/01/2004;0;0;0,234030773;117,616;39456;44942,4;0,00167
11/01/2004;0;0;0,266659835;117,804;24562,8;43527,6;0,00166
12/01/2004;0,1;0;0,225489725;117,945;30070,8;44780,4;0,00166
13/01/2004;0;0;0,184377094;118,039;29772;43448,4;0,00166
14/01/2004;0,7;0;0,197699567;118,133;33606;45360;0,00171
15/01/2004;0;0;0,181773037;118,227;35859,6;44211,6;0,00159
16/01/2004;0;0;0,186657245;118,321;31269,6;43743,6;0,00165
17/01/2004;0;0;0,200163962;118,415;39315,6;45399,6;0,00168
18/01/2004;0;0;0,146658443;118,462;31730,4;47365,2;0,00173
19/01/2004;0;0;0,144734407;118,509;34488;48369,6;0,00169
20/01/2004;0;0;0,150673285;118,556;32151,6;47239,2;0,00167
21/01/2004;0;0;0,159398885;118,603;36730,8;46666,8;0,00167
22/01/2004;0;0;0,145195321;118,65;36748,8;50389,2;0,00163
23/01/2004;0;0;0,120350832;118,65;43239,6;48132;0,00164
24/01/2004;0;0;0,108668416;118,65;44060,4;49298,4;0,00164
25/01/2004;0;0;0,186745667;118,745;28814,4;45727,2;0,00164
26/01/2004;0;0;0,10122422;118,745;34120,8;47962,8;0,00169
27/01/2004;0,2;0;0,137019037;118,792;35154;43236;0,00125
28/01/2004;0,1;0;0,22724058;118,933;27694,8;46321,2;0,00042
29/01/2004;0;0;0,13425104;118,981;31942,8;46058,8;0,00022
30/01/2004;0;0;0,08775048;118,981;33188,4;45378;0,00021
31/01/2004;0;0;0,177562164;119,075;33656,4;47332,8;0,00021
01/02/2004;0;0;0,123706418;119,122;24832,8;46443,6;0,00023
02/02/2004;0;0;0,130172449;119,17;28735,2;47070;0,00022
03/02/2004;0;0;0,159182231;119,217;35960,4;48106,8;0,02102
04/02/2004;0;0;0,176656427;119,312;29624,4;46566;0,00026
05/02/2004;0;0;0,037997816;119,264;32860,8;45316,8;0,00025
06/02/2004;0;0;0,09523437;119,264;38192,4;47329,2;0,00025
07/02/2004;0;0;0,148804252;119,312;45388,8;48549,6;0,00024
08/02/2004;0;0;0,136284491;119,359;36687,6;48549,6;0,00026
09/02/2004;0;0;0,071711124;119,359;20160;46083,6;0,00026
10/02/2004;0;0;0,11786209;119,406;22032;45748,8;0,00024
11/02/2004;0;0;0,074178884;119,406;25052,2;44161,2;0,00023
12/02/2004;0;0;0,124589517;119,454;19882,8;47930,4;0,00025
13/02/2004;0,1;0;0,078209664;119,454;24948;45896,4;0,00026
14/02/2004;0;0;0,079468043;119,454;26971,2;47520;0,00024
15/02/2004;0;0;0,170904769;119,548;17263;46584,9;0,00026
16/02/2004;0;0;0,099013482;119,548;25369,2;53982;0,00023
17/02/2004;0;0;0,09761093;119,548;26683,2;63104,4;0,00024
18/02/2004;0;0;0,063755674;119,501;39178,8;60922,8;0,00023
19/02/2004;0;0;0,117984523;119,501;36799,2;73818;0,00026
20/02/2004;6,1;0;0,117228523;119,501;28087,2;81774;0,00026
21/02/2004;4,6;0;0,33854101;119,738;18183,6;82148,4;0,00026
22/02/2004;25,3;0;0,961844034;120,595;16678,8;82191,6;0,00025
23/02/2004;1,1;0;0,581509072;121,072;14227,2;85726,8;0,00025
24/02/2004;27,2;0;2,370160125;123,336;13154,4;89352;0,00026
25/02/2004;6;0;3,283574559;126,517;10195,2;90144;0,00026
26/02/2004;1,9;0;1,447899661;127,856;11865,6;90802,8;0,00026
27/02/2004;0,3;0;1,018429298;128,754;12880,8;90284,4;0,00026
28/02/2004;0;0;0,678894039;129,305;21268,8;89308,8;0,00026
29/02/2004;0,3;0;1,168105302;129,807;13305,6;88963,2;0,00026
01/03/2004;0;0;0,580380856;130,261;17042,4;91447,2;0,00024
02/03/2004;0;0;0,474817524;130,109;22543,2;91036,8;0,50064
03/03/2004;0;0;0,382627221;130,362;28846,8;91036,8;0,00167
04/03/2004;0;0;0,331106961;130,564;23706;89546,4;0,00171
05/03/2004;0,1;0;0,291893577;130,715;25848;88542;0,00173
06/03/2004;0;0;0,337763095;130,918;24051;89748,6;0,00173
07/03/2004;0;0;0,334348728;131,12;24786;92678,4;0,00171
08/03/2004;0;0;0,238498284;131,222;29984,4;87872,4;0,00039
09/03/2004;0;0;0,177055334;131,272;30852;85780,8;0,00028
10/03/2004;0;0;0,241798673;131,374;31406,4;86821,2;0,00026
11/03/2004;0;0;0,191370856;131,425;34142,4;87199,2;0,00025
12/03/2004;0;0;0,187799969;131,475;36176,4;87696;0,00022
13/03/2004;0;0;0,239555647;131,577;34945,2;90169,2;0,00025
14/03/2004;0;0;0,212431693;131,679;23335,2;81774;0,00024
15/03/2004;0,7;0;0,23292165;131,78;28652,4;90306;0,00025
16/03/2004;0,4;0;0,268559404;131,933;23468,4;89305,2;0,00075
17/03/2004;0;0;0,174161969;131,984;26535,6;88740;0,00025
18/03/2004;0;0;0,165328523;132,035;21931,2;87045;0,00026
19/03/2004;0;0;0,169283952;132,086;28177,2;85262,4;0,00026
20/03/2004;0;0;0,18165111;132,137;32292;85870,8;0,00026
21/03/2004;0;0;0,236528556;132,239;28130,4;85766,4;0,00024
22/03/2004;0;0;0,091287104;132,188;38660,4;85039,2;0,00024
23/03/2004;0;0;0,126220599;132,188;33728,4;74934;0,00023
24/03/2004;0;0;0,174371211;132,239;40399,2;66938,4;0,00023
25/03/2004;4,1;0;0,17197023;132,29;37746;66146,4;0,00025
26/03/2004;33,9;0;1,681399048;133,877;20538;65372,4;0,00026
27/03/2004;27,2;0;5,511499634;139,303;16758;66366;0,00026
28/03/2004;72,5;0;12,81535694;152,062;14644,8;40329,6;0,00026
29/03/2004;0,5;0;4,727567488;153,808;17967,6;69296,4;2,88978
30/03/2004;0,7;0;2,693215766;154,035;14382;67266;2,38004
31/03/2004;0,3;0;1,724785785;154,035;14248,8;73011,6;1,62564
01/04/2004;5,9;0;1,633679805;153,695;12250,8;69490,8;1,8812
02/04/2004;0;0;1,236251896;153,3;14180,4;71118;1,52282
03/04/2004;0;0;1,11477437;152,962;15465,6;69282;1,34718
04/04/2004;0;0;0,932819837;152,455;8161,2;69598,8;1,34688
05/04/2004;0;0;0,814078246;152,343;16117,2;69883,2;0,8176
06/04/2004;0;0;0,730964466;152,399;16689,6;72241,2;0,56074
07/04/2004;0;0;0,9225612;152,343;24897,6;71042,4;0,8534
08/04/2004;4,5;0;0,501386104;152,399;21607,2;69645,6;0,34514
09/04/2004;32,1;0;2,784687526;153,074;10213,2;67255,2;2,0232
10/04/2004;0,1;0;1,073011039;153,244;12254,4;69782,4;0,808
11/04/2004;0;0;0,867205241;153,582;14068,8;69379,2;0,42994
12/04/2004;0;0;0,747135075;153,865;17467,2;68677,2;0,35254
13/04/2004;0;0;0,552082135;153,526;20206,8;68418;0,78382
14/04/2004;0;0;0,493844583;153,131;22233,6;66927,6;0,78446
15/04/2004;3,8;0;0,758556933;152,568;20152,8;68716,8;1,2265
16/04/2004;0;0;0,519414822;152,568;21870;68450,4;0,40772
17/04/2004;0;0;0,463993282;152,905;28116;69022,8;0
18/04/2004;0;0;0,395706146;153,187;28281,6;69069,6;0
19/04/2004;0;0;0,421069426;153,469;36824,4;67802,4;0
20/04/2004;0;0;0,464862548;153,808;32094;69454,8;0
21/04/2004;0;0;0,461409328;154,148;30448,8;67744,8;0
22/04/2004;0;0;0,360268124;154,375;28224;68770,8;0
23/04/2004;0;0;0,356807295;154,601;39880,8;68234,4;0
24/04/2004;0;0;0,3553373;154,829;34538,4;68382;0
25/04/2004;0;0;0,349961034;155,056;26301,6;67672,8;0
26/04/2004;0;0;0,357835476;155,283;34974;70261,2;0
27/04/2004;0;0;0,303585926;155,454;37915,2;67914;0
28/04/2004;4,2;0;0,374312258;155,739;23058;64544,4;0
29/04/2004;0;0;0,448849283;156,081;22183,2;65260,8;0
30/04/2004;0;0;0,328553501;156,31;30726;46548;0
01/05/2004;1,3;0;0,29825639;156,538;25603,2;43509,6;0
02/05/2004;23,1;0;0,98592172;157,455;13705,2;41443,2;0
03/05/2004;0,9;0;1,392430768;158,778;22089,6;40755,6;0,00024
04/05/2004;0;0;1,386584912;158,49;20808;39340,8;1,58332
05/05/2004;0;0;0,511941032;158,49;28818;41461,2;0,42668
06/05/2004;0;0;0,489491095;158,894;20962,8;41443,2;0
07/05/2004;0;0;0,339128356;159,125;27532,8;43048,8;0
08/05/2004;0;0;0,387750691;159,414;31482;44715,6;0
09/05/2004;0,2;0;0,430429384;159,761;20599,2;43142,4;0
10/05/2004;7;0;0,594177017;160,283;16398;41274;0
11/05/2004;0;0;0,485986898;160,689;21398,4;42318;0
12/05/2004;0;0;0,368806044;160,98;24375,6;41796;0
13/05/2004;0;0;0,430195519;161,329;24714;42282;0,00022
14/05/2004;0;0;0,397250757;161,621;31975,2;44503,2;0,0002
15/05/2004;0;0;0,331134064;161,854;30589,2;43426,8;0,00019
16/05/2004;0;0;0,391379091;162,146;24566,4;44222,4;0,00021
17/05/2004;0;0;0,33971319;162,38;34293,6;45691,2;0
18/05/2004;0;0;0,287082804;162,555;36514,8;45727,4;0
19/05/2004;0;0;0,224289295;162,672;38224,8;45064,8;0
20/05/2004;0;0;0,393273129;162,965;32565,6;43682,4;0
21/05/2004;0;0;0,263357152;163,141;31222,8;46166,4;0
22/05/2004;0;0;0,280111783;163,317;30711,6;45237,6;0
23/05/2004;0;0;0,272478673;163,493;26776,8;43282,8;0
24/05/2004;0;0;0,273258067;163,669;32248,8;48560,4;0
25/05/2004;0;0;0,220181766;163,787;28429,2;43779,6;0
26/05/2004;0,1;0;0,272759833;163,963;38160;43898;0
27/05/2004;0;0;0,268485642;164,14;32781,6;46346,8;0
28/05/2004;0;0;0,288493952;164,316;35802;47840,4;0
29/05/2004;0;0;0,240986857;164,434;41097,6;48902,4;0
30/05/2004;0;0;0,294998367;164,611;34020;48024;0
31/05/2004;0;0;0,185492873;164,67;41850;47502;0
01/06/2004;0;0;0,216781191;164,729;44863,2;44463,2;0,02482
02/06/2004;0;0;0,197221714;164,788;47725,2;45673,2;0
03/06/2004;0;0;0,190667427;164,847;43844,4;50659,2;0
04/06/2004;0;0;0,189521343;164,906;46915,2;49384,8;0
05/06/2004;0;0;0,132187766;164,906;48132;49244,4;0
06/06/2004;0;0;0,22728232;165,024;34380;46569,6;0
07/06/2004;0;0;0,11392622;165,024;41763,6;55635,2;0
08/06/2004;0;0;0,182756402;165,083;41731,2;47782,8;0
09/06/2004;0;0;0,185570661;165,142;46350;50104,8;0
10/06/2004;0;0;0,126527996;165,142;41202;52257,6;0
11/06/2004;0;0;0,140500546;165,142;48754,8;54543,8;0
12/06/2004;0;0;0,142358267;165,142;47289,6;56095,2;0
13/06/2004;0;0;0,134369867;165,142;38844;56552,4;0
14/06/2004;0;0;0,141641867;165,142;50277,6;52390,8;0
15/06/2004;0;0;0,130293168;165,142;44416,8;55170;0
16/06/2004;0;0;0,145753388;165,142;50547,6;54460,8;0
17/06/2004;0;0;0,151327473;165,142;47746,6;55749,8;0
18/06/2004;0;0;0,116505769;165,083;57765,6;56340;0
19/06/2004;0;0;0,10445332;165,024;52642,8;58867,2;0
20/06/2004;0;0;0,106872197;164,965;45504;58993,2;0
21/06/2004;0;0;0,098010936;164,906;54676,8;58082,4;0
22/06/2004;0;0;0,093632945;164,847;51721,2;58438,8;0
23/06/2004;0;0;0,107141338;164,788;58309,2;57700,8;0
24/06/2004;0;0;0,093539132;164,729;52135,2;57358,8;0
25/06/2004;0;0;0,101264062;164,67;56811,6;58647,6;0
26/06/2004;0;0;0,033280465;164,552;55396,8;58168,8;0
27/06/2004;0;0;0,125205665;164,552;35751,6;51739,2;0
28/06/2004;0;0;0,099366862;164,493;55998;60537,6;0
29/06/2004;0;0;0,033668436;164,375;51066;54666;0
30/06/2004;0;0;0,158511361;164,316;59191,2;54133,2;0,05826
01/07/2004;0;0;0,001518328;164,14;61477,2;58374;0
02/07/2004;0;0;0,095850947;164,081;58903,2;59472;0
03/07/2004;0;0;0,007492447;163,963;56678,4;58816,8;0
04/07/2004;0;0;0,061904579;163,905;41371,2;56779,2;0
05/07/2004;0,4;0;0,032653092;163,787;60631,2;57110,4;0
06/07/2004;0;0;0,025266176;163,669;58834,8;55058,4;0
07/07/2004;0;0;0,021312423;163,493;67932;56581,2;0
08/07/2004;0;0;0,028473025;163,317;64220,4;62218,8;0
09/07/2004;0;0;0,00168611;163,141;66445,2;65505,6;0
10/07/2004;0;0;0,108368701;163,083;61934,4;62226;0
11/07/2004;0;0;0,028058999;162,965;46558,8;60825,6;0
12/07/2004;0;0;0,043584102;162,848;63702;58809,6;0
13/07/2004;0;0;-0,019988345;162,672;58118,4;59259,6;0
14/07/2004;0;0;0,044132013;162,555;62521,2;62334;0
15/07/2004;0;0;0,157893703;162,555;59212,8;62989,2;0
16/07/2004;0;0;0,04132293;162,438;60764,4;61297,2;0
17/07/2004;0;0;0,05235294;162,321;68954,4;62398,8;0
18/07/2004;0;0;0,031712111;162,204;47433,6;59788,8;0
19/07/2004;0;0;0,047347189;162,088;65624,4;60339,6;0
20/07/2004;0;0;0,039924425;161,971;59536,8;58852,8;0
21/07/2004;0;0;0,037831056;161,854;62632,8;58348,8;0
22/07/2004;0;0;0,03286583;161,737;59457,6;58906,8;0
23/07/2004;0;0;0,037869922;161,621;61250,4;59965,4;0
24/07/2004;0;0;0,048546193;161,504;62488,8;60508,8;0
25/07/2004;0;0;0,032137626;161,387;50659,2;56530,8;0
26/07/2004;0;0;-0,068041249;161,155;66758,4;61110;0
27/07/2004;0;0;0,046776552;161,038;62798,4;61412,4;0
28/07/2004;0;0;0,048674184;160,922;66358,8;62838;0
29/07/2004;0;0;0,102022899;160,864;62802;58262,4;0
30/07/2004;0;0;-0,017989005;160,689;61646,4;62823,6;0
31/07/2004;0;0;0,04218855;160,573;61398;62521,2;0
01/08/2004;0,2;0;0,035712535;160,457;50382;60109,2;0
02/08/2004;0;0;0,056830091;160,341;68680,8;62946;0
03/08/2004;0;0;-0,007810755;160,109;62211,6;76575,6;0,028
04/08/2004;0;0;0,019652467;159,935;70347,6;64202,4;0
05/08/2004;0;0;-0,048335835;159,703;68076;68695,2;0
06/08/2004;0;0;0,001325478;159,529;64396,8;68695,2;0
07/08/2004;0;0;0,004510004;159,356;66672;68054,4;0
08/08/2004;0;0;0,097562058;159,298;49874,4;62913,6;0
09/08/2004;0;0;0,005137623;159,125;70070,4;64166,4;0
10/08/2004;0;0;0,057647089;159,009;61412,4;63734,4;0
11/08/2004;0;0;0,059724845;158,894;62301,6;65098,8;0
12/08/2004;0;0;-0,03622977;158,663;66603,6;67622,4;0
13/08/2004;0;0;0,071444119;158,548;66517,2;66902,4;0
14/08/2004;0;0;-0,018471779;158,375;61574,4;63003,6;0
15/08/2004;0;0;0,049280514;158,26;56959,2;61264,8;0
16/08/2004;0;0;0,009668785;158,087;70034,4;62006,4;0
17/08/2004;0;0;0,003696491;157,914;63614,4;64213,2;0
18/08/2004;0;0;0,06162726;157,799;71856;64544,4;0
19/08/2004;0;0;0,019433781;157,627;72504;64947,6;0
20/08/2004;0;0;0,01864917;157,455;68968,8;66013,2;0
21/08/2004;0;0;-0,006236375;157,283;70369,2;64425,6;0
22/08/2004;0;0;0,091135335;157,225;53272,8;64900,8;0
23/08/2004;0;0;-0,002437789;157,053;69339,6;69282;0
24/08/2004;0;0;-0,008323615;156,882;65275,2;64764;0
25/08/2004;0;0;0,11337379;156,824;71532;66067,2;0
26/08/2004;0;0;0,031282458;156,71;65800,8;62316;0
27/08/2004;0;0;-0,017209188;156,538;67521,6;64969,2;0
28/08/2004;0;0;0,038595965;156,424;64832,4;63759,2;0
29/08/2004;0;0;0,033511271;156,31;52124,4;65109,6;0
30/08/2004;0;0;0,101299011;156,252;63860,4;64026;0
31/08/2004;0;0;-0,015512126;156,081;61153,2;60490,8;0,00017
01/09/2004;0;0;-0,015634202;155,91;65066,4;57049,2;0,00017
02/09/2004;0;0;-0,069255387;155,682;63561,6;56275,2;0,00016
03/09/2004;4;0;-0,063260017;155,511;44013,6;54615,6;0
04/09/2004;0;0;0,061571593;155,454;46558,8;57211,2;0
05/09/2004;0;0;0,02998083;155,34;45054;56818,8;0
06/09/2004;0;0;0,042709939;155,226;58590;60411,6;0,00017
07/09/2004;0;0;0,063081456;155,113;55102,2;62978,4;0,02048
08/09/2004;0;0;0,035134582;154,999;60753,6;60537,6;0
09/09/2004;0;0;0,065766194;154,942;52884;57384;0
10/09/2004;0;0;-0,020949642;154,772;61362;63277,2;0
11/09/2004;0;0;0,037304501;154,658;58492,8;59900,4;0
12/09/2004;0;0;0,071610719;154,601;44010;56235,6;0
13/09/2004;0;0;0,046556174;154,488;61484,4;61214,4;0
14/09/2004;0;0;0,036684583;154,375;59011,2;55533,6;0
15/09/2004;0;0;-0,074149188;154,148;67086;55188;0
16/09/2004;0;0;0,024958389;154,035;49100,4;57729,6;0
17/09/2004;0;0;-0,025774419;153,865;55335,6;57783,6;0
18/09/2004;0;0;0,030656144;153,752;53438,4;60822;0
19/09/2004;0;0;0,022117264;153,639;48225,6;56944,8;0
20/09/2004;0;0;0,034684083;153,526;67291,2;53848,8;0
21/09/2004;0;0;-0,021265906;153,356;60562,8;56566,8;0
22/09/2004;0;0;0,042175256;153,244;66564;57150;0
23/09/2004;0;0;0,023840309;153,131;53377,2;54144;0
24/09/2004;0;0;0,042639245;153,018;60120;56070;0
25/09/2004;0;0;0,033508882;152,905;62424;54230,4;0
26/09/2004;0;0;0,00333916;152,793;44370;52952,4;0
27/09/2004;0;0;0,151221458;152,793;64375,2;57006;0
28/09/2004;0;0;-0,02993032;152,624;59630,4;54684;0
29/09/2004;0;0;0,09456567;152,568;66762;56804,4;0
30/09/2004;0;0;0,02888336;152,455;58813,2;56646;0
01/10/2004;0;0;-0,023794012;152,286;57974,4;58579,2;0
02/10/2004;0;0;-0,03169773;152,118;55828,8;56894,4;0
03/10/2004;0;0;0,015290492;152,006;49341,6;53820;0
04/10/2004;0;0;0,072062889;151,95;53571,6;50929,2;0
05/10/2004;0;0;0,065477206;151,893;25491,6;52729,2;0,0207
06/10/2004;0;0;-0,026362807;151,725;66218,4;53560,8;0
07/10/2004;0;0;0,030510333;151,613;62863,2;52758;0
08/10/2004;0,2;0;-0,021260312;151,445;66780;54039,6;0,00017
09/10/2004;0,1;0;0,011502735;151,333;57463,2;52441,2;0,00017
10/10/2004;0;0;0,008646641;151,221;51357,6;50104,8;0,00017
11/10/2004;0;0;-0,016826514;151,054;61552,8;52855,2;0
12/10/2004;0;0;0,016273677;150,942;51757,2;53056,8;0
13/10/2004;0;0;0,085895137;150,886;59799,6;52498,8;0
14/10/2004;0;0;-0,018073857;150,719;58968;53686,8;0
15/10/2004;0;0;-0,050014809;150,495;68796;56131,2;0
16/10/2004;0;0;0,036895836;150,384;65887,2;54705,6;0
17/10/2004;0;0;0,068121547;150,328;53031,6;52149,6;0
18/10/2004;3,8;0;0,062228123;150,272;58086;52902;0
19/10/2004;4,2;0;0,088500391;150,272;28713,6;53103,6;0
20/10/2004;0;0;0,050388703;150,217;38455,2;51343,2;0
21/10/2004;0;0;0,107680721;150,217;40737,6;54136,8;0
22/10/2004;0;0;0,060059183;150,161;54313,2;48772,8;0,00017
23/10/2004;0;0;0,078324872;150,105;54226,8;59893,2;0,00017
24/10/2004;0;0;0,125566653;150,105;37972,8;54032,4;0,00017
25/10/2004;0;0;0,115453072;150,105;41601,6;53816,6;0
26/10/2004;0;0;0,069909877;150,05;46882,8;54658,8;0
27/10/2004;13;0;-0,301770968;149,661;35269,2;51404,4;0
28/10/2004;0,2;0;0,090539602;149,661;24487,2;48834;0
29/10/2004;0,4;0;-0,015839835;149,55;26013,6;49716;0
30/10/2004;0,4;0;-0,060161385;149,383;32744,2;52459,2;0
31/10/2004;0;0;-0,020957522;149,272;22507,2;46465,2;0
01/11/2004;0;0;-0,046044394;149,106;38253,6;57877,2;0
02/11/2004;0;0;-0,034749742;148,94;39560,4;56041,2;0,0207
03/11/2004;0;0;0,000934979;148,829;45990;54324;0
04/11/2004;6,8;0;0,3223193;149,05;38746,8;50940;0
05/11/2004;0,7;0;0,019978312;148,995;21340,8;48099,6;0
06/11/2004;0;0;-0,030059966;148,884;20714,4;49708,8;0
07/11/2004;0;0;0,081704116;148,884;21585,6;50155,2;0
08/11/2004;0;0;-0,025548368;148,774;30128,4;48790,8;0
09/11/2004;0;0;-0,02067002;148,663;31021,2;44931,6;0
10/11/2004;0;0;-0,043919033;148,497;36950,4;56397,6;0
11/11/2004;0;0;0,059859991;148,442;43318,8;49996,8;0
12/11/2004;0;0;-0,007438476;148,331;36226,8;52426,8;0
13/11/2004;0;0;0,01407995;148,221;41126,4;52048,8;0
14/11/2004;0;0;0,113352822;148,221;39538,8;51739,2;0
15/11/2004;0;0;0,061850825;148,166;46713,6;51930;0
16/11/2004;0;0;0,056563877;148,111;42714;53956,8;0
17/11/2004;0;0;0,06279715;148,055;51793,2;54320,4;0
18/11/2004;0;0;0,108676233;148,055;44917,2;52178,4;0
19/11/2004;0;0;0,007685237;147,945;53377,2;52182;0
20/11/2004;0;0;0,061771904;147,89;50940;52606,8;0
21/11/2004;0;0;0,033218543;147,835;34614;50850;0
22/11/2004;0;0;0,05294916;147,78;44002,8;55684,8;0
23/11/2004;0;0;-0,069965238;147,615;35899,2;48128,4;0
24/11/2004;0;0;-0,002234661;147,505;44168,4;52045,2;0
25/11/2004;0;0;-0,064204828;147,34;38836,8;52614;0
26/11/2004;0;0;0,044219628;147,285;40024,8;49852,8;0
27/11/2004;0;0;-0,011158414;147,175;41414,4;53582,4;0
28/11/2004;0;0;0,032765341;147,12;26208;57164,4;0
29/11/2004;0,1;0;0,035671635;147,065;41294,2;44985,6;0
30/11/2004;13,6;0;0,128622116;147,12;19648,8;44089,2;0
01/12/2004;20,1;0;0,184640586;147,23;13798,8;43261,2;0
02/12/2004;21,9;0;0,246974115;147,395;12034,8;45198;0
03/12/2004;28,4;0;0,348551484;147,67;14965,2;45374,4;0
04/12/2004;0,8;0;0,332784751;147,945;11872,8;44258,4;0
05/12/2004;0;0;0,178672681;148,055;14479,2;45921,6;0
06/12/2004;0;0;0,071239481;148,055;15775,2;47192,4;0
07/12/2004;0;0;0,073500985;148,055;13071,6;45540;0
08/12/2004;0;0;0,021537751;148;12099,6;47347,2;0
09/12/2004;0;0;0,079980346;148;17326,8;48319,2;0
10/12/2004;0;0;0,077538457;148;20890,8;47275,2;0
11/12/2004;0;0;0,019307303;147,945;16693,2;47692,8;0
12/12/2004;0;0;0,072584969;147,945;17175,6;47692,8;0
13/12/2004;0;0;0,007857566;147,89;3751,2;47534,4;0
14/12/2004;0;0;0,055806552;147,89;2048,4;47145,6;0
15/12/2004;0;0;0,06049932;147,89;2401,2;47077,2;0
16/12/2004;0;0;0,025531764;147,835;17420,4;46033,2;0
17/12/2004;0;0;0,054830611;147,78;28670,4;47563,2;0
18/12/2004;0;0;0,056644521;147,725;31658,4;48600;0
19/12/2004;0;0;0,044069024;147,67;21297,6;46393,2;0
20/12/2004;0;0;0,05786664;147,615;39866,4;49885,2;0
21/12/2004;1,2;0;0,026645918;147,56;25682,4;47160;0
22/12/2004;0,4;0;0,068469219;147,56;15904,8;46512;0
23/12/2004;0;0;0,021756374;147,505;17506,8;48798;0
24/12/2004;0;0;-0,027861653;147,395;22449,6;48142,8;0
25/12/2004;0;0;0,026948564;147,34;11919,6;46393,2;0
26/12/2004;0;0;0,03709083;147,285;21182,4;45630;0
27/12/2004;0;0;0,052339552;147,23;35146,8;51865,2;0
28/12/2004;0;0;-0,006991862;147,12;30510;49435,2;0
29/12/2004;0;0;0,055196871;147,065;35326,8;50166;0
30/12/2004;0;0;0,041707233;147,01;36615,6;49114,8;0
31/12/2004;0;0;0,037410271;146,955;32540,4;49993,2;0
01/01/2005;0;0;0,025741041;146,9;24624;47340;0
02/01/2005;0;0;0,024092412;146,845;23288,4;47577,6;0
03/01/2005;0;0;0,031928827;146,791;34707,6;47383,2;0
04/01/2005;0;0;0,032642819;146,736;29296,8;49575,6;0
05/01/2005;0;0;0,044371498;146,681;36378;50389,2;0
06/01/2005;0;0;0,036440213;146,626;24631,2;52016,4;0
07/01/2005;0;0;-0,014197637;146,517;35679,6;49266;0
08/01/2005;0;0;0,040232675;146,462;34311,6;49424,4;0
09/01/2005;0;0;0,046783959;146,407;28836;51602,4;0
10/01/2005;0;0;0,091938508;146,407;35362,8;48913,2;0
11/01/2005;0;0;0,035208544;146,352;31935,6;49518;0
12/01/2005;0;0;0,035480363;146,298;34124,4;50979,6;0
13/01/2005;0;0;0,087020172;146,298;33004,8;44715,6;0
14/01/2005;0;0;-0,012612505;146,188;37911,6;50727,6;0
15/01/2005;0;0;0,027822532;146,133;30034,8;46774,8;0
16/01/2005;0;0;0,028421412;146,079;25624,8;50785,2;0
17/01/2005;0;0;0,026920338;146,024;27007,2;49449,6;0
18/01/2005;0;0;-0,000340903;145,915;29034;51775,2;0
19/01/2005;0;0;0,051183368;145,86;36295,2;50234,4;0
20/01/2005;0;0;0,051894587;145,806;30574,8;52396,2;0
21/01/2005;0;0;0,05416703;145,751;42264;50533,2;0
22/01/2005;0;0;0,05326759;145,697;41605,2;48751,2;0
23/01/2005;0;0;0,038675251;145,642;30427,2;51249,6;0
24/01/2005;0;0;0,009604167;145,533;37314;51854,4;0
25/01/2005;0;0;-0,001351665;145,424;39236,4;47163,6;0
26/01/2005;0;0;0,00383264;145,315;51829,2;45756;0
27/01/2005;0,1;0;0,008147597;145,206;53366,4;46364,4;0
28/01/2005;0;0;0,020859852;145,097;56610;47682;0
29/01/2005;0;0;0,011002731;144,988;52671,6;49388,4;0
30/01/2005;0;0;0,080035438;144,988;32245,2;46702,8;0
31/01/2005;0;0;-0,064883463;144,825;42530,4;46350;0
01/02/2005;0;0;0,020792745;144,717;38815,2;46656;0,0357192
02/02/2005;0;0;-0,011251011;144,608;40489,2;46947,6;0
03/02/2005;0;0;0,048469157;144,554;41635,6;49438,8;0
04/02/2005;1,5;0;0,034529349;144,5;35492,4;48697,2;0
05/02/2005;6;0;0,040305341;144,445;36187,2;50983,2;0
06/02/2005;21,6;0;0,133006035;144,5;19792,8;48448,8;0
07/02/2005;12;0;0,179027896;144,608;13741,2;48060;0
08/02/2005;1,7;0;0,065678774;144,608;12384;48952,8;0
09/02/2005;0;0;0,076152589;144,608;16542;49298,4;0
10/02/2005;0;0;0,074070749;144,608;16102,8;49284;0
11/02/2005;0;0;0,027040357;144,554;21229,2;48416,4;0
12/02/2005;0;0;0,090307632;144,554;23047,2;50439,6;0
13/02/2005;0;0;0,061217694;144,5;21571,2;48621,6;0
14/02/2005;0;0;-0,010133395;144,391;29570,4;47066,4;0
15/02/2005;0;0;0,006267799;144,283;30898,8;47602,8;0
16/02/2005;0;0;0,039675006;144,229;33134,4;48621,6;0
17/02/2005;0;0;0,098979525;144,229;33721,2;51714;0
18/02/2005;0;0;-0,001268626;144,12;42408;51786;0
19/02/2005;0;0;0,004913364;144,012;44694;49276,8;0
20/02/2005;0;0;0,049568973;143,958;33654,6;43401,6;0
21/02/2005;0;0;0,059498857;143,904;44478;45219,6;0
22/02/2005;0;0;0,047071165;143,85;36151,2;47073,6;0
23/02/2005;0;0;0,0533731;143,796;39866,4;50205,6;0
24/02/2005;0;0;0,044228965;143,741;40323,6;49176;0
25/02/2005;8,5;0;0,037719507;143,687;28382,4;49827,6;0
26/02/2005;3,6;0;0,039866693;143,633;27212,4;49906,8;0
27/02/2005;16,9;0;0,123376563;143,687;15890,4;47001,6;0
28/02/2005;17,6;0;0,398940739;144,012;13287,6;49287,6;0
01/03/2005;8,8;0;0,352016833;144,283;12474;45028,8;0,017553
02/03/2005;0,5;0;0,446059423;144,662;15282;45262,8;0
03/03/2005;6,7;0;0,289860027;144,88;13017,6;47973,6;0
04/03/2005;4,5;0;0,65529105;145,478;11289,6;40006,8;0
05/03/2005;0;0;0,463146444;145,86;14781,6;45619,2;0
06/03/2005;0;0;0,138470562;145,915;12880,8;46562,4;0
07/03/2005;0;0;0,08655418;145,915;18223,2;47034;0
08/03/2005;0;0;0,132267725;145,97;18028,8;47768,4;0
09/03/2005;0;0;0,139327429;146,024;22996,8;50857,2;0
10/03/2005;0,6;0;0,104703475;146,024;43502,4;50274;0
11/03/2005;0,2;0;0,08225323;146,024;27316,8;50565,6;0
12/03/2005;0;0;0,131254612;146,079;20667,6;49575,6;0
13/03/2005;0;0;0,086617128;146,079;17989,2;50047,2;0
14/03/2005;0;0;0,136492653;146,133;23590,8;50702,4;0
15/03/2005;0;0;0,075900302;146,133;21254,4;49179,6;0
16/03/2005;0;0;0,132938853;146,188;21855,6;48718,8;0,00135
17/03/2005;0;0;0,079200579;146,188;23364;51674,4;0,0003348
18/03/2005;0;0;0,097853486;146,188;30801,6;51195,6;0
19/03/2005;0;0;0,079894516;146,188;27374,4;47599,2;0
20/03/2005;0;0;0,133565313;146,243;21877,2;47937,6;0
21/03/2005;0;0;0,106800576;146,243;34732,8;50738,4;0
22/03/2005;0;0;0,09303857;146,243;29383,2;50529,6;0
23/03/2005;1;0;0,033052116;146,188;34146;48985,2;0
24/03/2005;0;0;0,091531886;146,188;23248,8;52426,8;0
25/03/2005;0;0;0,024811404;146,133;18025,2;50853,6;0
26/03/2005;1,5;0;0,094668396;146,133;26679,6;49950;0
27/03/2005;0;0;0,047133983;146,079;22456,8;50259,6;0
28/03/2005;0;0;0,066563149;146,024;42033,6;50572,8;0
29/03/2005;0;0;0,079462931;145,97;40813,2;52776;0
30/03/2005;0;0;0,064754962;145,915;43704;52023,6;0
31/03/2005;0;0;0,060508963;145,86;38228,4;50529,6;0
01/04/2005;0;0;0,054867991;145,806;41724;51861,6;0
02/04/2005;0,8;0;0,086056197;145,806;33447,6;47696,4;0
03/04/2005;0;0;0,01907882;145,751;18158,4;45007,2;0
04/04/2005;0;0;0,043891023;145,697;35661,6;46954,8;0
05/04/2005;0;0;0,017812279;145,587;37778,4;50140,8;0,0219
06/04/2005;0;0;0,061973659;145,533;46789,2;48470,4;0
07/04/2005;0;0;0,053849645;145,478;41256;51244,6;0
08/04/2005;0;0;0,028366634;145,369;48942;53564,4;0
09/04/2005;0;0;0,03368255;145,261;49028,4;53456,4;0
10/04/2005;0;0;0,009083308;145,152;34516,8;50918,4;0
11/04/2005;0;0;0,009480663;145,043;48877,2;52200;0
12/04/2005;0;0;0,025959145;144,934;48448,8;52264,8;0
13/04/2005;0;0;0,021575406;144,825;52873,2;51080,4;0
14/04/2005;0;0;0,126462717;144,825;45853,2;51271,2;0
15/04/2005;0;0;0,033024721;144,717;48326,4;50342,4;0
16/04/2005;0;0;0,037571876;144,608;54406,8;54172,8;0
17/04/2005;0;0;0,085979842;144,554;39319,2;53996,4;0
18/04/2005;0;0;0,022773129;144,445;51350,4;52221,6;0
19/04/2005;0;0;0,048500779;144,337;60652,8;49773,6;0
20/04/2005;0;0;-0,008382871;144,174;51840;52405,2;0
21/04/2005;0;0;0,037867517;144,066;49906,8;53193,6;0
22/04/2005;0;0;0,037502436;143,958;55501,2;53208;0
23/04/2005;0;0;0,033441537;143,85;57315,6;51678;0
24/04/2005;0;0;-0,022827434;143,687;38433,6;51483,6;0
25/04/2005;0;0;0,031441421;143,579;52837,2;53658;0
26/04/2005;0;0;0,079482246;143,525;49078,8;53085,6;0
27/04/2005;0;0;0,069137236;143,471;49600,8;49244,4;0
28/04/2005;0;0;0,075172516;143,417;45363,6;54666;0
29/04/2005;0;0;0,081301695;143,363;52099,2;56764,8;0
30/04/2005;0;0;0,038242888;143,309;32540,4;49993,2;0
01/05/2005;0;0;0,02659225;143,255;24624;47340;0
02/05/2005;0;0;0,025952892;143,202;23288,4;47577,6;0
03/05/2005;0;0;-0,022137271;143,094;34707,6;47383,2;0
04/05/2005;0;0;0,033491724;143,04;29296,8;49575,6;0
05/05/2005;0;0;-0,008848944;142,932;36378;50389,2;0
06/05/2005;0;0;-0,016822355;142,824;24631,2;52016,4;0
07/05/2005;0;0;-0,012372729;142,717;35679,6;49266;0
08/05/2005;0;0;-0,065977526;142,556;34311,6;49424,4;0
09/05/2005;0;0;-0,006611889;142,448;28836;51602,4;0
10/05/2005;0;0;-0,015207505;142,341;35362,8;48913,2;0
11/05/2005;0;0;-0,0179606;142,233;31935,6;49518;0
12/05/2005;0;0;-0,017605328;142,126;34124,4;50979,6;0
13/05/2005;0;0;-0,074169062;141,965;33004,8;44715,6;0
14/05/2005;0;0;-0,063792881;141,804;37911,6;50727,6;0
15/05/2005;0;0;-0,024303042;141,697;30034,8;46774,8;0
16/05/2005;0;0;-0,077707252;141,537;25624,8;50785,2;0
17/05/2005;0;0;-0,025198044;141,43;27007,2;49449,6;0
18/05/2005;0;0;0,108069494;141,43;29034;51775,2;0
19/05/2005;0;0;-0,001237929;141,323;36295,2;50234,4;0
20/05/2005;0;0;-0,001602889;141,216;30574,8;52396,2;0
21/05/2005;0;0;-0,051196739;141,056;42264;50533,2;0
22/05/2005;0;0;-0,053117035;140,896;41605,2;48751,2;0
23/05/2005;0;0;-0,066603913;140,736;30427,2;51249,6;0
24/05/2005;0;0;0,011918801;140,63;37314;51854,4;0
25/05/2005;0;0;0,000153234;140,523;39236,4;47163,6;0
26/05/2005;0;0;0,006477105;140,417;51829,2;45756;0
27/05/2005;0,1;0;0,009741172;140,31;53366,4;46364,4;0
28/05/2005;0;0;-0,029743818;140,151;56610;47682;0
29/05/2005;0;0;0,013578795;140,045;52671,6;49388,4;0
30/05/2005;0;0;-0,026990816;139,938;32245,2;46702,8;0
31/05/2005;0;0;0,028089144;139,832;51476,4;53445,6;0
01/06/2005;0;0;0,037248731;139,726;60843,6;56433,6;0
02/06/2005;0;0;0,037879329;139,62;52178,4;58856,4;0
03/06/2005;0;0;0,000496949;139,461;60868,8;58928,4;0
04/06/2005;0;0;0,053641425;139,356;61794;59814;0
05/06/2005;0;0;0,032271246;139,25;49834,8;56181,6;0
06/06/2005;0;0;0,037802385;139,144;57672;57063,6;0
07/06/2005;0;0;0,021448341;138,986;54486;64638;0,026
08/06/2005;0;0;0,049722441;138,88;62578,8;55782;0,002
09/06/2005;0;0;-0,005180592;138,722;58428;59058;0
10/06/2005;0;0;0,001368656;138,563;59767,2;58446;0
11/06/2005;0;0;-0,002058336;138,405;62989,2;59781,6;0
12/06/2005;0;0;0,041813865;138,3;51706,8;57744;0
13/06/2005;0;0;-0,032623699;138,09;65570,4;58712,4;0
14/06/2005;0;0;0,018483146;137,932;64202,4;57654;0
15/06/2005;0;0;0,006194435;137,775;65379,6;55303,2;0
16/06/2005;0;0;0,053376512;137,67;58474,8;57412,8;0
17/06/2005;0;0;0,064680828;137,565;71053,2;62452,8;0
18/06/2005;0;0;0,020774784;137,407;69631,2;66711,6;0
19/06/2005;0;0;0,046229491;137,303;54896,4;57636;0
20/06/2005;0;0;0,016074483;137,146;73972,8;59342,4;0
21/06/2005;0;0;0,017832458;136,989;68774,4;63194,4;0
22/06/2005;0;0;0,022431958;136,832;71434,8;63601,2;0
23/06/2005;0;0;0,01917457;136,675;69958,8;63943,2;0
24/06/2005;0;0;0,027598892;136,519;73069,2;64119,6;0
25/06/2005;0;0;-0,021005659;136,31;72180;65808;0
26/06/2005;0;0;0,009119176;136,154;59688;65354,4;0
27/06/2005;0,9;0;0,009420266;135,998;73648,8;66808,8;0
28/06/2005;0;0;0,014752077;135,842;59814;66769,2;0
29/06/2005;0;0;0,042703744;135,686;76878;63154,8;0
30/06/2005;0;0;0,039056893;135,53;66351,6;69044,4;0
01/07/2005;0;0;-0,009374304;135,323;85316,4;69296,4;0
02/07/2005;0;0;0,069518412;135,219;75204;67755,6;0
03/07/2005;0;0;0,060446807;135,116;60174;64965,6;0
04/07/2005;0;0;0,006017793;134,909;81889,2;65973,6;0
05/07/2005;0;0;0,047996631;134,754;73839,6;70063,2;0,0255096
06/07/2005;0;0;0,046882721;134,599;77976;91382,4;0
07/07/2005;0;0;-0,001982015;134,392;72468;96451,2;0
08/07/2005;0;0;-0,010242076;134,186;74840,4;92070;0
09/07/2005;0;0;0,021727335;134,032;65685,6;92026,8;0
10/07/2005;0;0;0,029568736;133,877;57952,8;90615,6;0
11/07/2005;0;0;-0,007819179;133,672;71114,4;90619,2;0
12/07/2005;0;0;0,045742562;133,518;72316,8;87901,2;0
13/07/2005;0;0;-0,001143427;133,312;74786,4;91101,6;0
14/07/2005;0;0;0,046964094;133,159;72338,4;93812,4;0
15/07/2005;0;0;0,012681158;132,954;82767,6;95508;0
16/07/2005;0;0;0,011453463;132,749;82702,8;94899,6;0
17/07/2005;0;0;0,024812068;132,545;72068,4;94446;0
18/07/2005;0;0;0,018978738;132,29;98838;97120,8;0
19/07/2005;0;0;0,065910964;132,137;89676;95097,6;0
20/07/2005;0;0;-0,03428326;131,882;88243,2;95839,2;0
21/07/2005;0;0;-0,037583349;131,628;86803,2;90997,2;0
22/07/2005;0;0;-0,003380691;131,374;85593,6;93988,8;0
23/07/2005;0;0;0,007117118;131,171;77151,6;93938,4;0
24/07/2005;0;0;0,001282034;130,968;66798;90399,6;0
25/07/2005;0;0;0,048687837;130,766;91080;99932,4;0
26/07/2005;0;0;0,074001223;130,614;85582,8;96962,4;0
27/07/2005;0;0;0,025639938;130,412;89521,2;95720,4;0
28/07/2005;0;0;0,028113674;130,21;89521,2;95720,4;0
29/07/2005;0;0;0,004237072;129,958;93603,6;99698,4;0
30/07/2005;0;0;-0,019357309;129,707;90223,2;98683,2;0
31/07/2005;0;27,5;0,002984382;129,506;80344,8;93506,4;0
01/08/2005;0;26,5;0,069659192;129,355;93056,4;92476,8;0
02/08/2005;0;27;0,004369604;129,104;89269,2;100710;0,0293112
03/08/2005;0;27;0,065144206;128,954;87955,2;99651,6;0
04/08/2005;0;25,5;-0,035522057;128,704;82166,4;98812,8;0
05/08/2005;0;27;0,025053571;128,504;89445,6;98650,8;0
06/08/2005;0;28;0,024402254;128,304;88732,8;98254,8;0
07/08/2005;0;29,5;0,00759981;128,105;71661,6;94575,6;0
08/08/2005;0;32,5;0,03022577;127,906;88858,8;97063,2;0
09/08/2005;0;29;0,018198204;127,707;81468;99435,6;0
10/08/2005;0;28;-0,01469013;127,458;82576,8;100594,8;0
11/08/2005;0;28;0,072530868;127,309;80838;97534,8;0
12/08/2005;0;27;-0,028322878;127,061;89254,8;97232,4;0
13/08/2005;0;27,5;0,016903787;126,863;84369,6;96886,8;0
14/08/2005;0;28;0,003853989;126,665;69026,4;98229,6;0
15/08/2005;0;28;0,012837398;126,468;82796,4;94456,8;0
16/08/2005;0;27;-0,006579194;126,27;77079,6;97081,2;0
17/08/2005;0;25,5;0,009031627;126,073;86162,4;99673,2;0
18/08/2005;0;27,5;0,0251152;125,876;81608,4;100652,4;0
19/08/2005;0,5;25,5;0,002263561;125,68;83278,8;97783,2;0
20/08/2005;0;28;0,012959031;125,483;84121,2;96382,8;0
21/08/2005;0,1;26;0,037938313;125,336;72460,8;95310;0
22/08/2005;0;24,5;0,016260256;125,14;80611,2;94903,2;0
23/08/2005;0;26;0,010503269;124,944;73688,4;99536,4;0
24/08/2005;0;26;0,027774642;124,748;83955,6;102178,8;0
25/08/2005;0;28;0,014239766;124,553;77716,8;99784,8;0
26/08/2005;0;32,5;0,036328345;124,357;93013,2;95907,6;0
27/08/2005;0;29,5;0,016958036;124,162;88326;97812;0
28/08/2005;0;28,5;-0,001049083;123,968;67204,8;93142,8;0
29/08/2005;0;26,5;0,023214272;123,773;89892;98186,4;0
30/08/2005;0;26,5;0,01755206;123,579;82245,6;95320,8;0
31/08/2005;0;26;0,009862588;123,385;83552,4;96062,4;0
01/09/2005;0;27,5;0,013210665;123,191;76338;96480;0
02/09/2005;0;26,5;0,053999508;123,045;81662,4;97041,6;0
03/09/2005;0;27;0,060110906;122,9;79275,6;97304,4;0
04/09/2005;0;28,5;0,010823281;122,707;79045,2;92415,6;0
05/09/2005;0;29;-0,060462024;122,417;81694,8;93355,2;0
06/09/2005;0;25;-0,021421819;122,176;75448,8;93542,4;0,00677
07/09/2005;0,5;24;0,050098352;122,032;70088,4;95144,4;0
08/09/2005;0;25,5;-0,078596044;121,743;77367,6;97016,4;0
09/09/2005;0;26;0,02044793;121,551;82962;94946,4;0
10/09/2005;0;26;0,034489539;121,36;80046;93693,6;0
11/09/2005;0;25,5;0,012975026;121,168;68824,8;94032;0
12/09/2005;0;24;0,028153284;120,977;85676,4;95709,6;0
13/09/2005;0;24;0,0124231;120,786;81579,6;95580;0
14/09/2005;0;23,5;-0,005448251;120,595;75754,8;90241,2;0
15/09/2005;0;25,5;0,004558086;120,404;75092,4;91404;0
16/09/2005;0;26;0,002717265;120,213;74617,2;95306,4;0
17/09/2005;0;24;0,011384579;120,023;78778,8;93135,6;0
18/09/2005;0;22;0,006966091;119,833;69037,2;94694,4;0
19/09/2005;0;21;0,010313181;119,643;82080;94521,6;0
20/09/2005;0;21,5;0,003135415;119,454;71575,2;96876;0
21/09/2005;0;21,5;0,017858094;119,264;83995,2;96894;0
22/09/2005;0;21;-0,001881442;119,075;77281,2;93769,2;0
23/09/2005;0;22,5;0,005263528;118,886;78930;92203,2;0
24/09/2005;0;22,5;0,008332792;118,697;80233,2;93996;0
25/09/2005;0;23,5;0,037947098;118,556;64965,6;92311,2;0
26/09/2005;0;22;0,043909793;118,415;70848;95234,4;0
27/09/2005;0;22;-0,006549264;118,227;68331,6;93373,2;0
28/09/2005;0;23;0,001144262;118,039;73062;95889,6;0
29/09/2005;0;23,5;0,050468976;117,898;71161,2;93564;0
30/09/2005;0;23;0,003972776;117,71;71114,4;92739,6;0
01/10/2005;0;22,5;0,004971253;117,523;75556,8;94413,6;0
02/10/2005;0;24;0,028909977;117,382;60264;94212;0
03/10/2005;0;23;-0,002115159;117,195;72658,8;92138,4;0
04/10/2005;0;20,5;-0,007202775;117,009;91306,8;71625,6;0
05/10/2005;0;20,5;0,044156452;116,869;72208,8;93765,6;0
06/10/2005;0;20;-0,009508491;116,682;67064,4;96922,8;0
07/10/2005;0;21;-0,003314229;116,496;69739,2;96667,2;0
08/10/2005;0;21,5;0,00408433;116,31;73684,8;96422,4;0
09/10/2005;0;20;0,012563453;116,171;51339,6;92332,8;0
10/10/2005;16,8;18,5;0,067622212;116,078;50155,2;90982,8;0
11/10/2005;17,7;18;0,037204958;115,985;29703,6;94010,4;0
12/10/2005;3;20;0,081720904;115,939;26881,2;91569,6;0
13/10/2005;0;17,5;0,061831982;115,846;33696;95194,8;0
14/10/2005;0;16,5;-0,003232178;115,707;33681,6;92829,6;0
15/10/2005;0;18,5;0,006572909;115,568;37980;92332,8;0
16/10/2005;0;20,5;0,038486619;115,476;33087,6;90928,8;0
17/10/2005;9,1;19,5;0,045900312;115,383;39423,6;95781,6;0
18/10/2005;0,6;18;0,025697763;115,291;22132,8;91872;0
19/10/2005;0;18,5;0,043497548;115,199;27928,8;91882,8;0
20/10/2005;0;19;-0,001375502;115,06;31748,4;94352,4;0
21/10/2005;0;21,5;0,020837517;114,922;40442,4;95828,4;0
22/10/2005;0;20,5;0,022520625;114,784;46252,8;96782,4;0
23/10/2005;0;20,5;0,020518334;114,646;39204;97246,8;0
24/10/2005;0;19;-0,032445082;114,462;50482,8;88214,4;0
25/10/2005;0;18,5;0,021075663;114,325;49010,4;95760;0
26/10/2005;0;19;0,017938814;114,187;54039,6;91814,4;0
27/10/2005;0,1;19,5;0,012024388;114,049;44715,6;96148,8;0
28/10/2005;1,1;21;-0,040634828;113,866;43891,2;92984,4;0
29/10/2005;0;21,5;0,006996729;113,729;41518,8;91508,4;0
30/10/2005;3,7;20;0,094347803;113,683;37540,8;93668,4;0
31/10/2005;0;18;0,008121082;113,546;36846;94579,2;0
01/11/2005;0;18;0,012372645;113,409;37065,6;94518;0
02/11/2005;0;19;0,024757223;113,273;55065,6;94298,4;0
03/11/2005;0;19;-0,0276977;113,09;48103,2;95364;0
04/11/2005;0;18,5;0,001398062;112,908;61052,4;93247,2;0
05/11/2005;0;15,5;0,029470616;112,772;62042,4;93434,4;0
06/11/2005;0;15,5;0,013650383;112,636;46558,8;93560,4;0
07/11/2005;0;15,5;0,025335203;112,5;59187,6;93985,2;0
08/11/2005;0;17;-0,00898578;112,318;47458;87282;0,0228744
09/11/2005;0;17;0,038654085;112,183;56613,6;94413,6;0
10/11/2005;0;18;0,032323144;112,047;58147,2;96159,6;0
11/11/2005;6,7;12;0,01999091;111,911;57124,8;93445,2;0
12/11/2005;1,4;14,5;0,073668568;111,821;56613,6;94413,6;0
13/11/2005;10,8;11;0,115625635;111,776;58147,2;96159,6;0
14/11/2005;24,5;10;0,087354308;111,731;28126,8;93398,4;0
15/11/2005;2,4;13;0,018635735;111,64;14256;91321,2;0
16/11/2005;0;14;-0,009942449;111,505;17420,4;92318,4;0
17/11/2005;0;15,5;0,030982144;111,415;15850,8;92973,6;0
18/11/2005;0;14;-0,002584458;111,325;15984;64681,2;0
19/11/2005;0;13,5;-0,018056915;111,19;20257,2;93538,5;0
20/11/2005;0;14,5;0,019878336;111,1;18723,6;88009,2;0
21/11/2005;1,7;15;0,064801292;111,055;16714,8;91738,8;0
22/11/2005;0;15,5;0,020781734;110,965;15008,4;92181,6;0
23/11/2005;0,8;12,5;0,02101052;110,876;18136,8;88732,8;0
24/11/2005;0;13;0,024404024;110,786;11710,8;93276;0
25/11/2005;0;12,5;-0,007181742;110,651;20386,8;92646;0
26/11/2005;0;9;-0,004965268;110,517;23458,4;91699,2;0
27/11/2005;0;9,5;0,0343934;110,428;20494,8;89924,4;0
28/11/2005;0;10,5;0,031080987;110,338;27741,6;89762,4;0
29/11/2005;0;11,5;0,03450222;110,249;25117,2;90788,4;0
30/11/2005;0;10,5;-0,002155884;110,115;29124;93790,8;0
01/12/2005;0,6;10,5;0,039719251;110,025;33213,6;89366,4;0
02/12/2005;5,7;13,5;0,068365816;109,981;19033,2;91994,4;0
03/12/2005;0;15;0,032554244;109,892;20520;90334,8;0
04/12/2005;0;16;0,024695718;109,802;17557,2;91346,4;0
05/12/2005;0;14,5;0,03552407;109,713;21441,6;90169,2;0
06/12/2005;0;13,5;0,034495352;109,624;24562,8;92257,2;0
07/12/2005;0;11,5;-0,017945648;109,491;25030,8;87800,4;0
08/12/2005;0;12,5;0,035665682;109,402;24948;95274;0
09/12/2005;0;14;0,006369963;109,269;35812,8;95565,6;0
10/12/2005;0;11;0,054648347;109,18;40986;95119,2;0
11/12/2005;0;10,5;-0,004151762;109,047;29793,6;92404,8;0
12/12/2005;0;10;0,045937807;108,958;40554;89953,2;0
13/12/2005;0;9;0,006282564;108,825;34135,2;100278;0
14/12/2005;0;9,5;0,003612694;108,692;30528;99892,8;0
15/12/2005;0;10,5;0,011252867;108,56;36568,8;102265,2;0
16/12/2005;0;10,5;0,028072361;108,427;44830,8;100789,2;0
17/12/2005;0;14;0,03235672;108,295;46220,4;100933,2;0
18/12/2005;0;12;0,05490282;108,207;38268;96699,6;0
19/12/2005;0;10,5;0,002607476;108,074;38113,2;95292;0
20/12/2005;0;12;0,014744384;107,942;42480;96343,2;0
21/12/2005;0;12,5;0,012218322;107,81;39722,4;95702,4;0
22/12/2005;0;11,5;0,002396581;107,678;35920,8;91447,2;0
23/12/2005;0;11,5;-0,006247717;107,547;27406,8;94273,2;0
24/12/2005;0,4;11;0,00625636;107,415;33861,6;96501,6;0
25/12/2005;3,2;10,5;0,029477999;107,327;16045,2;94420,8;0
26/12/2005;1,6;10,5;0,032815009;107,24;18352,8;92264,4;0
27/12/2005;0;13;-0,006341133;107,108;23342,4;92689,2;0
28/12/2005;0;13,5;-0,002201655;106,977;27594;91148,4;0
29/12/2005;0;12,5;0,046582647;106,89;33120;90849,6;0
30/12/2005;0;15;0,021427302;106,759;41695,2;89776,8;0
31/12/2005;0;13,5;0,021022013;106,628;48308,4;89319,6;0
01/01/2006;0;12;0,042503985;106,541;23839,2;89535,6;0
02/01/2006;0;13,5;0,012803911;106,41;41454;90590,4;0
03/01/2006;0;11;0,031144044;106,279;51138;93600;0
04/01/2006;0;10;0,048680535;106,192;40312,8;91018,8;0
05/01/2006;0;10;0,001092006;106,062;36597,6;87976,8;0
06/01/2006;7,4;7,5;0,023363406;105,975;17848,8;87303,6;0
07/01/2006;2,7;8;0,026089569;105,888;19854;91065,6;0
08/01/2006;0;9,5;0,070304985;105,845;20095;89305,2;0
09/01/2006;0,3;10;0,032210087;105,758;23515,2;90925,2;0
10/01/2006;2;7;-0,02131593;105,628;17942,4;89442;0
11/01/2006;0;10;0,061706948;105,584;15019,2;86356,8;0
12/01/2006;0;9,5;0,025637186;105,498;17992,8;89316;0
13/01/2006;0,2;8;0,031982802;105,411;24303,6;89920,8;0
14/01/2006;9;8,5;0,070679015;105,368;21855,6;90093,6;0
15/01/2006;19,9;8;0,107239523;105,368;14302,8;90342;0
16/01/2006;5,4;9,5;0,070828706;105,325;22140;86500,8;0
17/01/2006;0,7;10,5;0,036113984;105,238;21751,2;94017,6;0
18/01/2006;0;12,5;0,067774902;105,195;12272,4;93319,2;0
19/01/2006;0;13;-0,012697389;105,066;15123,6;95137,2;0
20/01/2006;0;12;0,028892931;104,979;16275,6;94010,4;0
21/01/2006;0;10,5;0,069209288;104,936;15840;91195,2;0
22/01/2006;0;13,5;0,067003818;104,893;15285,6;90838,8;0
23/01/2006;0;10,5;0,029595919;104,807;17118;94600,8;0
24/01/2006;0;10;0,034377107;104,721;19396,8;93661,2;0
25/01/2006;2;9;0,024270042;104,635;15238,8;93740,4;0
26/01/2006;0,3;10;-0,019803907;104,506;14889,6;93016,8;0
27/01/2006;21;8;0,112314561;104,506;13672,8;90903,6;0
28/01/2006;3,2;5;0,198027742;104,592;13150,8;92854,8;0
29/01/2006;0;6;0,155481247;104,635;13424,4;93463,2;0
30/01/2006;0;10;0,105037736;104,635;17859,6;74700;0
31/01/2006;0;11,5;0,083123139;104,635;14518,8;53974,8;0
01/02/2006;0;11,5;0,07464385;104,635;15951,6;50947,2;0
02/02/2006;0,8;12;0,029242389;104,592;15181,2;51469,2;0
03/02/2006;5,4;9,5;0,065348483;104,592;11664;48952,8;0
04/02/2006;0;11,5;0,036114282;104,549;18111,6;49392;0
05/02/2006;0;9,5;0,024069472;104,506;15436,8;46044;0
06/02/2006;0;10;0,025450214;104,463;16002;46861,2;0
07/02/2006;0;10;0,091225473;104,463;16732,8;46321,2;0,023444
08/02/2006;0;10,5;0,027332599;104,42;18662,4;45655,2;0
09/02/2006;0,8;12;0,077549741;104,42;19044;49053,6;0
10/02/2006;0;14,5;0,032808395;104,377;20404,8;47242,8;0
11/02/2006;3;13;0,031145318;104,334;22906,8;48232,8;0
12/02/2006;0;11,5;0,070806495;104,334;19677,6;47264,4;0
13/02/2006;0;12,5;0,03689143;104,291;24202,8;48391,2;0
14/02/2006;0;12,5;0,032586536;104,248;22068;46652,4;0
15/02/2006;0;12,5;0,036733555;104,205;22690,8;46317,6;0
16/02/2006;0;13,5;0,045163717;104,162;23716,8;48578,4;0
17/02/2006;0;13;0,056608418;104,119;32133,6;49896;0
18/02/2006;3,5;13;0,049199594;104,076;33940,8;51400,8;0
19/02/2006;0,5;11;0,042103511;104,033;21996;49395,6;0
20/02/2006;0,3;9,5;0,041069366;103,991;27230,4;46843,2;0
21/02/2006;0;8,5;0,092951426;103,991;29905,2;54907,2;0
22/02/2006;0;8,5;0,037670038;103,905;30013,2;81669,6;0
23/02/2006;0,2;9;0,084845376;103,862;29034;89823,6;0
24/02/2006;0;8,5;0,132920562;103,862;26488,8;88884,2;0
25/02/2006;21,8;10;0,055510984;103,776;36212,4;88189,2;0
26/02/2006;0;9;0,19643104;103,862;16974;87037,2;0
27/02/2006;0;11;0,08232505;103,819;24883,2;87606;0
28/02/2006;0;11,5;0,071224946;103,776;22546,8;87400,8;0
01/03/2006;0;10;0,061536868;103,734;19666,8;80449,2;0
02/03/2006;0;12,5;0,044449465;103,648;27414;86796;0
03/03/2006;0;12;0,119653065;103,648;30643,2;72770,4;0
04/03/2006;13;11;0,160234759;103,691;37292,4;56858,4;0
05/03/2006;0;8,5;0,085177376;103,691;20811,6;54961,2;0
06/03/2006;0;11;0,103911159;103,691;29336,4;51490,8;0
07/03/2006;0;16;0,088199534;103,648;35042,4;48621,6;0,0244584
08/03/2006;0;18,5;0,064119555;103,605;35200,8;47566,8;0
09/03/2006;0;18,5;0,026790318;103,52;34790,4;46684,8;0
10/03/2006;0;16;0,033774569;103,435;44917,2;49107,6;0
11/03/2006;0;19,5;0,045977762;103,349;52383,6;50594,4;0
12/03/2006;0;18,5;0,032751995;103,264;48178,8;51246;0
13/03/2006;0;16;0,074073073;103,221;49604,4;50425,2;0
14/03/2006;0;15,5;0,064693291;103,179;45183,6;49582,8;0
15/03/2006;0;13;0,058506257;103,136;41050,8;49809,6;0
16/03/2006;0;16;0,06528386;103,094;41634;50324,4;0
17/03/2006;6,5;13,5;0,093532651;103,094;36540;48052,8;0
18/03/2006;37,5;13;1,613220244;104,635;21549,6;47228,4;0
19/03/2006;17;12;0,623618793;105,195;14680,8;45914,4;0
20/03/2006;2,2;12;1,190397916;106,323;16434;39870;0
21/03/2006;6,4;13;0,644006404;106,89;19465,2;47491,2;0
22/03/2006;0;13,5;0,300114512;107,108;19159,2;46764;0
23/03/2006;1,8;16;0,209028927;107,24;19000,8;44888,4;0
24/03/2006;0,2;16,5;0,351166741;107,503;18169,2;47181,6;0
25/03/2006;0;17;0,178569434;107,591;25012,8;48873,6;0
26/03/2006;0;18,5;0,121293934;107,635;15055,2;45111,6;0
27/03/2006;0;19,5;0,232261833;107,766;29343,6;47743,2;0
28/03/2006;0;19;0,109430233;107,766;36961,2;48294;0
29/03/2006;0;17,5;0,115550233;107,766;42631,2;48744;0
30/03/2006;0;13,5;0,108687388;107,766;40420,8;50245,2;0
31/03/2006;0;19,5;0,110713496;107,766;44352;49219,2;0
01/04/2006;0;21;0,121771033;107,766;47354,4;50241,6;0
02/04/2006;0;21;0,101704912;107,766;37839,6;48481,2;0
03/04/2006;0;19;0,10845595;107,766;41554,8;50198,4;0
04/04/2006;0;18;0,130018918;107,766;32119;47116,8;0,030564
05/04/2006;0;18;0,066078443;107,722;45432;47509,2;0
06/04/2006;0;17;0,05909553;107,678;40557,6;50677,2;0
07/04/2006;0;17,5;0,09173108;107,635;53226;55594,8;0
08/04/2006;0;17,5;0,125724307;107,635;50526;53679,6;0
09/04/2006;0;17;0,05902768;107,591;37609,2;54442,8;0
10/04/2006;0;19;0,077401777;107,547;47962,8;51055,2;0
11/04/2006;0;15,5;0,067339507;107,503;47217,6;51836,4;0
12/04/2006;0;16,5;0,039824428;107,415;54262,8;52513,2;0
13/04/2006;0;19;0,073345999;107,371;45464,4;54784,8;0
14/04/2006;11,1;18,5;0,098383343;107,371;30412,8;53942,4;0
15/04/2006;0;18,5;0,057986747;107,327;29811,6;53330,4;0
16/04/2006;0;19;0,093939247;107,327;24987,6;52736,4;0
17/04/2006;0;16,5;0,078735451;107,284;43135,2;51436,8;0
18/04/2006;0;17;0,022085278;107,196;43092;50792,4;0
19/04/2006;0;17;0,077711664;107,152;47214;51735,6;0
20/04/2006;0;20;0,039132717;107,065;45475,2;51346,8;0
21/04/2006;0;19,5;0,029241369;106,977;49154,4;51472,8;0
22/04/2006;8,8;17;0,068835138;106,933;45043,2;50745,6;0
23/04/2006;1,6;17,5;0,085075483;106,933;24933,6;50526;0
24/04/2006;0;18,5;0,043336718;106,89;28054,8;47358;0
25/04/2006;0;19,5;0,049728284;106,846;30106,8;46148,4;0
26/04/2006;0;19,5;0,020594145;106,759;36702;47754;0
27/04/2006;0;19,5;0,0703492;106,715;40549,2;47613,6;0
28/04/2006;0;19;0,033738382;106,628;49046,4;51627,6;0
29/04/2006;0;18;0,033005205;106,541;49510,8;52185,6;0
30/04/2006;0;20;0,023603319;106,453;38516,4;51303,6;0
01/05/2006;0;20,5;0,034284457;106,366;45597,6;52174,8;0
02/05/2006;18,1;20;0,099594784;106,323;49950;51559,2;0,0149688
03/05/2006;6,9;16,5;0,077882234;106,323;20955,6;46915,2;0
04/05/2006;0;17;0,086929508;106,323;21081,6;46695,6;0
05/05/2006;0;21;0,053452715;106,279;25671,6;46107,2;0
06/05/2006;0;19;0,021776793;106,192;40240,8;48096;0
07/05/2006;0;18,5;0,014091703;106,105;33307,2;49964,4;0
08/05/2006;0;20;0,035533925;106,018;47390;48646,8;0
09/05/2006;0;21;0,026651567;105,931;44913,6;47466;0
10/05/2006;0;19;0,013413565;105,845;42080,4;48222;0
11/05/2006;0;17,5;0,036608575;105,801;29768,4;45201,6;0
12/05/2006;0;19,5;0,025708284;105,714;46414,8;48520,8;0
13/05/2006;0;20;0,031720906;105,628;50619,6;50205,6;0
14/05/2006;0;17,5;0,035759095;105,584;31366,8;47959,2;0
15/05/2006;0;20,5;0,015129725;105,498;43117,2;47624,4;0
16/05/2006;0;22;0,023135791;105,411;43023,6;47646;0
17/05/2006;0;24,5;0,030149001;105,325;44546,4;49554;0
18/05/2006;0;25,5;0,042867607;105,238;47466;52588,8;0
19/05/2006;0;24;0,002038363;105,109;50580;58442,4;0
20/05/2006;0;21,5;-0,001862789;104,979;49006;58860;0
21/05/2006;0;23,5;0,044289462;104,893;43261,2;58579,2;0
22/05/2006;0;23,5;0,030752495;104,764;63622,8;58662;0
23/05/2006;0;22;0,0433371;104,635;61876,8;63990;0
24/05/2006;0;20;0,028425452;104,506;62812,8;65379,6;0
25/05/2006;0,2;19;0,006708391;104,377;52624,8;66762;0
26/05/2006;0;20,5;0,01266854;104,248;55594,8;66333,6;0
27/05/2006;0;23,5;0,012168928;104,119;56196;64821,6;0
28/05/2006;0;24,5;0,0045432;103,991;44956,8;64882,8;0
29/05/2006;0;25;0,072872157;103,905;62586;64605,6;0
30/05/2006;0;26;0,024940487;103,776;61581,6;62845,2;0
31/05/2006;0,5;21,5;0,052927025;103,691;60454,8;62510,4;0
01/06/2006;0;18,5;0,033700737;103,605;45752,4;62413,2;0
02/06/2006;0;21;0,026000655;103,477;59648,4;66607,2;0
03/06/2006;0;20,5;-0,014398928;103,307;63349,2;65818,8;0
04/06/2006;0;20;0,007714023;103,179;45626,4;64530;0
05/06/2006;0;21,5;0,036960182;103,051;67708,8;65332,8;0
06/06/2006;0;22,5;-0,030650447;102,838;64544,4;66834;0,0237744
07/06/2006;0;25;0,050999878;102,711;63925,2;83505,6;0
08/06/2006;0;26,5;-0,000170079;102,541;60004,8;84805,2;0
09/06/2006;0;24,5;0,017466257;102,372;68284,8;85143,6;0
10/06/2006;0;23;0,005855977;102,202;68450,4;84560,4;0
11/06/2006;0;23,5;0,032009205;102,075;53312,4;82872;0
12/06/2006;0;23;0,040937669;101,949;66488,4;83134,8;0
13/06/2006;0,8;25;0,032764058;101,822;57135,6;81954;0
14/06/2006;2,8;24;-0,004290292;101,653;63756;82832,4;0
15/06/2006;0;23,5;-0,006688633;101,485;57780;79959,6;0
16/06/2006;0;25;0,058319224;101,359;72568,8;85676,4;0
17/06/2006;0;25;0,009966253;101,19;69663,6;82839,6;0
18/06/2006;0;25,5;0,036977597;101,064;56516,4;81280,8;0
19/06/2006;0;26;0,016837735;100,897;71863,2;82213,2;0
20/06/2006;0;26,5;0,049583979;100,771;65764,8;84272,4;0
21/06/2006;0;27;0,019089243;100,603;75704,4;82940,4;0
22/06/2006;0;27,5;-0,029657392;100,394;69062,4;83548,8;0
23/06/2006;0;27,5;0,021252131;100,227;72302,4;84661,2;0
24/06/2006;0;27,5;0,020378801;100,061;70192,8;83268;0
25/06/2006;0;26,5;0,012936614;99,894;60764;80467,2;0
26/06/2006;0;26,5;0,025634327;99,728;76338;84535,2;0
27/06/2006;0;24;0,012315714;99,561;70984,8;82173,6;0
28/06/2006;0;27;-0,010585768;99,354;72590,4;81122,4;0
29/06/2006;0;27,5;0,018858254;99,188;70290;87238,8;0
30/06/2006;0;26;-0,009348623;98,981;76042,8;91425,6;0
01/07/2006;0;26;0,036068297;98,816;79182;90500,4;0
02/07/2006;0;28,5;0,019973816;98,651;66643,2;86157,2;0
03/07/2006;0;29;0,042870083;98,486;83628;87163,2;0
04/07/2006;0;30;0,019088543;98,28;73274,4;89056,8;0,0253224
05/07/2006;0;29,5;0,016800779;98,075;84288,8;89042,4;0
06/07/2006;0;28,5;-0,001289056;97,869;79174,8;91494;0
07/07/2006;0;27;-0,000528603;97,664;87282;90979,2;0
08/07/2006;0;27;0,038177989;97,501;84466,8;89305,2;0
09/07/2006;0;29,5;-0,009797367;97,296;76572;87181,2;0
10/07/2006;0;30;0,043734655;97,133;88207,2;89971,2;0
11/07/2006;0;29;-0,00285574;96,929;82695,6;92786,4;0
12/07/2006;1;26,5;0,057511274;96,807;80629,2;88300,8;0
13/07/2006;0;28,5;-0,0065724;96,604;84628,8;89042,4;0
14/07/2006;0;28,5;0,003379458;96,4;86727,6;89002,8;0
15/07/2006;0;29;0,046493054;96,238;87663,6;90028,8;0
16/07/2006;0;28,5;-0,014566308;96,036;71218,8;87483,6;0
17/07/2006;0;28,5;0,020962547;95,874;89028;65237,6;0
18/07/2006;0;27,5;-0,001113057;95,712;77929,2;66002,4;0
19/07/2006;0;28;0,019008247;95,551;85622,4;67773,6;0
20/07/2006;0;27,5;0,031425175;95,39;78138;87706,8;0
21/07/2006;0;28;0,010921983;95,188;92678,4;94507,2;0
22/07/2006;0;32,5;0,022379885;94,988;87084;93938,4;0
23/07/2006;0;28;-0,009520999;94,787;74221,2;91598,4;0
24/07/2006;0;28;0,047667987;94,627;89931,6;91306,8;0
25/07/2006;0;29;-0,006532167;94,426;77943,6;88534,8;0
26/07/2006;0;28,5;0,002530928;94,227;82598,4;89388;0
27/07/2006;0;29,5;0,001851831;94,027;83566,8;86392,8;0
28/07/2006;0;29,5;0,018976807;93,828;92959,2;90784,8;0
29/07/2006;0;28,5;0,012828291;93,629;91130,4;92080,8;0
30/07/2006;0;29,5;-0,005862702;93,43;74487,6;88488;0
31/07/2006;0;33,5;0,016249474;93,232;87656,4;90928,8;0
01/08/2006;0;32;0,029507366;92,995;99374,4;93052,8;0,03848
02/08/2006;0;29,5;0,047918734;92,836;89388;90270;0
03/08/2006;0;32;0,028397101;92,639;94395,6;88002;0
04/08/2006;0;30;0,012164466;92,442;93560,4;90788,4;0
05/08/2006;0;28,5;0,008053985;92,245;92005,2;82764;0
06/08/2006;0;29,5;-0,009838883;92,048;91814,4;67856,4;0
07/08/2006;0;28,5;-0,022081602;91,813;91126,8;96310,8;0
08/08/2006;0;27;0,036632437;91,656;87487,2;79520,4;0
09/08/2006;0;27;0,010736053;91,461;91080;91198,8;0
10/08/2006;0;28,5;0,04809216;91,304;88138,8;86886;0
11/08/2006;0;29;0,025795597;91,109;88693,2;101300,4;0
12/08/2006;0;33;-0,011593944;90,875;90550,8;91378,8;0
13/08/2006;0;28,5;-0,003083555;90,681;90316,8;80780,4;0
14/08/2006;0;26;0,013972035;90,487;88250,9;88678,8;0
15/08/2006;6,2;28;-0,033906687;90,254;76201,2;90356,4;0
16/08/2006;0;24;-0,031697967;90,022;85111,2;90446,4;0
17/08/2006;0;24;-0,055315298;89,79;80355,6;88610,4;0
18/08/2006;0;24,5;0,035301459;89,636;77007,6;88009,2;0
19/08/2006;0;24,5;0,031690141;89,482;80388;87976,8;0
20/08/2006;0;26,5;0,054493491;89,366;60840;87343,2;0
21/08/2006;0;25,5;0,050034013;89,212;86065,2;89154;0
22/08/2006;0;25,5;0,000419302;89,02;84808,8;89964;0
23/08/2006;0;25,5;0,012413911;88,829;83361,6;92473,2;0
24/08/2006;0;26,5;-0,001351314;88,637;76082,4;92383,2;0
25/08/2006;0;26;0,004585182;88,446;84790,8;90936;0
26/08/2006;0;27;-0,004574293;88,255;78051,6;88545,6;0
27/08/2006;0;26;0,021948695;88,103;60854,4;92908,8;0
28/08/2006;0;25;0,050274402;87,951;85903,2;90504;0
29/08/2006;0;30;0,008346127;87,761;76410;89650,8;0
30/08/2006;0;29,5;0,004042844;87,571;83026,8;91674;0
31/08/2006;0;26,5;0,044485132;87,419;79063,2;89769,6;0
01/09/2006;0;26,5;0,006567957;87,23;84711,6;90432;0
02/09/2006;0;27;0,001500787;87,041;78271,2;91836;0
03/09/2006;0;26,5;-0,007826856;86,852;69282;93790,8;0
04/09/2006;0;26;-0,004636801;86,664;78721,2;91087,2;0
05/09/2006;0;26;0,031595168;86,513;74041,2;90619,2;0,0115416
06/09/2006;0;26,5;0,038584417;86,363;75823,2;92102,4;0
07/09/2006;0;27,5;0,00012488;86,175;75247,2;92250;0
08/09/2006;0;27,5;0,014738288;85,988;84974,4;93920,4;0
09/09/2006;0;27,5;0,01346304;85,801;79614;96170,4;0
10/09/2006;0;26,5;-0,013461638;85,614;66524,4;91706,4;0
11/09/2006;10;25,5;0,032817198;85,464;78696;88459,2;0
12/09/2006;1,2;22;0,052981748;85,39;31125,6;83930,4;0
13/09/2006;13;23;0,057617017;85,315;28299,6;86439,6;0
14/09/2006;0;20,5;-0,01031331;85,166;29138,4;88344;0
15/09/2006;0;20,5;-0,008994817;85,018;22539,6;88970,4;0
16/09/2006;0;24,5;0,028072814;84,906;26982;90446,4;0
17/09/2006;0;23;-0,011467827;84,758;28018,8;89974,8;0
18/09/2006;0;24;0,021771888;84,61;59349,6;90424,8;0
19/09/2006;0;24;0,024229154;84,462;61826,4;92278,8;0
20/09/2006;0;25;-0,012995772;84,277;60026,4;91296;0
21/09/2006;0;23,5;0,016533917;84,129;60166,8;92563,2;0
22/09/2006;0;23,5;0,027599719;83,982;71546,4;90158,4;0
23/09/2006;0;22,5;0,022012143;83,834;66495,6;90637,2;0
24/09/2006;0;24,5;-0,019254079;83,65;51577,2;91123,2;0
25/09/2006;0;25,5;0,012646677;83,467;71492,4;89301,6;0
26/09/2006;0;24,5;0,029238946;83,32;69354;88563,6;0
27/09/2006;0;23,5;0,010210066;83,137;67644;92408,4;0,0137664
28/09/2006;0;26;0,009664715;82,954;75652,8;89247,6;0
29/09/2006;0;25;0,040889965;82,808;73731,6;92725,2;0
30/09/2006;0;25;-0,000657569;82,626;69048;92620,8;0
01/10/2006;0;26;-0,013313056;82,444;58748,4;91386;0
02/10/2006;0;26,5;0,038520491;82,298;75652,8;89247,6;0
03/10/2006;0;24,5;0,006061409;82,117;66837,6;85759,2;0
04/10/2006;0;21,5;-0,0317573;81,899;76104;89859,6;0
05/10/2006;0;21;-0,004719766;81,718;70254;89755,2;0
06/10/2006;0;20,5;0,007833203;81,538;78638,4;90421,2;0
07/10/2006;0;21;0,032044764;81,393;70851,6;92851,2;0
08/10/2006;0;22;-0,052109229;81,177;58748,4;88585,2;0
09/10/2006;0;21,5;0,029168775;81,033;73447,2;87858;0
10/10/2006;0;21;0,012622264;80,889;54147,6;90266,4;0
11/10/2006;0;23;0,032245576;80,746;63547,2;91256,4;0
12/10/2006;0;23;0,027113253;80,602;63691,2;92019,6;0
13/10/2006;0;19,5;-0,00251761;80,423;71834,4;91414,8;0
14/10/2006;0;20;-0,005982222;80,245;68864,4;91011,6;0
15/10/2006;0;21;0,009134641;80,102;55533,6;89110,8;0
16/10/2006;0;20,5;0,020300104;79,959;64483,2;91692;0
17/10/2006;0,3;21,5;0,012393508;79,817;57416,4;88437,6;0
18/10/2006;4,6;19;0,035644533;79,71;49752;90759,6;0
19/10/2006;3,1;18;0,013293096;79,604;31118,4;87109,2;0
20/10/2006;2,2;18;-0,016103329;79,462;32961,6;90097,2;0
21/10/2006;0;17,5;0,019794281;79,355;28933,2;88646,4;0
22/10/2006;0;21;0,02305824;79,249;34729,2;86893,2;0
23/10/2006;7,5;19;0,056013746;79,178;40006,8;86299,2;0
24/10/2006;0,4;20;0,007860202;79,072;25650;86796;0
25/10/2006;14,5;21;0,023560726;78,966;31438,8;88938;0
26/10/2006;0,2;18,5;0,07868041;78,931;21243,6;88905,6;0
27/10/2006;0;19;-0,022539989;78,789;22312,8;89388;0
28/10/2006;0;21,5;0,018711573;78,684;26391;89920,8;0
29/10/2006;0;19,5;0,010436589;78,578;22665,6;89546,4;0
30/10/2006;0;19,5;0,021393738;78,472;29664;89640;0
31/10/2006;0;22;-0,004766282;78,332;30416,4;90414;0
01/11/2006;0,1;25;0,02633183;78,226;32436;90068,4;0
02/11/2006;2,1;20,5;0,047622333;78,156;26892;90028,8;0
03/11/2006;8,5;19;0,009710813;78,051;22168,8;89388;0
04/11/2006;0,4;18;0,044960866;77,981;25866;88394,4;0
05/11/2006;0;18,5;0,0112908;77,876;27918;88372,8;0
06/11/2006;28,3;19;0,140434939;77,876;32162,4;89377,2;0
07/11/2006;120,5;16;2,210792707;79,995;1958,4;65203,2;0,0239184
08/11/2006;45,5;15,5;2,200696203;82,08;15336;91656;0
09/11/2006;0;17;0,410580345;82,371;18633,6;94039,2;0
10/11/2006;0;16,5;0,151251693;82,407;14072,4;93906;0
11/11/2006;0;16,5;0,121958752;82,407;18810;94420,8;0
12/11/2006;0;17;0,114905576;82,407;14709,6;95832;0
13/11/2006;0;16,5;0,081384435;82,371;16279,2;94924,8;0
14/11/2006;0;15,5;0,04436349;82,298;17265,6;95011,2;0
15/11/2006;0,1;14,5;0,077886225;82,262;17100;93517,2;0
16/11/2006;22;15;0,183983006;82,335;11818,8;95893,2;0
17/11/2006;0;13,5;0,194949334;82,407;14972,4;95976;0
18/11/2006;0;15;0,119855835;82,407;19072,8;94964,4;0
19/11/2006;0;15;0,0817011;82,371;15940,8;94489,2;0
20/11/2006;0;17;0,097554781;82,371;15926,4;68540,4;0
21/11/2006;0;17,5;0,040934591;82,298;19018,8;52934,4;0,029628
22/11/2006;0;16,5;0,042344476;82,262;16164;49467,6;0
23/11/2006;0;16,5;0,003123304;82,189;21049,2;47088;0
24/11/2006;0;16;0,037310478;82,153;20264,4;51231,6;0
25/11/2006;1,8;13,5;0,071303087;82,153;19004,4;51210;0
26/11/2006;0;14;0,047984005;82,117;24102;50086,8;0
27/11/2006;0;14;0,012832156;82,044;29995,2;51123,6;0
28/11/2006;0;13,5;0,08509159;82,044;30571,2;50169,6;0
29/11/2006;0;15;0,050152268;82,008;31845,6;49957,2;0
30/11/2006;0;14,5;0,005290453;81,935;27900;47854,8;0
01/12/2006;0;14,5;0,047085862;81,899;25815,6;49665,6;0
02/12/2006;6,4;13,5;0,078305561;81,899;27784,8;48348;0
03/12/2006;0;15;0,079970057;81,899;17395,2;50986,8;0
04/12/2006;0;17;0,038587552;81,863;19130,4;47854,8;0
05/12/2006;4;15,5;0,042780325;81,827;19054,8;48506,4;0
06/12/2006;0;13;0,041297343;81,791;15847,2;51681,6;0
07/12/2006;0;14;0,043122063;81,754;20066,4;49928,4;0
08/12/2006;1,3;11,5;0,043079985;81,718;17024,4;48315,6;0
09/12/2006;0;10,5;0,017304141;81,646;29455,2;48646,8;0
10/12/2006;0;11;0,044698349;81,61;26089,2;49190,4;0
11/12/2006;0;12,5;0,015968601;81,538;33998,4;49276,8;0
12/12/2006;0;11,5;0,045928854;81,501;28465,2;51937,2;0
13/12/2006;0;12;0,083607586;81,501;27885,6;51030;0
14/12/2006;0;12;0,048826099;81,465;32576,4;49363,2;0
15/12/2006;0;12,5;0,016528711;81,393;33854,4;49626;0
16/12/2006;0;12;0,055833162;81,357;37731,6;50857,2;0
17/12/2006;0;12,5;-0,025129247;81,249;30445,2;47023,2;0
18/12/2006;0;12;0,044709644;81,213;21744;49604,4;0
19/12/2006;0;12;0,013460419;81,141;30571,2;47332,8;0
20/12/2006;0;9;0,02365542;81,069;36900;51922,8;0
21/12/2006;0;9;0,017376553;80,997;37436,4;49424,4;0
22/12/2006;1,9;10;0,018044326;80,925;39726;49240,8;0
23/12/2006;6,2;6,5;0,039379333;80,889;25074;48510;0
24/12/2006;0;10;0,032738775;80,853;16520,4;48628,8;0
25/12/2006;0;10;0,06465846;80,853;12373,2;49413,6;0
26/12/2006;0;10,5;0,040539095;80,818;21124,8;52261,2;0
27/12/2006;0;10;0,044022779;80,782;26755,2;50756,4;0
28/12/2006;0;11;0,003315226;80,71;21981,6;49748,4;0
29/12/2006;0;11;0,011096462;80,638;28414,8;50382;0
30/12/2006;0;11,5;0,052847979;80,602;35614,8;51084;0
31/12/2006;0;13;0,046997312;80,567;22770;53856;0
01/01/2007;0;13,5;-0,005324095;80,495;14785,2;48312;0
02/01/2007;0;13;0,016980753;80,423;34927,2;49046,4;0
03/01/2007;0;12,5;0,054045738;80,388;34614,4;50140,8;0
04/01/2007;0;13,5;0,057511747;80,352;32432,4;51786;0
05/01/2007;0;14;-0,005094311;80,245;41839,2;50781,6;0
06/01/2007;0;12;0,048306021;80,209;30268,8;51181,2;0
07/01/2007;0;13;0,044781612;80,173;24757,2;49957,2;0
08/01/2007;0;13;0,027416538;80,102;36702;57434,4;0
09/01/2007;0;11,5;0,018582771;80,031;34488;52956;0
10/01/2007;0;11;0,019912414;79,959;35384,4;50115,6;0
11/01/2007;0;11,5;0,053877508;79,924;31374;53586;0
12/01/2007;0;11;0,020607373;79,852;36093,6;51886,8;0
13/01/2007;0;11;0,02450825;79,781;41594,4;50356,8;0
14/01/2007;0;10,5;0,012813333;79,71;30628,8;51051,6;0
15/01/2007;0;12;0,058982753;79,675;36212,4;53150,4;0
16/01/2007;0;11,5;0,044036556;79,604;33912;56563,2;0,0220752
17/01/2007;0;12,5;0,027664341;79,533;40575,6;53474,4;0
18/01/2007;0;13,5;0,028168277;79,462;40082,4;51991,2;0
19/01/2007;0;15;0,031033169;79,391;42678;52264,8;0
20/01/2007;0;15;-0,002865305;79,284;43189,2;52444,8;0
21/01/2007;0;13,5;0,019651368;79,213;34930,8;51472,8;0
22/01/2007;0;10;0,056567003;79,178;36021,6;51652,8;0
23/01/2007;0;9,5;0,026713617;79,107;35028;52783,2;0
24/01/2007;0;8;0,034033187;79,037;42714;53190;0
25/01/2007;4,7;7;0,021774819;78,966;37530;49946,4;0
26/01/2007;0;6;-0,010753629;78,86;36140,4;55224;0
27/01/2007;1,2;10;0,042351028;78,789;46688,4;59608,8;0
28/01/2007;0,1;14;0,019171406;78,719;28314;56275,2;0
29/01/2007;15;10,5;0,151362514;78,789;20494,8;57340,8;0
30/01/2007;4,8;12;0,079435971;78,789;16862,4;57283,2;0
31/01/2007;0,5;9,5;0,003033574;78,719;13010,4;56498,4;0
01/02/2007;0,1;10;0,102531974;78,719;16437,6;82569,6;0
02/02/2007;3,3;9,5;0,00107518;78,613;18136,8;87177,6;0
03/02/2007;16,3;11,5;0,109422496;78,613;16462,8;87325,2;0
04/02/2007;0,2;12,5;0,071624094;78,578;16520,4;87991,4;0
05/02/2007;0;11,5;0,007381772;78,472;16696,8;90705,6;0
06/02/2007;0;11;0,099307938;78,437;16689,6;88952,4;0,02304
07/02/2007;2;14;0,044121174;78,367;17704,8;87631,2;0
08/02/2007;8,9;13,5;0,141925908;78,402;13593,6;88059,6;0
09/02/2007;0,7;13;0,154574887;78,437;14914,8;89892;0
10/02/2007;0;16,5;0,128940971;78,437;21981,6;90784,8;0
11/02/2007;0;18;0,119574697;78,437;17830,8;90140,4;0
12/02/2007;0;17,5;0,094878697;78,437;25088,4;58186,8;0
13/02/2007;0;18,5;0,054044981;78,367;32018,4;82890;0
14/02/2007;0;15,5;0,105582419;78,332;33253,2;91872;0
15/02/2007;0;14;0,061020135;78,262;31323,6;92674,8;0
16/02/2007;3,2;14;0,067015934;78,191;35654,4;94993,2;0
17/02/2007;1,3;11,5;0,083643962;78,156;22719,6;91364,4;0
18/02/2007;0;12,5;0,053946743;78,086;22885,2;90194,4;0
19/02/2007;2,5;13,5;0,055819459;78,016;31316,4;91350;0
20/02/2007;0,7;11;0,079438925;77,981;19119,6;89715,6;0
21/02/2007;0;14;0,053410469;77,946;19659,6;58597,2;0
22/02/2007;0,1;12,5;0,078470233;77,946;21243,6;55476;0
23/02/2007;0;15,5;0,060191591;77,911;22492,8;58698;0
24/02/2007;0;14,5;0,047194199;77,841;37386;59169,6;0
25/02/2007;0,2;16;0,038775692;77,771;32958;58338;0
26/02/2007;0;17;0,051378543;77,701;46587,6;59068,8;0
27/02/2007;0;16;0,016687078;77,596;52430,4;59832;0
28/02/2007;0;21,5;0,0895209;77,561;45565,2;59065,2;0
01/03/2007;0;19;0,064187416;77,492;50418;59403,6;0
02/03/2007;0;18,5;0,02256553;77,352;58190,4;81734,4;0
03/03/2007;0;18,5;0,028583108;77,213;61192,8;92822,4;0
04/03/2007;0;19,5;0,048640581;77,109;44042,4;93304,8;0
05/03/2007;0;16,5;0,029421443;76,97;56696,4;92631,6;0
06/03/2007;0;18;0,055141444;76,865;54190,8;92077,2;0
07/03/2007;4,1;14,5;0,055971892;76,761;42901,2;91774,8;0
08/03/2007;0;14,5;0,021280803;76,623;44172;90882;0
09/03/2007;0;15;0,02456752;76,485;58687,2;93164,4;0
10/03/2007;0;15,5;0,033887288;76,346;62510,4;96912;0
11/03/2007;0;12;0,014518003;76,208;45561,6;94197,6;0
12/03/2007;0;15;0,057459465;76,105;55850,4;93240;0
13/03/2007;0;13,5;0,041570011;75,967;54126;93031,2;0,022434
14/03/2007;0;13;0,022413678;75,83;56696,4;93438;0
15/03/2007;0;13,5;0,049703666;75,726;52725,6;92394;0
16/03/2007;0,8;14;0,022335153;75,589;59414,4;92376;0
17/03/2007;0;13;0,014009872;75,452;52574,4;93297,6;0
18/03/2007;0;16;0,045190783;75,349;41954,4;93916,8;0
19/03/2007;0;14,5;-0,00180475;75,178;51739,2;92512,8;0
20/03/2007;0;11,5;0,036767699;75,042;57931,2;91288,8;0
21/03/2007;0;9,5;-0,001110389;74,871;59378,4;91429,2;0
22/03/2007;0;10;0,031953265;74,735;57045,6;90828;0
23/03/2007;0;14,5;0,040960564;74,599;64724,4;91501,2;0
24/03/2007;0;17;0,067868683;74,497;59680,8;92188,8;0
25/03/2007;0;17;0,004083897;74,361;30808,8;91976,4;0
26/03/2007;5,4;12,5;0,032549755;74,259;44154;88023,6;0
27/03/2007;0;12,5;0,006000644;74,158;37965,6;58878;0
28/03/2007;0;12,5;0,012038972;74,056;47462,4;53722,8;0
29/03/2007;0;13,5;0,058922012;73,989;51778,8;57916,8;0
30/03/2007;0;15,5;0,033834247;73,887;60368,4;56552,4;0
31/03/2007;0,2;14;0,002774591;73,752;52369,2;81694,8;0
01/04/2007;1,4;12,5;0,021546782;73,651;30063,6;88776;0
02/04/2007;6,9;10;0,079464959;73,617;22777,2;86644,8;0
03/04/2007;0;13,5;0,047964543;73,516;26467,2;87948;0,0217584
04/04/2007;0,1;13;0,033146264;73,415;29404,8;90280,8;0
05/04/2007;0;11,5;0,039074256;73,314;35614,8;91692;0
06/04/2007;0,3;11,5;-0,001635912;73,18;32428,8;90874,8;0
07/04/2007;0;11,5;0,007104584;73,046;44276,4;87778,8;0
08/04/2007;1,5;14;0,023971488;72,945;32580;85694,4;0
09/04/2007;1,4;14,5;0,118976563;72,945;34466,4;83505,6;0
10/04/2007;0;15,5;0,032365911;72,845;37443,6;86893,2;0
11/04/2007;27,5;12,5;0,118849385;72,845;29829,6;87681,6;0
12/04/2007;8,1;13,5;0,210093068;72,945;17262;83790;0
13/04/2007;0;16;0,125138175;72,945;26654,4;85089,6;0
14/04/2007;0;18;0,098250354;72,912;30344,4;86846,4;0
15/04/2007;0;16,5;0,057974652;72,845;24188,4;87404,4;0
16/04/2007;0,1;14,5;0,057530669;72,778;35139,6;86382;0
17/04/2007;0;17;0,038853703;72,711;31665,6;61156,8;0
18/04/2007;3,3;15;0,101082408;72,711;27244,8;72835,2;0
19/04/2007;0;18;-0,005121368;72,611;28328,4;56869,2;0
20/04/2007;0;17;0,068199399;72,578;35755,2;56433,6;0
21/04/2007;0,6;16;0,049238093;72,544;25959,6;55944;0
22/04/2007;0;17;0,01184008;72,478;19663,2;53175,6;0
23/04/2007;1,2;18,5;0,076808379;72,444;42300;54842,4;0
24/04/2007;0;18,5;0,015393034;72,344;44380,8;56026,8;0
25/04/2007;0;18;0,072632577;72,311;41277,6;56365,2;0
26/04/2007;0,6;17;0,007486225;72,211;37828,8;60012;0
27/04/2007;0;16,5;0,030647225;72,111;51188,4;63176,4;0
28/04/2007;0;17,5;0,063367273;72,045;51530,4;59904;0
29/04/2007;0;19;0,054139948;71,979;40453,2;58446;0
30/04/2007;0;17;0,001821233;71,846;51271,2;60678;0
01/05/2007;1,1;15,5;0,016246332;71,746;39927,6;60753,6;0
02/05/2007;22,9;12;0,217088625;71,879;23378,4;57726;0
03/05/2007;0;14,5;0,186021001;71,979;19868,4;56196;0
04/05/2007;2,7;18,5;0,000267846;71,879;29800,8;54219,6;0
05/05/2007;1,2;16;0,205157935;71,979;33447,6;55116;0
06/05/2007;0;16,5;0,13057254;72,012;22316,4;56332,8;0
07/05/2007;0;22;0,065475262;71,945;49575,6;59011,2;0
08/05/2007;0;22,5;0,057154567;71,846;48970,8;65862;0,022096
09/05/2007;0;22,5;0,040870089;71,746;56664;65660,4;0
10/05/2007;0;23,5;0,042665472;71,647;56318,4;58546,8;0
11/05/2007;0;25;0,033563259;71,515;65466;62755,2;0
12/05/2007;0;23,5;0,052537106;71,416;71557,2;62481,6;0
13/05/2007;0;23;0,066399808;71,35;49100,4;59212,8;0
14/05/2007;0;19,5;-0,003962238;71,185;69400,8;60339,6;0
15/05/2007;0;20;0,075331838;71,119;56336,4;64911,6;0
16/05/2007;0;20;0,021650052;70,987;68468,4;67424,4;0
17/05/2007;0;21;0,051805272;70,889;65566,8;64526,4;0
18/05/2007;0;23;0,027373624;70,757;71604;64472,4;0
19/05/2007;0;24;0,020509586;70,626;69681,6;63147,6;0
20/05/2007;0;21;0,021410645;70,528;48733,2;61509,6;0
21/05/2007;21,9;21;0,079103719;70,462;60166,8;64976,4;0
22/05/2007;8,1;18;0,095148768;70,462;31899,6;57686,4;0
23/05/2007;0;20;0,066154976;70,43;30106,8;53982;0
24/05/2007;0;21,5;0,038328904;70,364;31219,2;54148,4;0
25/05/2007;1,6;18;0,059168139;70,332;34412,4;46951,2;0
26/05/2007;0;19,5;0,039866153;70,234;39992,4;82854;0
27/05/2007;0;21,5;0,011171543;70,103;31222,8;88120,8;0
28/05/2007;0;20,5;0,044797409;69,973;58147,2;87987,6;0
29/05/2007;0;24;0,017757956;69,81;63392,4;90698,4;0
30/05/2007;0;27;0,022805769;69,647;67050;91155,6;0
31/05/2007;0;26;0,029926901;69,485;65102,4;92782,8;0
01/06/2007;0;22;0,024826043;69,323;70012,8;93506,4;0
02/06/2007;0;22;0,058532088;69,194;74538;93272,4;0
03/06/2007;0;22;0,009055664;69,032;56530,8;93542,4;0
04/06/2007;0;22;0,03152846;68,903;72169,2;70304,4;0
05/06/2007;0;23;0,026911016;68,774;52855,2;56901,6;0,0255456
06/06/2007;0;23;-0,006642282;68,613;75459,6;58964,4;0
07/06/2007;0;22,5;0,05182195;68,517;72367,2;57466,8;0
08/06/2007;0;24;0,025362649;68,388;73940,4;59569,2;0
09/06/2007;0;25;0,033321077;68,26;76669,2;59338,8;0
10/06/2007;0;25;0,019117668;68,132;65944,8;56851,2;0
11/06/2007;0;25;0,026135562;68,004;72338,4;57186;0
12/06/2007;0;25,5;0,022622554;67,876;70743,6;56894,4;0
13/06/2007;0;26;0,003804967;67,717;75175,2;57031,2;0
14/06/2007;0;26;0,042356868;67,589;78307,2;62762,4;0
15/06/2007;0;24,5;0,00646199;67,43;82299,6;68223,6;0
16/06/2007;0;27;0,015846995;67,271;81003,6;67820,4;0
17/06/2007;0;28,5;-0,000167202;67,113;67460,4;63439,2;0
18/06/2007;0;26,5;0,039332717;66,986;79164;65016;0
19/06/2007;0;27;0,017070266;66,828;80287,2;66661,2;0
20/06/2007;0;26,5;0,017906146;66,67;80017,2;67179,8;0
21/06/2007;0;26;0,01717471;66,513;77792,4;65512,8;0
22/06/2007;0;25,5;-0,008725666;66,324;84495,6;64652,4;0
23/06/2007;0;24,5;0,043787507;66,198;78742,8;70005,6;0
24/06/2007;0;26;0,031857012;66,072;66222;64663,2;0
25/06/2007;0;27,5;-0,005911792;65,884;81010,8;66330;0
26/06/2007;0;26,5;0,029195043;65,728;84981,6;74271,6;0
27/06/2007;0;25;-0,02343885;65,541;82782;68612,4;0
28/06/2007;0;25;0,039098633;65,416;78792;70974;0
29/06/2007;0;25;0,012398894;65,26;80658;69386,4;0
30/06/2007;0;25,5;0,015344381;65,105;79887,6;68403,6;0
01/07/2007;0;30;0,020858221;64,949;74811,6;67312,8;0
02/07/2007;0;27,5;0,004570412;64,764;88048,8;71496;0
03/07/2007;0;28;-0,014687795;64,547;81982,8;70563,6;0,0222768
04/07/2007;0;30,5;0,002540633;64,362;85708,8;75319,2;0
05/07/2007;0;26,5;0,021930491;64,208;83628;70448,4;0
06/07/2007;0;25,5;0,025440822;64,054;88441,2;72867,6;0
07/07/2007;0;26;0,025915126;63,9;86425,2;73238,4;0
08/07/2007;0;26,5;0,01062078;63,747;69325,2;72237,6;0
09/07/2007;0;28;-0,004726991;63,563;88380;70711,2;0
10/07/2007;0;26;0,019518086;63,411;78764,4;70466,4;0
11/07/2007;0;26,5;-0,007738578;63,228;81766,8;73382,4;0
12/07/2007;0;27;-0,001061122;63,045;82872;75646,8;0
13/07/2007;0;27;0,038101867;62,893;91900,8;74210,4;0
14/07/2007;0;26,5;-0,007694519;62,711;83440,8;73587,6;0
15/07/2007;0;25,5;0,008848326;62,559;69775,2;71704,8;0
16/07/2007;0;26,5;0,024100931;62,408;80748;72900;0
17/07/2007;0;29,5;0,031779832;62,257;86241,6;71197,2;0
18/07/2007;0;29;0,002322642;62,076;87768;71164,8;0
19/07/2007;0;29,5;0,000613518;61,896;83466;68896,8;0
20/07/2007;0;27,5;0,014467997;61,716;94168,8;70902;0
21/07/2007;0;27;-0,001517705;61,536;85035,6;67698;0
22/07/2007;0;28,5;0,019860191;61,386;73803,6;68256;0
23/07/2007;0;29,5;-0,014211634;61,177;96904,8;69249,6;0
24/07/2007;0;28,5;0,03119292;61,028;88693,2;68569,2;0
25/07/2007;0;27,5;0,020244345;60,879;84866,4;65943,6;0
26/07/2007;0;27;0,012585243;60,731;80082;61801,2;0
27/07/2007;0;28,5;-0,001715007;60,553;91310,4;65419,2;0
28/07/2007;0;29;0,022070003;60,405;82044;66430,8;0
29/07/2007;0;28;-0,025442225;60,227;71402,4;61372,8;0
30/07/2007;0;28;-0,001909366;60,05;88934,4;65527,2;0
31/07/2007;0;29;0,029564625;59,903;88736;67820,8;0
01/08/2007;0;30;0,022259486;59,756;83617,2;63903,6;0
02/08/2007;0;30;-0,00504357;59,58;84571,2;64101,6;0
03/08/2007;0;28;0,000652298;59,404;94363,2;69120;0
04/08/2007;0;27,5;0,014407307;59,258;80827,2;65847,6;0
05/08/2007;0;27;-0,003522231;59,112;69771,6;62204,4;0
06/08/2007;0;27,5;-0,000552981;58,937;91908;67107,6;0
07/08/2007;0;27;0,024147547;58,792;85316,4;69296,4;0
08/08/2007;0;27;0,003767969;58,617;86540,4;71337,6;0
09/08/2007;0;26,5;-0,001215605;58,443;84819,6;74354,4;0
10/08/2007;0;27,5;-0,019474243;58,241;87062,4;78127,2;0
11/08/2007;0;30;0,007441479;58,068;86385,6;73292,4;0
12/08/2007;0;28,5;0,031463829;57,924;76420,8;72266,4;0
13/08/2007;0;27;0,011368513;57,751;87501,6;74739,6;0
14/08/2007;0;27,5;-0,038902877;57,521;90223,2;81669,6;0
15/08/2007;0;30,5;-0,010853487;57,321;82983,6;77850;0
16/08/2007;0;29,5;0,015049327;57,149;91368;73988;0
17/08/2007;0;27;0,042282791;57,007;91094,4;76089,6;0
18/08/2007;0;26,5;-0,023355063;56,807;86000,4;74437,2;0
19/08/2007;0;26,5;0,004813236;56,665;68572,8;62910,8;0
20/08/2007;0;26,5;0,01592753;56,495;93589,2;75621,6;0
21/08/2007;0;27,5;0,015589121;56,325;91411,2;74948,4;0
22/08/2007;0;25,5;-0,023459788;56,128;87800,4;72478,8;0
23/08/2007;0;25,5;0,033325172;55,987;83649,6;74055,6;0
24/08/2007;0;25,5;0,013904181;55,818;92167,2;74149,2;0
25/08/2007;0;27,5;-0,024646041;55,621;84985,2;73623,6;0
26/08/2007;0;29;0,018424114;55,481;71726,4;71294,4;0
27/08/2007;0;29;-0,009577232;55,285;93481,2;76176;0
28/08/2007;0;28,5;0,003514152;55,118;85129,2;72835,2;0
29/08/2007;0;30;0,044039462;54,978;87202,8;73170;0
30/08/2007;0;29;-0,006239433;54,783;92606,4;73652,4;0
31/08/2007;0;26,5;-0,018591628;54,589;87786;73209,6;0
01/09/2007;0;26;0,032997508;54,451;84776,4;72385,2;0
02/09/2007;0;25,5;0,01644066;54,312;69145,2;69166,8;0
03/09/2007;0;24,5;-0,020446246;54,119;87022,8;70646,4;0
04/09/2007;0;25;0,046445174;53,982;78289,2;70182;0,02204
05/09/2007;0;25,5;0,007477029;53,817;89910;71031,6;0
06/09/2007;0;24,5;0,003721289;53,652;78742,8;74628;0
07/09/2007;0;24;-0,019537363;53,46;86576,4;70570,8;0
08/09/2007;0;24;0,001253469;53,296;81475,2;71222,4;0
09/09/2007;0;23;0,009510856;53,16;67705,2;68540,4;0
10/09/2007;13,1;23,5;0,033327799;53,024;85831,2;68533,2;0
11/09/2007;0,1;25;-0,001614876;52,888;56210,4;65952;0
12/09/2007;0,7;24;0,014373451;52,779;51818,4;65044,8;0
13/09/2007;3,2;23;0,012562285;52,671;53366,4;62319,6;0
14/09/2007;0;23;0,007310056;52,535;70750,8;63363,6;0
15/09/2007;0;23;-0,019748307;52,373;68821,2;64792,8;0
16/09/2007;0;24,5;0,031254419;52,265;62161,2;65232;0
17/09/2007;0;25;-0,00455688;52,104;77774,4;64947,6;0
18/09/2007;0;24,5;0,023152747;51,969;78465,6;66794,4;0
19/09/2007;0;24;-0,01221481;51,808;72810;66592,8;0
20/09/2007;6,8;22,5;0,005936396;51,674;66434,4;65473,2;0
21/09/2007;7,4;21;0,013168274;51,594;28342,8;59745,6;0
22/09/2007;0;22,5;0,02209671;51,514;29628;63921,6;0
23/09/2007;0;23;0,026781204;51,434;31165,2;65743,2;0
24/09/2007;0;23,5;0,024449929;51,354;40611,6;53175,6;0
25/09/2007;0;24;-0,013297313;51,22;54381,6;54079,2;0
26/09/2007;0;24,5;0,022426642;51,114;62139,6;55656;0
27/09/2007;0;25;0,023983587;51,008;60278,4;54576;0
28/09/2007;7,3;22;0,031622255;50,928;53125,2;54784,8;0
29/09/2007;0;21,5;0,004243059;50,822;46918,8;56174,4;0
30/09/2007;0;23,5;0,00799389;50,716;48596,4;55083,6;0
01/10/2007;0;23;0,035908515;50,611;67730,4;62085,6;0
02/10/2007;28;20,5;0,248090103;50,716;48344,4;65030,4;0,022046
03/10/2007;0,2;20,5;0,061705761;50,663;29919,6;77914,8;0
04/10/2007;0;20,5;0,075949518;50,611;22251,6;98038,8;0
05/10/2007;0;21;0,02031553;50,479;36216;104234,4;0
06/10/2007;0;22;0,042909549;50,373;42458,4;97761,6;0
07/10/2007;0;22,5;0,044711602;50,268;37382,4;103651,2;0
08/10/2007;0;22,5;0,009921985;50,137;56811,6;77022;0
09/10/2007;0;22,5;-0,005077058;50,005;48070,8;68630,4;0
10/10/2007;0;22;0,031152451;49,901;61394,4;65120,4;0
11/10/2007;0;19,5;-0,000925031;49,77;60004,8;61185,6;0
12/10/2007;0;19,5;0,002739369;49,639;55569,6;69300;0
13/10/2007;0;21;0,028309128;49,535;58723,2;64728;0
14/10/2007;3,2;20;0,082459921;49,509;41565,6;64810,8;0
15/10/2007;12,1;20;0,053070395;49,457;44575,2;55029,6;0
16/10/2007;0;21,5;0,031444978;49,379;43257,6;57607,2;0
17/10/2007;0;20,5;0,02206264;49,301;44924,4;49683,6;0
18/10/2007;0;20;0,025589625;49,223;44668,8;52693,2;0
19/10/2007;0;20;0,012592192;49,119;55425,6;57020,4;0
20/10/2007;0;18,5;-0,004394319;48,99;59216,4;59180,4;0
21/10/2007;0;18,5;0,004721359;48,886;46454,4;56066,4;0
22/10/2007;0;20,5;0,026131407;48,783;59266,8;54900;0
23/10/2007;0;22,5;0,026468789;48,68;60253,2;53240,4;0
24/10/2007;7,3;17,5;0,027765585;48,577;41590,8;86601,6;0
25/10/2007;0;16,5;0,035615808;48,474;33948;99014,4;0
26/10/2007;0;17;0,032229647;48,345;47998,8;107330,4;0
27/10/2007;0;18;0,033893434;48,217;43693,2;112053,6;0
28/10/2007;0;18,5;0,02980476;48,089;42861,6;107272,8;0
29/10/2007;0;19,5;0,031321021;47,936;59562;112766,4;0
30/10/2007;0;19;0,032276858;47,809;62776,8;80197,2;0
31/10/2007;0;15;0,015844445;47,681;63975,6;74782,8;0
01/11/2007;0;15,5;0,033240297;47,58;54583,2;74070;0
02/11/2007;0;16,5;0,059909434;47,503;59533,2;71794,8;0
03/11/2007;0;16,5;0,010177671;47,377;61207,2;69145,2;0
04/11/2007;0;16,5;0,020968586;47,275;51120;66031,2;0
05/11/2007;0;16,5;0,009528935;47,149;65415,6;64810,8;0
06/11/2007;0;16;0,073270788;47,048;59187,6;61873,2;0,0481668
07/11/2007;0;17,5;0,010794168;46,947;41806,8;64699,2;0
08/11/2007;0;17;0,009347235;46,847;41302,8;63266,4;0
09/11/2007;0;16;0,022802537;46,746;64080;57211,2;0
10/11/2007;0;18;0,023713872;46,646;63079,2;56120,4;0
11/11/2007;0;16,5;0,01093523;46,545;53884,8;54043,2;0
12/11/2007;0;16,5;-0,002658066;46,42;59490;59601,6;0
13/11/2007;0;15,5;0,020800052;46,32;56455,2;61848;0
14/11/2007;0;17;0,033015713;46,22;64126,8;57668,4;0
15/11/2007;0;16,5;0,007522539;46,096;59698,8;64854;0
16/11/2007;0;14,5;0,017708602;45,972;60926,4;76060,8;0
17/11/2007;0;14;0,049741364;45,897;57718,8;63547,2;0
18/11/2007;0;14,5;0,015550109;45,798;54169,2;57654;0
19/11/2007;0;16;-0,008695445;45,624;54388,8;105969,6;0
20/11/2007;32,4;16;0,156962508;45,624;40892,4;115822,8;0
21/11/2007;14,6;15;0,114678028;45,649;21412,8;62575,2;0
22/11/2007;0,2;13,5;0,08267271;45,649;20671,2;59032,8;0
23/11/2007;0,2;13;0,073840263;45,624;24314,4;69332,4;0
24/11/2007;0;13;0,027855807;45,55;22806;72626,4;0
25/11/2007;0;14,5;0,047855731;45,501;21466,8;72673,2;0
26/11/2007;0;13,5;0,054879419;45,451;26881,2;72817,2;0
27/11/2007;0;12;0,042516215;45,377;33591,6;80460;0
28/11/2007;0;13;0,037455662;45,304;34516,8;73969,2;0
29/11/2007;0;13,5;0,041593888;45,23;36270;74404,8;0
30/11/2007;0;12,5;0,047763709;45,156;40237,2;79315,2;0
01/12/2007;0;15;0,046081703;45,058;50752,8;85968;0
02/12/2007;0;14,5;0,047976876;44,984;43164;74646;0
03/12/2007;0;16,5;0,024200904;44,886;51699,6;60465,6;0
04/12/2007;0;15,5;0,044380729;44,813;54990;58478,4;0
05/12/2007;0;14;0,020957586;44,715;52009,2;63774;0
06/12/2007;0;14;0,050591976;44,642;41187,6;79477,2;0
07/12/2007;0;15;0,024464562;44,52;55591,2;80402,4;0
08/12/2007;0;19,5;0,069075649;44,447;52437,6;74556;0
09/12/2007;0;18;0,063249492;44,374;54691,2;71352;0
10/12/2007;0;14;-0,044927819;44,18;66866,4;76874,4;0
11/12/2007;0;12,5;0,000115892;44,034;44251,2;76924,8;0,0213124
12/12/2007;0;13;0,049105361;43,962;57682,8;60282;0
13/12/2007;0;11,5;0,006665973;43,865;53254,8;48481,2;0
14/12/2007;0;11,5;0,021957141;43,793;48477,6;42105,6;0
15/12/2007;0;10,5;0,018764062;43,697;62676;48718,8;0
16/12/2007;0;9,5;0,022133699;43,624;44830,8;48139,2;0
17/12/2007;0,2;7,5;-0,00158977;43,528;47440,8;46249,2;0
18/12/2007;0;12;0,006589846;43,456;32623,2;41889,6;0
19/12/2007;0;12;0,004890962;43,384;32656;41839,2;0
20/12/2007;0;12;0,033866838;43,337;37634,4;42274,8;0
21/12/2007;3,9;12,5;0,011620437;43,265;40788;40680;0
22/12/2007;3,5;11,5;0,01581;43,217;20962,8;42847,2;0
23/12/2007;0,3;13;0,039624438;43,193;21841,2;40827,6;0
24/12/2007;0;13;0,071392914;43,193;24872,4;43653,6;0
25/12/2007;1,8;12;-0,031509424;43,098;22284;40968;0
26/12/2007;10;10,5;0,08605338;43,121;17881,2;42069,6;0
27/12/2007;0;11,5;0,024107119;43,074;21276;46969,2;0
28/12/2007;0;10;0,021953816;43,026;22557,6;45489,6;0
29/12/2007;0;9,5;-0,021364023;42,931;29736;42948;0
30/12/2007;0;9,5;0,049311158;42,907;27712,8;42267,6;0
31/12/2007;0;10,5;0,015591235;42,836;41068,8;43858,8;0
01/01/2008;0;11,5;0,003828156;42,764;31165,2;41814;0
02/01/2008;9,3;10;0,04117999;42,741;20440,8;43027,2;0
03/01/2008;7;10;0,058922101;42,741;15426;41122,8;0
04/01/2008;0;10,5;0,021211204;42,693;18669,6;45324;0
05/01/2008;0;13,5;0,026613916;42,646;19983,6;44150,4;0
06/01/2008;0;17;0,015377812;42,598;16160,4;42717,6;0
07/01/2008;0;14;0,045919189;42,575;20790;44341,2;0
08/01/2008;0,1;11;-0,006313799;42,504;21495,6;42717,6;0
09/01/2008;0;11,5;0,066523905;42,504;20847,6;44020,8;0
10/01/2008;0;11,5;-0,004085437;42,433;21067,2;44193,6;0
11/01/2008;0,3;11,5;0,024311524;42,385;26175,6;43066,8;0
12/01/2008;0;11;0,029291693;42,338;28177,2;43632;0
13/01/2008;6,5;10;-0,004119711;42,267;23698,8;42238,8;0
14/01/2008;5,7;12;0,062286063;42,267;9684;47181,6;0
15/01/2008;0;13,5;0,057993373;42,244;14706;40780,8;0,020088
16/01/2008;0;14;0,01968451;42,197;16887,6;42969,6;0
17/01/2008;0;15;0,027404579;42,15;15300;50400;0
18/01/2008;0;14,5;0,031718968;42,103;25815,6;47966,4;0
19/01/2008;0;14;0,033113817;42,056;31572;45957,6;0
20/01/2008;0;14,5;0,023451888;42,009;22827,6;44337,6;0
21/01/2008;0;14;0,005559557;41,938;33451,6;40762,8;0
22/01/2008;0;14;0,023250998;41,844;34657,2;79315,2;0
23/01/2008;0;14;0,030345411;41,774;28738,8;67863,6;0
24/01/2008;0;12,5;0,051816206;41,751;33368,4;37238,4;0
25/01/2008;0;11,5;0,010408115;41,681;33523,2;43848;0
26/01/2008;0;11;-0,011434005;41,587;35910;44323,2;0
27/01/2008;0;11,5;0,036185461;41,541;36792;42829,2;0
28/01/2008;0;12;0,019680414;41,471;43977,6;42908,4;0
29/01/2008;0;11,5;0,021299673;41,401;45255,6;43020;0
30/01/2008;0;13;0,015789514;41,331;40586,4;40788;0
31/01/2008;0;11;0,019495278;41,261;47109,6;40064,4;0
01/02/2008;0;10,5;0,00170819;41,169;41965,2;44557,2;0
02/02/2008;0;13;0,02291733;41,099;44618,4;42973,2;0
03/02/2008;0,1;12,5;0,011565337;41,03;36928,8;42480;0
04/02/2008;0;12,5;0,00342583;40,937;46306,8;41572,8;0
05/02/2008;0;13;0,027049328;40,845;47977,2;46796,4;0,020124
06/02/2008;0;13,5;0,027832923;40,776;48196,8;44028;0
07/02/2008;0;12,5;0,007285178;40,684;51908,4;42775,2;0
08/02/2008;0;13,5;0,009516184;40,592;52531,2;45079,2;0
09/02/2008;0;13;0,043165362;40,523;59612,4;47044,8;0
10/02/2008;0;13,5;-0,001588799;40,431;41540,4;44287,2;0
11/02/2008;0;10,5;-0,003077466;40,339;44366,4;42267,6;0
12/02/2008;0;12,5;0,022651842;40,271;43041,6;41209,2;0
13/02/2008;0;12,5;0,00468542;40,179;50252,4;41410,8;0
14/02/2008;0;13;0,025415623;40,111;45540;45367,2;0
15/02/2008;0,3;14;0,008155863;40,02;50637,6;45558;0
16/02/2008;0;14,5;0,020528034;39,951;40114,8;44636,4;0
17/02/2008;1;13;0,002092424;39,883;29581,2;40284;0
18/02/2008;3,1;12,5;0,041357543;39,86;23655,6;40474,8;0
19/02/2008;21,3;12;0,083441673;39,883;20084,4;39675,6;0
20/02/2008;0,1;14,5;0,042970007;39,86;21315,6;39884,4;0
21/02/2008;0;15,5;0,052514702;39,838;23565,6;46180,8;0
22/02/2008;1,1;10,5;-0,004931582;39,77;24379,2;38462,4;0
23/02/2008;12;13;0,064029948;39,77;16916,4;42804;0
24/02/2008;0;14,5;0,054835255;39,77;13773,6;40381,2;0
25/02/2008;0;14,5;0,043120121;39,747;20062,8;42202,8;0
26/02/2008;0;15,5;0,024583436;39,702;22338,4;42260,4;0
27/02/2008;0;15;0,056519543;39,679;27277,2;43635,6;0
28/02/2008;0;16;0,008551083;39,611;23716,8;44236,8;0
29/02/2008;0;16;0,054804403;39,588;25527,6;43682,4;0
01/03/2008;0;15,5;0,017002032;39,521;34599,6;44658;0
02/03/2008;0;16;0,013762418;39,453;28216,8;42487,2;0
03/03/2008;0;16,5;0,02797107;39,385;42184,8;45219,6;0
04/03/2008;0;13;0,055439831;39,318;45961,2;46818;0,0211032
05/03/2008;0;9,5;-0,005439341;39,205;49759,2;44089,2;0
06/03/2008;0;10;0,022380027;39,115;56725,2;47574;0
07/03/2008;0;17;0,016573651;39,003;62848,8;47127,6;0
08/03/2008;0;18;0,014947032;38,891;63734,4;47332,8;0
09/03/2008;0;14,5;0,024517493;38,802;56826;47088;0
10/03/2008;0;15;0,017683151;38,712;56250;42735,6;0
11/03/2008;0;20,5;0,004560409;38,601;59983,2;47563,2;0
12/03/2008;0;19;0,031568904;38,512;63108;47235,6;0
13/03/2008;0;18;0,020124879;38,423;57636;46605,6;0
14/03/2008;0;17,5;0,006075327;38,312;60757,2;49449,6;0
15/03/2008;0;17;0,036983042;38,224;60444;49273,2;0
16/03/2008;0;17,5;0,003144878;38,113;54972;48351,6;0
17/03/2008;0;17;0,03534774;38,025;63356,4;50288,4;0
18/03/2008;0;16,5;0,023770772;37,915;68202;51040,8;0
19/03/2008;7;14,5;0,00958805;37,805;58935,6;48128,4;0
20/03/2008;31,8;10,5;0,206514602;37,937;27475,2;46378,8;0
21/03/2008;0;15;0,079663242;37,937;16916,4;51296,4;0
22/03/2008;0,6;12,5;0,047246794;37,915;13773,6;46008;0
23/03/2008;0;10,5;0,04909632;37,893;20062,8;38491,2;0
24/03/2008;0;14,5;-0,010936592;37,805;28047,6;39128,4;0
25/03/2008;0;15,5;0,043531767;37,761;31845,6;43390,8;0
26/03/2008;0;15,5;0,017958731;37,673;41526;47332;0
27/03/2008;0;15;0,010619334;37,585;45590,4;44053,2;0
28/03/2008;0;19,5;0,001101718;37,476;52585,2;47901,6;0
29/03/2008;0;17;0,026402465;37,389;57736,8;46501,2;0
30/03/2008;0;17,5;0,026249894;37,323;31651,2;46213,2;0
31/03/2008;0;16,5;0,008409054;37,214;62816,4;41756,4;0
01/04/2008;0;17,5;0,007531826;37,084;62740,8;47048,4;0,01602
02/04/2008;0;15;0,027536343;36,997;58586,4;45111,6;0
03/04/2008;0;16,5;0,010495569;36,889;61246,8;45781,2;0
04/04/2008;0;16,5;0,010211944;36,781;61466,4;47026,8;0
05/04/2008;0;16;0,009521298;36,673;60436,8;47599,2;0
06/04/2008;0;18;0,034422713;36,608;42260,4;45964,8;0
07/04/2008;1,3;16,5;0,000782918;36,522;43779,6;41713,2;0
08/04/2008;19,2;14;0,044596821;36,5;25290;40662;0
09/04/2008;7,8;16,5;0,041941627;36,479;23580;37857,6;0
10/04/2008;3,3;16;0,064719214;36,479;18723,6;38905,2;0
11/04/2008;0;13;0,056673541;36,457;26812,8;41551,2;0
12/04/2008;0;16;0,016755799;36,393;26960,4;42210;0
13/04/2008;0;17,5;0,038064278;36,35;24253,2;42876;0
14/04/2008;0;16,5;0,027344038;36,286;39787,2;41706;0
15/04/2008;0;16;0,045439162;36,243;35402,4;43621,2;0
16/04/2008;0;15;7,73247E-05;36,157;40892,4;41338,8;0
17/04/2008;1,5;16;0,007216464;36,093;28033,2;36993,6;0
18/04/2008;5;15;0,052053735;36,072;22741,2;40924,8;0
19/04/2008;30,7;12;0,229862251;36,243;21254,4;34398;0
20/04/2008;17,1;12,5;0,784268762;36,975;14716,8;35168,4;0
21/04/2008;0;15,5;0,549099882;37,454;18410,4;41641,2;0
22/04/2008;0;18,5;0,247111252;37,629;21020,4;37288,8;0
23/04/2008;0;19;0,222404528;37,783;20098;38862;0
24/04/2008;0;20;0,14528962;37,849;28000,8;40294,8;0
25/04/2008;0;21;0,11363047;37,871;36756;41896,8;0
26/04/2008;0;19;0,105578307;37,871;49546,8;44373,6;0
27/04/2008;0;18;0,091004426;37,871;36514,8;43491,6;0
28/04/2008;0;19;0,088833987;37,849;51753,6;44348,4;0
29/04/2008;0;20;0,045908934;37,783;53622;42253,2;0
30/04/2008;0;21,5;0,04583021;37,717;54648;41166;0
01/05/2008;0;21,5;0,032874047;37,651;45334,8;42800,4;0
02/05/2008;0;18;0,030408259;37,563;59893,2;46260;0
03/05/2008;0;20,5;0,044955425;37,498;55281,6;46148,4;0
04/05/2008;0;22;0,051117441;37,454;41774,4;43513,2;0
05/05/2008;0;20,5;0,000306261;37,345;56847,6;44827,2;0
06/05/2008;0;20,5;0,015672056;37,236;59202;45572,4;0,0155448
07/05/2008;0;20,5;0,045016043;37,171;54828;42361,2;0
08/05/2008;2,3;18;-0,003123886;37,084;40428;40626;0
09/05/2008;1,6;17;0,069512834;37,062;38476;44139,6;0
10/05/2008;2,5;16;0,005722685;36,975;44737,2;40834,8;0
11/05/2008;1,8;17;0,035112866;36,932;29988;39247,2;0
12/05/2008;0,9;19,5;0,029673598;36,867;41644,8;44377,2;0
13/05/2008;0;19,5;0,026134809;36,781;54000;45824,4;0
14/05/2008;0;19,5;0,02084744;36,694;53344,8;42426;0
15/05/2008;0;19;0,038324754;36,63;48596,4;43819,2;0
16/05/2008;0;19;0,026378339;36,543;55670,4;44802;0
17/05/2008;0;21,5;-0,002514184;36,415;63759,6;44985,6;0
18/05/2008;1,2;20;0,017852443;36,329;44679,6;45457,2;0
19/05/2008;0;19;0,031798153;36,243;58309,2;45579,6;0
20/05/2008;0;20,5;0,019173645;36,136;64641,6;46580,4;0
21/05/2008;0;23;0,016611972;36,029;63014,4;46526,4;0
22/05/2008;0;24;0,022832391;35,923;66376,8;45856,8;0
23/05/2008;0;23;-0,013826387;35,774;70441,2;50299,2;0
24/05/2008;0;18;0,006601154;35,647;71175,6;46965,6;0
25/05/2008;0;17,5;0,025158855;35,562;53863,2;43819,2;0
26/05/2008;0;18;0,023862892;35,457;71071,2;49348,8;0
27/05/2008;0,9;18,5;-0,011996172;35,33;60534;45414;0
28/05/2008;0;18;0,035284108;35,246;61840,8;46508,4;0
29/05/2008;0;21,5;0,001374411;35,12;64087,2;50068,8;0
30/05/2008;0,6;20,5;0,040079094;35,036;68310;47808;0
31/05/2008;0;20,5;-0,018625991;34,889;70315,2;46148,4;0
01/06/2008;0;21;0,028340705;34,806;54882;46861,2;0
02/06/2008;0;23,5;0,011816309;34,681;69156;50382;0
03/06/2008;0;22,5;0,045085745;34,556;72925,2;53312,4;0,0315936
04/06/2008;0;21,5;-0,008814949;34,411;70243,2;53305,2;0
05/06/2008;0;23,5;0,013831792;34,287;66585,6;53470,8;0
06/06/2008;0;22,5;0,021560529;34,163;76874,4;55281,6;0
07/06/2008;0;21;0,011263186;34,039;76651,2;51822;0
08/06/2008;0;21,5;0,001123211;33,916;60242,4;50331,6;0
09/06/2008;2;21,5;-0,005501357;33,772;77770,8;50695,2;0
10/06/2008;0;20,5;0,026761584;33,67;70214,4;48124,8;0
11/06/2008;0;21,5;0,014797153;33,547;75805,2;50166;0
12/06/2008;0;23;-0,007357395;33,405;70714,8;51523,2;0
13/06/2008;0;27;0,005622593;33,263;77331,6;55080;0
14/06/2008;0;26;0,020455045;33,141;74476,8;52599,6;0
15/06/2008;0;27;0,016614606;33,02;67568,4;51674,4;0
16/06/2008;0;26;0,020314102;32,879;84283,2;55285,2;0
17/06/2008;0;25;0,007247615;32,738;79372,8;53211,6;0
18/06/2008;0;23,5;0,005365894;32,597;79221,6;53125,2;0
19/06/2008;0;24,5;0,001333255;32,457;73785,6;53366,4;0
20/06/2008;0;25;0,015935535;32,318;81410,4;58186,8;0
21/06/2008;0;25;0,004854173;32,178;76557,6;53992,8;0
22/06/2008;0;25,5;-0,003816439;32,04;67035,6;54864;0
23/06/2008;0;26;0,01521438;31,901;85190,4;55587,6;0
24/06/2008;0;27,5;-0,001461644;31,743;82962;56044,8;0
25/06/2008;0;27,5;0,021139053;31,605;87228;56980,8;0
26/06/2008;0;28;-0,007611342;31,448;75708;57621,6;0
27/06/2008;0;28;0,007240638;31,292;87357,6;61045,2;0
28/06/2008;0;27,5;0,003018296;31,136;83016;61405,2;0
29/06/2008;0;27,5;0,0047053;31;68544;57798,06;0
30/06/2008;0;27,5;0,009538353;30,845;91101,6;59698,8;0
01/07/2008;0;27,5;0,016955453;30,69;82119,6;59551,2;0,0148536
02/07/2008;0;28;0,004887473;30,536;84247,2;59065,2;0
03/07/2008;0;29;0,000770476;30,363;85482;64720,8;0
04/07/2008;0;27,5;0,01581436;30,21;91465,2;64360,8;0
05/07/2008;0;29,5;-0,009013378;30,039;85791,6;60588;0
06/07/2008;0;30;0,00813157;29,887;77162,4;61909,2;0
07/07/2008;0;28,5;0,026719889;29,735;95763,6;65178;0
08/07/2008;0;26,5;-0,009039101;29,565;85489,2;63410,4;0
09/07/2008;0;27;0,008982867;29,415;89380,8;59457,6;0
10/07/2008;0;29,5;0,007922372;29,265;84816;59248,8;0
11/07/2008;0;32;0,011694697;29,096;93722,4;62528,4;0
12/07/2008;0;30;-0,006761193;28,91;91213,2;63493,2;0
13/07/2008;0;27;0,003713785;28,762;80712;60256,8;0
14/07/2008;0;27;0,01739847;28,614;89964;62323,2;0
15/07/2008;0;25;-0,012039988;28,448;84492;60084;0
16/07/2008;0;25,5;0,009393785;28,301;85057,2;59965,2;0
17/07/2008;0;26,5;0,015554084;28,154;87584,4;63086,4;0
18/07/2008;0;26,5;-0,000626417;27,99;89316;62035,2;0
19/07/2008;0;28;0,019584769;27,844;90784,8;62816,4;0
20/07/2008;0;28,5;0,003943473;27,699;78552;58989,6;0
21/07/2008;0;30;0,004322282;27,537;90486;62492,4;0
22/07/2008;0;27;0,010020585;27,393;83581,2;61812;0
23/07/2008;0;28;-0,01213733;27,213;90651,6;65217,6;0
24/07/2008;0;29;0,022088637;27,07;86374,8;61585,2;0
25/07/2008;0;32;-0,003322674;26,874;104450,4;65491,2;0
26/07/2008;0;32;-0,012144751;26,679;98881,2;65761,2;0
27/07/2008;0;30;0,037859373;26,556;86281,2;60649,2;0
28/07/2008;0;28;-0,003284989;26,38;94266;65455,2;0
29/07/2008;0;28;0,024775194;26,239;89258,4;64090,8;0
30/07/2008;0;27,5;-0,009267183;26,065;92120,4;61632;0
31/07/2008;0;29,5;-0,006934977;25,891;85100,4;60962,4;0
01/08/2008;0;30,5;0,009158512;25,718;97801,2;65862;0
02/08/2008;0;29;0,023868797;25,579;88182;65556;0
03/08/2008;0;28;-0,021420302;25,407;77112;62830,8;0
04/08/2008;0;29;0,006688927;25,253;86246,96;62477,62;0
05/08/2008;0;30;-0,007658974;25,083;86246,96;62477,62;0
06/08/2008;0;30;0,009289731;24,93;86246,96;62477,62;0
07/08/2008;0;31,5;0,000493535;24,761;86246,96;62477,62;0
08/08/2008;0;29,5;-0,022821183;24,575;86246,96;62477,62;0
09/08/2008;0;27,5;-0,005551542;24,407;86246,96;62477,62;0
10/08/2008;0;27,5;0,045240998;24,29;86246,96;62477,62;0
11/08/2008;0;29,5;0,014186937;24,141;86246,96;62477,62;0
12/08/2008;0;32,5;-0,030428795;23,942;86246,96;62477,62;0
13/08/2008;0;30,5;-0,005253385;23,776;86246,96;62477,62;0
14/08/2008;0;29;-0,033529485;23,579;86246,96;62477,62;0
15/08/2008;0;27;-0,014968045;23,399;86246,96;62477,62;0
16/08/2008;0;25,5;-0,001584389;23,237;86246,96;62477,62;0
17/08/2008;0;28;0,015017419;23,091;86246,96;62477,62;0
18/08/2008;0;27,5;-0,004256489;22,929;86246,96;62477,62;0
19/08/2008;0;28;0,001072125;22,769;86246,96;62477,62;0
20/08/2008;0;27,5;0,030792185;22,641;86246,96;62477,62;0
21/08/2008;0;27,5;0,012046874;22,497;86246,96;62477,62;0
22/08/2008;0;28;-0,017562275;22,322;86246,96;62477,62;0
23/08/2008;0;27,5;0,015876999;22,18;86246,96;62477,62;0
24/08/2008;0;27;-0,000634224;22,022;86246,96;62477,62;0
25/08/2008;0;27,5;-0,029741788;21,834;86246,96;62477,62;0
26/08/2008;0;27,5;0,018220606;21,694;86246,96;62477,62;0
27/08/2008;0;27;0,002713951;21,539;86246,96;62477,62;0
28/08/2008;0;27;0,001131325;21,384;86246,96;62477,62;0
29/08/2008;0;26;-0,013290388;21,214;86246,96;62477,62;0
30/08/2008;0;26,5;0,021054342;21,077;86246,96;62477,62;0
31/08/2008;0;28,5;-0,000198146;20,939;71462,86;51867;0
01/09/2008;0;27;-0,0486695;20,757;71462,86;51867;0
02/09/2008;0;25,5;-0,004218778;20,621;71462,86;51867;0
03/09/2008;0;25,5;-0,034710799;20,455;71462,86;51867;0
04/09/2008;0;26;-0,016503852;20,305;71462,86;51867;0
05/09/2008;0;26;-0,007245431;20,171;71462,86;51867;0
06/09/2008;0;26;-0,033854594;20,007;71462,86;51867;0
07/09/2008;0;26,5;-0,013345418;19,86;71462,86;51867;0
08/09/2008;0;26,5;-0,002472238;19,727;71462,86;51867;0
09/09/2008;8,1;27;-0,009889749;19,58;71462,86;51867;0,0072
10/09/2008;1,8;25;0,072482144;19,522;71462,86;51867;0
11/09/2008;0;26,5;0,014619605;19,405;71462,86;51867;0
12/09/2008;0;26,5;0,018302095;19,304;63651,6;52171,2;0
13/09/2008;0;23;0,008119502;19,188;67672,8;49802,4;0
14/09/2008;0;23;0,027852738;19,101;59266,8;49392;0
15/09/2008;0;23,5;3,92528E-05;18,972;71438,4;50284,8;0
16/09/2008;0;23,5;0,011211917;18,857;69091,2;50832;0
17/09/2008;0;23;-0,025209933;18,715;63950,4;47718;0
18/09/2008;0;24;0,010744628;18,615;59742;47599,2;0
19/09/2008;0;25,5;-0,014002729;18,474;69753,6;51174;0
20/09/2008;0;24;0,02245223;18,375;68313,6;48495,6;0
21/09/2008;0;25;0,026163358;18,291;55011,6;49399,2;0
22/09/2008;16,6;24;-0,014186084;18,151;71528,4;48420;0
23/09/2008;23,2;20,5;0,04718583;18,123;28576,8;42562,8;0
24/09/2008;0;23,5;0,024760592;18,067;30409,2;43945,2;0
25/09/2008;4,8;21,5;0,009542167;17,998;31136,4;44071,2;0
26/09/2008;9,6;20,5;0,034485012;17,956;30841,2;41065,2;0
27/09/2008;2,9;19,5;0,026683816;17,914;26020,8;41000,4;0
28/09/2008;1,7;19;0,008552199;17,859;20538;41216,4;0
29/09/2008;0;20,5;0,016913363;17,804;27802,8;40107,6;0
30/09/2008;0;20;-0,01749847;17,707;29887,2;43423,2;0
01/10/2008;0;19,5;0,050970996;17,68;29228,4;44481,6;0
02/10/2008;0;21;0,000389909;17,597;34081,2;43963,2;0
03/10/2008;0;22;-0,000220115;17,501;40698;45928,8;0
04/10/2008;0;19,5;-0,039551793;17,365;47908;44053,2;0
05/10/2008;0;19,5;0,009796312;17,284;41799,6;44658;0
06/10/2008;0;20;0,013959433;17,189;56779,2;46774,8;0
07/10/2008;0;21;-0,007798254;17,081;49946,4;44870,4;0
08/10/2008;0;20,5;0,009943782;16,987;50583,6;45309,6;0
09/10/2008;0,7;19;-0,00509355;16,893;39571,2;46393,2;0
10/10/2008;1,6;25;0,007514544;16,813;39157,2;43156,8;0
11/10/2008;0;25;0,017511656;16,733;45795,6;42674,4;0
12/10/2008;0;23;-0,017154058;16,627;40273,2;44996,4;0
13/10/2008;0,3;22;0,060551475;16,587;51087,6;45363,6;0
14/10/2008;12,2;15;0,004602748;16,521;26596,8;42818,4;0
15/10/2008;0;19,5;0,01166323;16,455;24930;49442,4;0
16/10/2008;0;19,5;0,015609937;16,402;23454;40820,4;0
17/10/2008;0;22,5;0,011567776;16,337;26870,4;45241,2;0
18/10/2008;0;20,5;0,012437014;16,271;35082;40870,8;0
19/10/2008;0;19,5;0,003983227;16,206;30078;37209,6;0
20/10/2008;0;21,5;0,013415817;16,141;36705,6;37936,8;0
21/10/2008;0;20,5;0,008872203;16,063;42544,8;40435,2;0
22/10/2008;9;17;0,029738158;16,024;27619,2;40471,2;0
23/10/2008;0,2;21;-0,006252711;15,959;18644,4;38422,8;0
24/10/2008;0;19,5;0,014697843;15,908;23090,4;39124,8;0
25/10/2008;0;19,5;0,011361633;15,843;30164,4;42980,4;0
26/10/2008;0;22;0,008461605;15,779;25329,6;41997,6;0
27/10/2008;0;20;0,02406533;15,728;31122;40996,8;0
28/10/2008;6,9;12,5;-0,005223024;15,651;27050,4;41533,2;0
29/10/2008;0;11,5;0,010228557;15,587;28141,2;41882,4;0
30/10/2008;7,5;13;0,014643208;15,523;31755,6;43455,6;0
31/10/2008;92;12;3,266804268;18,729;20847,6;39672;0
01/11/2008;17,5;11;0,964898143;19,624;19814,4;47448;0
02/11/2008;0;13;0,48463587;20,052;17276,4;37134;0
03/11/2008;0;12;0,217322338;20,201;20779,2;46947;0
04/11/2008;0,3;12,5;0,146598646;20,275;22334,4;46216,8;0,0003132
05/11/2008;0;14;0,13034803;20,335;20052;45507,6;0
06/11/2008;0;15,5;0,141849927;20,41;22165,2;39585,6;0
07/11/2008;0;15;0,121429125;20,455;22161,6;51264;0
08/11/2008;0;15;0,117674766;20,5;24537,6;45129,6;0
09/11/2008;0;15;0,045604611;20,47;20872,8;52628,4;0
10/11/2008;0;14,5;0,11316682;20,515;25560;39898,8;0
11/11/2008;0;14;0,019134485;20,485;17694;23083,2;0,005802
12/11/2008;0;17;0,047566331;20,455;31028,4;39780;0
13/11/2008;0;15,5;0,056984052;20,425;28522,8;51109,2;0
14/11/2008;0;14,5;0,085844177;20,44;31921,2;35920,8;0
15/11/2008;0;13,5;0,048600712;20,41;37357,2;38394;0
16/11/2008;0;13;0,056494056;20,395;31334,4;37011,6;0
17/11/2008;0;13,5;0,059260765;20,365;38354,4;48510;0
18/11/2008;0;13;0,040994254;20,335;31240,8;37209,6;0
19/11/2008;0,8;13,5;0,053623625;20,32;34293,6;32385,6;0
20/11/2008;0;14,5;0,05452338;20,305;25830;40852,8;0
21/11/2008;0;15,5;0,049257057;20,275;35568;41000,4;0
22/11/2008;0;14,5;0,052907714;20,245;37530;42393;0
23/11/2008;0;15;0,050112728;20,216;32558,4;43423,2;0
24/11/2008;0;13;0,037624614;20,171;37879,2;39682,8;0
25/11/2008;0;10,5;0,053937452;20,141;38494,8;39492;0
26/11/2008;0,1;9;-0,000634201;20,067;31309,2;39236,4;0
27/11/2008;0;11;0,007313496;20,007;26618,4;38620,8;0
28/11/2008;13;11;0,037740975;19,963;38091,6;39506,4;0
29/11/2008;15,6;8,5;0,096559424;19,993;23515,2;39045,6;0
30/11/2008;0;8,5;0,205521861;20,141;17578,8;37562,8;0
01/12/2008;0;8,5;0,031351005;20,111;21445,2;36190;0
02/12/2008;0;9;0,051819501;20,096;19864,8;43092;0
03/12/2008;4;12;0,052896951;20,082;21520,8;40327,2;0
04/12/2008;0;13;0,122805793;20,141;21625,2;39502,8;0
05/12/2008;0;15,5;0,112232648;20,186;25538,4;38268;0
06/12/2008;0;16;0,129920306;20,245;28418,4;37875,6;0
07/12/2008;2,5;15,5;0,183872819;20,365;23806,8;37969,2;0
08/12/2008;3,2;12,5;0,246867429;20,56;16329,6;34182;0
09/12/2008;7,6;12;0,241057231;20,742;19551,6;37839,6;0
10/12/2008;0;9,5;0,352725162;21,031;19929,6;38296,8;0
11/12/2008;0;9,5;0,227662772;21,199;18284,4;36313,2;0
12/12/2008;0,4;9;0,170064497;21,307;21978;36853,2;0
13/12/2008;14,4;9;0,423308778;21,663;26553,6;37800;0
14/12/2008;1,2;7,5;0,448909503;22,054;16754,4;37695,6;0
15/12/2008;0;7;0,296001074;22,291;20509,2;34534,8;0
16/12/2008;0;9;0,177681509;22,402;21261,6;41292;0
17/12/2008;0;12;0,160608812;22,497;24213,6;35028;0
18/12/2008;0;11,5;0,178116624;22,609;26251,2;36352,8;0
19/12/2008;0;10,5;0,166951924;22,705;30240;37670,4;0
20/12/2008;0;11;0,117301508;22,753;39229,2;28790;0
21/12/2008;0;11,5;0,116822662;22,801;28724,4;38332,8;0
22/12/2008;0;10,5;0,100823812;22,833;30049,2;37810,8;0
23/12/2008;0;11;0,119410385;22,881;32094;36421,2;0
24/12/2008;0;9;0,089902565;22,897;32450,4;40647,6;0
25/12/2008;0;13;0,079942138;22,913;23018,4;38509;0
26/12/2008;0;9,5;0,10886956;22,945;33829,2;38851,2;0
27/12/2008;1,4;9;0,071313365;22,945;33022,8;37807,2;0
28/12/2008;3,1;10;0,108221591;22,994;21258;37479,6;0
29/12/2008;0;10,5;0,092820939;23,026;21996;38502;0
30/12/2008;0;12;0,078669634;23,042;24433,2;37267,2;0
31/12/2008;0,4;12;0,077139661;23,058;21294;38714,4;0
01/01/2009;0;13,5;0,093513479;23,091;20991,6;37904,4;0
02/01/2009;5,7;12,5;0,076461635;23,107;21567,6;38570,4;0
03/01/2009;4,4;13;0,18764013;23,237;18500,4;37353,6;0
04/01/2009;0;11;0,182485741;23,367;16999,2;33368,4;0
05/01/2009;0;11;0,137126288;23,448;18648;35355,6;0
06/01/2009;0;9,5;0,103478375;23,497;17272,8;34099,2;0
07/01/2009;0;6,5;0,1163057;23,547;27644,4;34077,6;0
08/01/2009;3,7;4,5;0,092624087;23,579;23119,2;37177,2;0
09/01/2009;0;5,5;0,084611507;23,596;25275,6;39877,2;0
10/01/2009;24,4;6;0,169905695;23,694;30502,8;36637,2;0
11/01/2009;0;7,5;0,125523397;23,76;21290,4;36093;0
12/01/2009;0;8;0,145975199;23,842;24120;37875,6;0
13/01/2009;1,1;9,5;0,140926406;23,925;19674;35442;0
14/01/2009;0;9,5;0,142487242;24,008;20358;37141,2;0
15/01/2009;0;10;0,106575704;24,057;19040,4;35881,2;0
16/01/2009;0;8,5;0,107641571;24,107;20145,6;36831,6;0
17/01/2009;0;10;0,113980374;24,157;24624;36529,2;0
18/01/2009;0;13,5;0,095821228;24,19;22060,8;36266,4;0
19/01/2009;4;13;0,099583867;24,224;23792,4;40125,6;0
20/01/2009;0;7,5;0,163823363;24,324;20527,2;37450,8;0
21/01/2009;0;6,5;0,104761837;24,341;45691,2;37893,6;0
22/01/2009;2,1;12,5;0,152060705;24,424;29660,4;38898;0
23/01/2009;0,4;16;0,691862176;25,049;22532,4;37357,2;0
24/01/2009;0;14,5;0,510798336;25,493;26424;37623,6;0
25/01/2009;2,4;10;0,456418493;25,891;18032,4;38476,8;0
26/01/2009;0,5;9;0,451125526;26,274;27133,2;37314;0
27/01/2009;0;10;0,329969537;26,538;23439,6;37947,6;0
28/01/2009;0;14,5;0,325955518;26,786;32583,6;38458,8;0
29/01/2009;0;14;0,253904727;26,963;31748,4;38926,8;0
30/01/2009;15,5;9,5;0,304001989;27,375;19638;41302,8;0
31/01/2009;98;8;6,146989062;33,466;29930,4;24022,8;0
01/02/2009;3,5;10;3,651057388;37,04;67190,4;7480,8;0
02/02/2009;5,5;10;1,389543743;38,357;34617,6;34156,8;0
03/02/2009;21,1;10;2,265102898;40,569;13957,2;36849;0
04/02/2009;39,5;8,5;8,060905362;48,577;14518,8;31953,6;0
05/02/2009;0,2;9;2,642544703;51,167;16394,4;35618,4;0
06/02/2009;0;8;1,401742031;52,508;16833,6;36608,4;0
07/02/2009;0;9,5;1,032631469;53,488;12157,2;33634,8;0
08/02/2009;0;14,5;0,887771011;54,312;15044,4;38228,4;0
09/02/2009;0;13;0,729558527;54,923;11563,2;25534,8;0,072
10/02/2009;0;12,5;0,6774798;55,537;17164,8;39589,2;0
11/02/2009;0;12,5;0,540647921;56,015;19688,4;37605,6;0
12/02/2009;0;12;0,543857491;56,495;19936,8;37404;0
13/02/2009;0;11,5;0,458726939;56,893;20062,8;37818;0
14/02/2009;0;12;0,427109868;57,264;15393,6;37000,8;0
15/02/2009;0;10;0,401345078;57,607;20484;34992;0
16/02/2009;0;9;0,345350401;57,895;20419,2;34916,4;0
17/02/2009;0;10,5;0,323257459;58,154;22089,6;36972;0
18/02/2009;0;12;0,299045563;58,385;26593,2;35085,6;0
19/02/2009;0;11;0,271878644;58,588;23756,4;41061,6;0
20/02/2009;0;10,5;0,275015434;58,792;26485,2;40751,2;0
21/02/2009;0;11;0,238622323;58,966;21337,2;39207,6;0
22/02/2009;0;12;0,244149589;59,141;26200,8;36820,8;0
23/02/2009;0;12;0,21305629;59,287;24894;36316,8;0
24/02/2009;0;12,5;0,250245016;59,463;27853,2;37314;0
25/02/2009;0;12,5;0,245425864;59,639;24109,2;40035,6;0
26/02/2009;2,9;12;0,215214592;59,785;27734,4;38541,6;0
27/02/2009;0,2;12;0,24139384;59,962;23384,2;40420,8;0
28/02/2009;0,6;12,5;0,234094249;60,139;17593,2;37141,2;0
01/03/2009;23,7;12;0,264879285;60,346;16945,2;37090,8;0
02/03/2009;9,1;11;0,971134621;61,177;11678,4;34236;0,08736
03/03/2009;0,2;12,5;1,013145784;62,137;15566,4;33361,2;0
04/03/2009;1,3;12;1,463281594;63,533;15105,6;35668,8;0
05/03/2009;0;13;0,639914664;64,116;16855,2;36676,8;0
06/03/2009;0;17,5;0,543287014;64,578;23223,6;40143,6;0
07/03/2009;0;16,5;0,498478795;65,012;20412;35067,6;0
08/03/2009;0;14,5;0,415587286;65,354;24710,4;42649,2;0
09/03/2009;0;12,5;0,358162563;65,634;30704,4;42462;0
10/03/2009;0;13,5;0,298751041;65,853;26665,2;44636,4;0
11/03/2009;0;13,5;0,299031675;66,072;26744,4;42624;0
12/03/2009;0;13,5;0,303476555;66,292;36853,2;41594,4;0
13/03/2009;0;17;0,317499535;66,513;36356,4;43448,4;0
14/03/2009;0;15,5;0,276168638;66,702;33015,6;43423,2;0
15/03/2009;0;15;0,275687178;66,891;37720,8;39481,2;0
16/03/2009;0;14;0,273601449;67,081;35658;36540;0
17/03/2009;0;14,5;0,273367683;67,271;35254,8;36370,8;0
18/03/2009;0;14;0,238671518;67,43;33609,6;38433,6;0
19/03/2009;0;15,5;0,220154991;67,558;41857,2;41068,8;0
20/03/2009;0,3;11,5;0,211627399;67,685;38167,2;42955,2;0
21/03/2009;0;11,5;0,220759496;67,844;23716,8;33894;0
22/03/2009;0;13,5;0,173594312;67,94;34282,8;35006,4;0
23/03/2009;0;15,5;0,208966448;68,068;36860,4;35470,8;0
24/03/2009;0;15,5;0,185104088;68,164;38062,8;39196,8;0
25/03/2009;0;16,5;0,156091831;68,228;36478,8;42159,6;0
26/03/2009;0;16,5;0,154122461;68,292;33447,6;46738,8;0
27/03/2009;0,1;17;0,186792165;68,388;38311,2;41252,4;0
28/03/2009;0;11;0,178675063;68,485;29919,6;36342;0
29/03/2009;0;10,5;0,122792015;68,517;46364,4;34470;0
30/03/2009;0;12;0,171387701;68,613;32961,6;34066,8;0
31/03/2009;0;14;0,152246081;68,678;35305,2;37785,6;0
01/04/2009;0;17;0,126911599;68,71;35539,2;41029,2;0
02/04/2009;0;16;0,098733052;68,71;42832,8;42062,4;0
03/04/2009;0;16,5;0,094997326;68,71;47095,2;37926;0
04/04/2009;0;17,5;0,118568981;68,742;35773,2;38563,2;0
05/04/2009;0;18;0,098444571;68,742;42498;40816,8;0
06/04/2009;0;15,5;0,094425409;68,71;45813,6;41655,6;0,0141768
07/04/2009;0;16;0,085744655;68,678;52851,6;45590,4;0
08/04/2009;0;14,5;0,09994197;68,678;43048,8;43059,6;0
09/04/2009;0;13,5;0,087360968;68,678;27327,6;43304,4;0
10/04/2009;0;14;0,08385194;68,645;52804,8;43142,4;0
11/04/2009;0;15;0,056707663;68,613;33180;42667,2;0
12/04/2009;0;16,5;0,087232021;68,581;54900;43761,6;0
13/04/2009;2,5;16,5;0,100863346;68,581;48247,2;43938;0
14/04/2009;12,2;11,5;0,106748227;68,613;29764,8;41446,8;0
15/04/2009;2,5;12,5;0,109243085;68,645;31604,4;37598,4;0
16/04/2009;3,5;14,5;0,083361942;68,645;35492,4;38221,2;0
17/04/2009;2,3;15;0,079853153;68,645;31125,6;38757,6;0
18/04/2009;0;15;0,144867157;68,71;30099,6;38826;0
19/04/2009;0;16;0,094278162;68,742;10260;33991,2;0
20/04/2009;0;20,5;0,101654722;68,774;4006,8;41497,2;0
21/04/2009;0;18,5;0,068450539;68,774;6408;44010;0
22/04/2009;0;18,5;0,078138988;68,774;13096,8;45399,6;0
23/04/2009;0;20;0,086352083;68,71;82785,6;46648,8;0
24/04/2009;0;16,5;0,064517883;68,645;63295,2;46926;0
25/04/2009;9,9;12;0,101962266;68,678;29214;37818;0
26/04/2009;0;17;0,088183412;68,678;32342,4;37825,2;0
27/04/2009;0;16,5;0,097432477;68,678;37371,6;40114,8;0
28/04/2009;0;19,5;0,07533434;68,645;44398,8;43030,8;0
29/04/2009;0;19;0,085863987;68,613;50767,2;45234;0
30/04/2009;0;18,5;0,045515299;68,549;46774,8;47638,8;0
01/05/2009;0;16,5;0,085482431;68,517;50263,2;47304;0
02/05/2009;0;18,5;0,062295266;68,485;36694,8;44434,8;0
03/05/2009;0;19;0,052766331;68,42;53953,2;46162,8;0
04/05/2009;0;20,5;0,096584569;68,388;52704;39092,4;0,0175392
05/05/2009;0;20,5;0,046980489;68,324;47394;47235;0
06/05/2009;0;21;0,081151368;68,292;49629,6;44611,2;0
07/05/2009;0;19,5;0,047283911;68,228;52495,6;45655,2;0
08/05/2009;2,5;19,5;0,034263905;68,164;50864,4;41317,2;0
09/05/2009;0;21;0,037160859;68,1;40665,6;44179,2;0
10/05/2009;0;21;0,05632053;68,036;52545,6;47952;0
11/05/2009;0;21,5;0,057311869;67,972;52552,8;47350,8;0
12/05/2009;0;19;0,030991343;67,876;52196,4;47660,4;0
13/05/2009;0;19,5;0,060788285;67,812;49392;46364,4;0
14/05/2009;0;20;0,035675055;67,717;61398;46965,6;0
15/05/2009;0;21,5;0,028761758;67,621;56977,2;46767,6;0
16/05/2009;0;23;0,049750628;67,558;45954;46429,2;0
17/05/2009;0;23;0,030076216;67,462;58294,8;50612,4;0
18/05/2009;0;20;0,047275628;67,398;50486,4;51256,8;0
19/05/2009;0;22,5;0,02401519;67,303;51480;50392,8;0
20/05/2009;0;23,5;0,046813349;67,24;38923,2;51537,6;0
21/05/2009;0;24,5;0,044864903;67,145;65343,6;50432,4;0
22/05/2009;0,2;18,5;0,0307173;67,05;64393,2;48024,2;0
23/05/2009;0;19,5;0,017015793;66,955;48747,6;48715,2;0
24/05/2009;0;22;0,02669069;66,828;71596,8;54288;0
25/05/2009;0;23,5;0,038010862;66,733;61977,6;46094,4;0
26/05/2009;0;21,5;0,030431631;66,639;60987,6;49251,6;0
27/05/2009;0;21,5;0,00344487;66,513;58914;49741,2;0
28/05/2009;0;22;0,019212403;66,387;72619,2;53402,4;0
29/05/2009;0;23;0,048076039;66,292;71524,8;50806,8;0
30/05/2009;0;23,5;0,007234383;66,167;60012;52131,6;0
31/05/2009;0;25,5;0,029235947;66,041;78026,4;52754,4;0
01/06/2009;0;25;0,029799352;65,916;66499,2;49582,8;0,017424
02/06/2009;0;23;0,0342985;65,822;61488;49291,2;0
03/06/2009;0;24,5;-0,018452381;65,665;61066,8;54054;0
04/06/2009;0;22;0,028411036;65,541;75855,6;51598;0
05/06/2009;0;21,5;0,014618022;65,416;74620,8;47548,8;0
06/06/2009;0;22,5;0,007627355;65,291;60217,2;50626,8;0
07/06/2009;0;22;-0,004802092;65,136;79434;50878,8;0
08/06/2009;0;23,5;0,026409917;65,012;72126;52527,6;0
09/06/2009;0;25,5;0,025391809;64,887;78156;50230,8;0
10/06/2009;0;26,5;-0,003899716;64,733;71031,6;54003,6;0
11/06/2009;0;26,5;0,01442386;64,578;87778,8;57546;0
12/06/2009;0;27,5;0,010220399;64,424;83898;55335,6;0
13/06/2009;0;28,5;0,023878822;64,3;72752,4;52635,6;0
14/06/2009;0;29;0,014818574;64,146;87688,8;54982,8;0
15/06/2009;0;27;0,0142815;64,023;67334,4;52128;0
16/06/2009;0;25,5;-0,001198907;63,87;83883,6;51660;0
17/06/2009;0;26,5;0,016201955;63,747;72961,2;53373,6;0
18/06/2009;0;28;0,016470877;63,594;87188,4;56894,4;0
19/06/2009;0;27,5;0,007251679;63,441;84474;54399,6;0
20/06/2009;0;27;0,019252202;63,319;72172,8;51998,4;0
21/06/2009;0;26;0,002006603;63,167;88110;55846,8;0
22/06/2009;0;27;-0,006084778;63,015;79933,6;55947,6;0
23/06/2009;0;28;0,011024649;62,863;83059,2;54464,4;0
24/06/2009;0;27,5;0,018554962;62,711;81349,2;54651,6;0
25/06/2009;0;27;-0,003993141;62,529;90567,6;57790,8;0
26/06/2009;0;26,5;0,01664858;62,378;88840,8;53434,8;0
27/06/2009;0;27,5;0,003697895;62,227;75934,8;54334,8;0
28/06/2009;0;28,5;-0,004286667;62,046;92293,2;55522,8;0
29/06/2009;0;28,5;0,040186539;61,926;79394,4;57042;0
30/06/2009;0;29,5;0,015180556;61,776;85255,2;56512,8;0
01/07/2009;0;29,5;0,015047239;61,626;84985,2;55188;0
02/07/2009;0;30;-0,00122642;61,446;90450;56916;0
03/07/2009;0;32,5;0,012432008;61,267;95277,6;59432,4;0
04/07/2009;0;33,5;0,008510265;61,088;90381,6;55112,4;0
05/07/2009;0;32;-0,000459581;60,879;103698;67676,4;0
06/07/2009;0;28,5;0,023645151;60,731;65898;58039,2;0,0192096
07/07/2009;0;26,5;-0,001489024;60,553;91702,8;59623,2;0
08/07/2009;0;27;-0,003057771;60,375;93513,6;59248,8;0
09/07/2009;0;26,5;0,003181039;60,198;96951,6;59320,8;0
10/07/2009;0;27,5;0,004255757;60,021;98787,6;58899,6;0
11/07/2009;0;27;0,016880348;59,874;85777,2;55454,4;0
12/07/2009;0;29,5;0,007357358;59,697;97030,8;61491,6;0
13/07/2009;0;30;0,0173568;59,521;95158,8;58640,4;0
14/07/2009;0;30;0,008649189;59,346;92743,2;61952,4;0
15/07/2009;0;28,5;0,001628116;59,17;90108;59205,6;0
16/07/2009;0;30;-0,020825155;58,937;106988,4;65880;0
17/07/2009;0;27;0,012661968;58,763;99777,6;63345,6;0
18/07/2009;0;25,5;0,018808307;58,617;81586,8;58269,6;0
19/07/2009;0;26,5;0,005340121;58,443;98096,4;63000;0
20/07/2009;0;27;-0,003136069;58,27;90208,8;62024,4;0
21/07/2009;0;31,5;0,014831717;58,096;101944,8;60058,8;0
22/07/2009;0;32;0,020552871;57,924;99730,8;65469,6;0
23/07/2009;0;34,5;0,029885363;57,751;103485,6;63478,8;0
24/07/2009;0;30;-0,021610047;57,55;96490,8;63115,2;0
25/07/2009;0;27,5;0,017070267;57,407;85118,4;59493,6;0
26/07/2009;0;28,5;0,0130692;57,235;98550;61376,4;0
27/07/2009;0;29,5;0,002347731;57,064;93585,6;62082;0
28/07/2009;0;29;-0,016767471;56,864;96195,6;62568;0
29/07/2009;0;31,5;0,033998885;56,722;90054,4;62935,2;0
30/07/2009;0;27;-0,01920842;56,524;95342,4;63892,8;0
31/07/2009;0;29,5;0,010492094;56,354;93931,2;60253,2;0
01/08/2009;0;26,5;-0,006861665;56,184;82378,8;60714;0
02/08/2009;0;28;0,015344482;56,015;99655,2;63273,6;0
03/08/2009;0;27,5;-0,022705749;55,818;98272,8;64213,2;0
04/08/2009;0;28,5;0,007812458;55,649;96487,2;62647,2;0
05/08/2009;0;28,5;0,012052321;55,481;92365,2;63882;0
06/08/2009;0;30,5;0,020733003;55,313;97930,8;64807,2;0
07/08/2009;0;26,5;-0,016194247;55,118;95778;63784,8;0
08/08/2009;0;29,5;-0,00089507;54,95;84718,8;60397,2;0
09/08/2009;0;28;0,008052976;54,783;95518,8;63144;0
10/08/2009;0;29;-0,001538025;54,617;87418,8;62071,2;0
11/08/2009;0;27,5;0,015897062;54,451;96915,6;64227,6;0
12/08/2009;0;28;-0,019285292;54,257;93690;63907,2;0
13/08/2009;0;27,5;0,013479884;54,092;93880,8;66412,8;0
14/08/2009;0;28;0,008526151;53,926;92350,8;64299,6;0
15/08/2009;0;28;0,018125176;53,789;78591,6;59785,2;0
16/08/2009;0;28;-0,023303922;53,597;92736;64180,8;0
17/08/2009;0;27,5;0,004031616;53,433;87174;63360;0
18/08/2009;0;28;0,005215512;53,269;89820;61113,6;0
19/08/2009;0;28,5;0,003834509;53,105;88570,8;61290;0
20/08/2009;0;28,5;0,016996063;52,942;97707,6;65980,8;0
21/08/2009;0;27,5;0,002211045;52,779;88462,8;61286,4;0
22/08/2009;0;28,5;-0,006219662;52,617;79027,2;60238,8;0
23/08/2009;0;27;-0,011029231;52,427;97293,6;62229,6;0
24/08/2009;0;29;-0,007328179;52,238;93794,4;62276,4;0
25/08/2009;0;28;0,013267518;52,077;94078,8;61362;0
26/08/2009;0;27,5;0,007290809;51,916;90759,6;62499,6;0
27/08/2009;0;27,5;0,019194782;51,755;97358,4;65959,2;0
28/08/2009;0;27,5;-0,018042857;51,567;92286;61902;0
29/08/2009;0;29;0,020715716;51,434;76388,4;59983,2;0
30/08/2009;0;29;-0,009399129;51,247;98175,6;61588,8;0
31/08/2009;0;27,5;0,008172263;51,088;90489,6;60210;0
01/09/2009;0;28;-0,01429581;50,902;92883,6;58410;0
02/09/2009;0;29,5;0,012013689;50,743;90122,4;59727,6;0
03/09/2009;0;29;-0,010612537;50,558;94201,2;60919,2;0
04/09/2009;0;27,5;0,013273373;50,4;97909,2;59403,6;0
05/09/2009;0;27;-0,013837735;50,242;74646;57160,8;0
06/09/2009;0;27;0,004536713;50,084;93596,4;58446;0
07/09/2009;1;27;0,003732972;49,927;86853,6;60264;0
08/09/2009;0,1;24,5;-0,001783252;49,77;89380,8;57474;0
09/09/2009;0;25;-0,007330517;49,613;80348,4;57585,6;0
10/09/2009;0;24,5;0,001581327;49,457;91429,2;58604,4;0
11/09/2009;0;24,5;0,021803095;49,327;81637,2;54576;0
12/09/2009;0,6;24;-0,024185285;49,171;70653,6;51048;0
13/09/2009;4,6;24;0,11207891;49,145;77065,2;51163,2;0
14/09/2009;0;22,5;-0,007697023;48,99;71100;51044,4;0,011706
15/09/2009;0;22;0,009924781;48,86;79005,6;52912,8;0
16/09/2009;4,7;19,5;-0,001092889;48,731;70718,4;48164,4;0
17/09/2009;0;18,5;0,008389721;48,603;78242,4;51969,6;0
18/09/2009;0;21;-0,014492743;48,448;80971,2;47462,4;0
19/09/2009;0;23,5;0,020530212;48,345;62877,6;45003,6;0
20/09/2009;0;23;-0,006189459;48,192;84798;47419,2;0
21/09/2009;0;22;0,006164453;48,064;73843,2;47797,2;0
22/09/2009;0;23;0,005445821;47,936;74178;47275,2;0
23/09/2009;0;22,5;0,025212756;47,834;71334;45176,4;0
24/09/2009;0;23;-0,008802382;47,681;82706,4;48013,2;0
25/09/2009;8,6;21;0,029389913;47,605;59562;44049,6;0
26/09/2009;17,5;21;0,030313524;47,554;34758;39193,2;0
27/09/2009;0,2;20;0,011267003;47,478;45302,4;38667,6;0
28/09/2009;1,1;21;0,004095718;47,402;38746,8;34761,6;0
29/09/2009;0;22;0,008431966;44,84682301;37947,6;38653,2;0
30/09/2009;0;19;0,005561617;44,74693606;50479,2;43722;0
01/10/2009;0;27;0,033530729;44,64704911;69375,6;42577,2;0
02/10/2009;0;24,5;0,005668844;44,52219043;67863,6;40489,2;0
03/10/2009;0;25;0,019630252;44,42230348;55922,4;40953,6;0
04/10/2009;0;24;0,000261598;44,2974448;72720;42465,6;0
05/10/2009;0;25;0,018473873;44,17258611;71409,6;41774,4;0,018
06/10/2009;0;24,5;0,004115519;44,04772743;73108,8;46213,2;0
07/10/2009;0;26,5;0,005584829;43,92286874;73944;46123,2;0
08/10/2009;0;24;0,01311755;43,79801006;76557,6;49827,6;0
09/10/2009;0;23,5;0,010169952;43,67315137;76359,6;49068;0
10/10/2009;0;23;-0,007147162;43,54829269;61153,2;48448,8;0
11/10/2009;0;22,5;0,0011035;43,423434;69343,2;48769,2;0
12/10/2009;0;22,5;0,033676332;43,32697575;71110,8;51429,6;0
13/10/2009;0;21;-0,011528185;43,18228837;75200,4;48913,2;0
14/10/2009;0;20;0,009794776;43,06171556;74890,8;47422,8;0
15/10/2009;0;20;0,004270225;42,94114274;70578;48661,2;0
16/10/2009;0;19,5;0,006434237;42,82056993;71107,2;47386,8;0
17/10/2009;0;20,5;0,0160412;42,72411167;60145,2;46767,6;0
18/10/2009;0;20;0,006652386;42,60353886;71193,6;48999,6;0
19/10/2009;30,4;18;0,079170632;42,5794243;54489,6;44190;0
20/10/2009;0,3;17;0,010267272;42,50708061;36244,8;42249,6;0
21/10/2009;2,7;19,5;0,032957382;42,45885148;28864,8;41432,4;0
22/10/2009;0;20,5;-0,005919962;42,36239323;39787,2;42051,6;0
23/10/2009;0;21,5;-0,002194878;42,26593498;46256,4;38836,8;0
24/10/2009;0;22,5;0,016510363;42,19359129;42105,6;37105,6;0
25/10/2009;0;21;0,030870044;42,1212476;58435,2;38998,8;0
26/10/2009;0;20,5;0,007615161;42,02478935;61534,8;35564,4;0
27/10/2009;0;20;0,009171718;41,92833109;61534,8;40492,8;0
28/10/2009;0;20,5;0,005966994;41,83187284;58795,2;37634,4;0
29/10/2009;0;21,5;0,018856348;41,73541459;68061,6;39589,2;0
30/10/2009;0;22;0,018413797;41,63895634;68802,8;38894,4;0
31/10/2009;0;21;-0,001669367;41,54249809;50835,6;36788,4;0
01/11/2009;0;21;0,001550547;41,42192527;67665,6;38484;0
02/11/2009;0;22;-0,028775717;41,25312333;71373,6;40359,6;0,0166392
03/11/2009;0;19,5;0,034160623;41,15666508;72043,2;41475,6;0
04/11/2009;0;16;-0,005524006;41,03609226;62474,4;40957,2;0
05/11/2009;0;16,5;-0,000189002;40,9187258;66002,4;40287,6;0
06/11/2009;0;18;0,02884092;40,8254739;63518,4;42501,6;0
07/11/2009;0;15,5;-0,031105007;40,68559605;55080;42134,4;0
08/11/2009;0;15,5;0,008003618;40,56903118;70102,8;44575,2;0
09/11/2009;0;18;-0,004266104;40,4524663;62557,2;40338;0
10/11/2009;0;18;0,000792862;40,33590143;68025,6;42760,8;0
11/11/2009;0;17,5;0,015994677;40,24264953;62463,6;41626,8;0
12/11/2009;0;17,5;0,024969871;40,14939763;68065,2;44071,2;0
13/11/2009;0;20,5;-0,001307199;40,03283275;65804,4;42210;0
14/11/2009;0;21,5;0,011464284;39,93958085;55749,6;42433,2;0
15/11/2009;0;21,5;0,026320716;39,84632895;68335,2;42382,8;0
16/11/2009;0;19,5;-0,004891177;39,72976408;61081,2;46638;0
17/11/2009;0;18,5;0,009965672;39,63651218;58086;40485,6;0
18/11/2009;0;18;0,006945836;39,54326028;56574;40608;0
19/11/2009;0;17,5;0,019359133;39,45000838;63860,4;44812,4;0
20/11/2009;0;17;0,017081736;39,35675648;63860,4;41846,4;0
21/11/2009;0;16,5;0,010678432;39,26350458;53312,4;43225,2;0
22/11/2009;0;15,5;0,001205736;39,1469397;68720,4;45129,6;0
23/11/2009;0;15;-0,006296241;39,03037483;64994,4;41360,4;0
24/11/2009;0,2;15,5;0,014292673;38,93712293;62352;42663,6;0
25/11/2009;2,6;15;0,012937282;38,867184;42195,6;38613,6;0
26/11/2009;0;14;-0,008673588;38,75061913;57376,8;40885,2;0
27/11/2009;0;14;0,02565977;38,6806802;53236,8;40071,6;0
28/11/2009;18,6;10,5;0,053931616;38,65815967;30679,2;38217,6;0
29/11/2009;0;10;0,000157294;38,59059809;27057,6;34714,8;0
30/11/2009;0;11,5;0,009366564;38,5230365;21448,8;34419,6;0,0142056
01/12/2009;0;16;0,01544486;38,45547492;36237,6;40834,8;0
02/12/2009;0;14;0,004764133;38,36539281;39070,8;41644,8;0
03/12/2009;0;16;0,012076444;38,2753107;53496;37965,6;0
04/12/2009;0;13;0,003370704;38,18522858;51170,4;38646;0
05/12/2009;0;13,5;0,017971242;38,117667;45849,6;35823,6;0
06/12/2009;0;15;0,010114966;38,02758489;57398,4;38037,6;0
07/12/2009;0;18;0,028272614;37,9600233;49809,6;37418,4;0
08/12/2009;0;15;0,011130369;37,86994119;57456;41947,2;0
09/12/2009;0;14;0,001028624;37,77985908;42753,6;45421,2;0
10/12/2009;0;13;0,006573357;37,68977697;46119,6;47829,6;0
11/12/2009;0;13,5;0,018952849;37,62221538;47181,6;37080;0
12/12/2009;0;12;0,011628234;37,5546538;38372,4;37666,8;0
13/12/2009;0;7;0,001874698;37,46457169;46450,8;38314,8;0
14/12/2009;0;9,5;0,000670444;37,37448958;48675,6;36691,2;0
15/12/2009;1,3;10,5;-0,000304449;37,30692799;30880,8;35928;0
16/12/2009;0;15,5;0,027299175;37,26188694;28404;37440;0
17/12/2009;18,5;14;0,050783648;37,23936641;25635,6;40726,8;0
18/12/2009;0,2;11;0,008697095;37,19432535;17704,8;34243,2;0
19/12/2009;2,1;10;0,004863372;37,1492843;16387,2;32846,4;0
20/12/2009;67,4;12;0,29614518;37,3970101;13633,2;34337,2;0
21/12/2009;20,7;13,5;1,505675524;38,84387103;21499,2;33642;0
22/12/2009;95;14,5;3,150939185;41,92833109;33472,8;32526;0
23/12/2009;8,9;15;6,568642338;48,42890306;41047,2;24922,8;0
24/12/2009;76,1;13;6,17734776;54,5542284;16837,2;27871,2;0
25/12/2009;11;12,5;5,453909473;59,95033764;19648,8;30042;0
26/12/2009;0;13,5;1,56270263;61,44474543;18288;46033,2;0
27/12/2009;2,5;12,5;1,011303658;62,39018708;14540,4;51321,6;0
28/12/2009;2;17,5;0,808848795;63,13620961;13363,2;45097,2;0
29/12/2009;14,5;14,5;1,096921341;64,18133367;12585,6;37947,6;0
30/12/2009;6,5;12;2,02223687;66,1527501;10083,6;37177,2;0
31/12/2009;0;12;1,164784865;67,26767324;9619,2;33382,8;0
01/01/2010;0;12;0,842118253;68,0546778;13467,6;37371,6;0
02/01/2010;1,1;12,5;0,668923838;68,67772309;9835,2;34390,8;0
03/01/2010;29,3;13;2,794121949;71,42000164;19303,2;30852;0
04/01/2010;0,2;12,5;2,232312044;73,6020079;10465,2;32619,6;0
05/01/2010;26,8;11,5;1,48589515;75,02279689;10512;39963,6;0
06/01/2010;32,4;7,5;7,201916084;82,17268907;12351,6;26344,8;0
07/01/2010;0;4;1,770120246;83,88443127;14540,4;33325,2;0
08/01/2010;0;4;1,234068005;85,05839947;15552;37350;0
09/01/2010;8,5;4;1,10762725;86,11875785;12304,8;33818,4;0
10/01/2010;0;10,5;1,122760904;87,18297224;12837,6;38394;0
11/01/2010;5,9;12;1,292523272;88,35763064;9273,6;34344;0,0552
12/01/2010;7,7;14;1,615755171;89,92384184;11253,6;34747,2;0
13/01/2010;0;14;1,399356028;91,2627961;10609,2;32684,4;0
14/01/2010;0;13;0,902154167;92,10808119;12276;34984,8;0
15/01/2010;0;13;0,817721995;92,87286294;10915,2;36388,8;0
16/01/2010;0;14,5;0,728187176;93,55714134;8906,4;30956,4;0
17/01/2010;0;15;0,66515392;94,16091641;19670,4;37238,4;0
18/01/2010;0;14;0,575417102;94,68418813;16513,2;27882;0
19/01/2010;0;13;0,545646387;95,17260972;13028,4;31096,8;0
20/01/2010;0;12,5;0,512613491;95,63023231;13942,8;36118,8;0
21/01/2010;0;12;0,46961455;96,04625285;14266,8;36442,8;0
22/01/2010;3,5;10,5;0,464457225;96,46227339;12578,4;35031,6;0
23/01/2010;0,9;12,5;0,422827571;96,83669188;10173,6;35334;0
24/01/2010;25;10,5;1,063173191;97,83514117;10746;43956;0
25/01/2010;1;9,5;1,090925727;98,87519252;10098;39934,8;0
26/01/2010;2,3;9,5;0,723666368;99,55102254;9331,2;37659,6;0
27/01/2010;0;10;0,612133463;100,1065785;10825,2;35568;0
28/01/2010;0;11,5;0,463270794;100,4911941;15962,4;41846,4;0
29/01/2010;0;12;0,453176481;100,8758097;14763,6;37162,8;0
30/01/2010;0;10,5;0,404271898;101,2176903;10828,8;37882,8;0
31/01/2010;0;11;0,402660311;101,5595709;15429,6;38494,8;0
01/02/2010;0;10,5;0,372843173;101,7732462;12963,6;35899,2;0,10344
02/02/2010;14;10,5;0,437016278;102,1578619;14259,6;29538;0
03/02/2010;4,4;13;0,645727884;102,7561529;10800;35773,2;0
04/02/2010;0;15;0,490524405;103,1835036;12553,2;35463,6;0
05/02/2010;0;16;0,407541258;103,5281685;13320;33062,4;0
06/02/2010;5,7;15;0,407160374;103,8811865;11037,6;34837,2;0
07/02/2010;4;13,5;0,535596084;104,3665863;12481,2;35532;0
08/02/2010;0;12;0,808269619;105,1167495;14580;35625,6;0
09/02/2010;1,5;11,5;0,534877134;105,6021493;12877,2;33076,8;0
10/02/2010;0;10,5;0,588153747;106,1316763;12240;36219,6;0
11/02/2010;10,1;9,5;0,578520968;106,6612033;14076;30481,2;0
12/02/2010;4,4;8,5;0,975474469;107,5878755;10717,2;35852,4;0
13/02/2010;1,2;9,5;0,671210716;108,2151854;9504;32155,2;0
14/02/2010;58,5;9;4,40989437;112,5714094;10648,8;31514,4;0
15/02/2010;28,8;11,5;9,387774706;121,909872;9496,8;29084,4;0
16/02/2010;2,6;11;3,363671883;125,2290085;9680,4;31870,8;0
17/02/2010;16,6;9,5;2,784267937;127,679003;9064,8;32497,2;0,2891808
18/02/2010;0;10;2,92660356;130,1206084;11703,6;35395,2;0,420004
19/02/2010;6;10;1,73169429;131,3922779;12754,8;33980,4;0,400932
20/02/2010;13,9;10,5;1,741245319;132,6875224;9057,6;33685,2;0,4017024
21/02/2010;12,8;13;3,375598957;134,7850603;9010,8;29545,2;1,2332124
22/02/2010;0,2;15,5;2,890316403;135,9387062;10789,2;33354;1,673006
23/02/2010;0;15;1,542728371;136,5155291;14688;32482,8;0,9086796
24/02/2010;3,5;13,5;1,410197882;137,0399136;11577,6;31100,4;0,83889
25/02/2010;0;15,5;1,14994749;137,3059796;11905,2;32184;0,8339472
26/02/2010;0,6;16,5;1,053899703;137,4671688;12056,4;33296,4;0,833
27/02/2010;2,4;16,5;0,920106631;137,5208985;11476,8;30952,8;0,820224
28/02/2010;0;14;0,776445928;137,4134391;12243,6;35254,8;0,8220528
01/03/2010;16,2;11,5;1,905948794;137,7358174;12002,4;31186,8;1,538784
02/03/2010;16;12;2,352407972;137,3059796;11948,4;35593,2;2,7293904
03/03/2010;0;14;2,630632598;137,5208985;11466;33645;2,3615604
04/03/2010;3,9;14;1,398899267;138,0044659;10702,8;34581,6;0,8647164
05/03/2010;8,9;10,5;1,557219359;137,4134391;10533,6;33865,2;2,1006576
06/03/2010;5,2;11;2,044790443;137,6283579;9568,8;35751,6;1,780826
07/03/2010;5,9;11,5;2,079207265;137,6820876;11390,4;32223,6;1,9728144
08/03/2010;0;10,5;1,656289966;137,9507362;10868,4;29772;1,3251492
09/03/2010;0;11;1,275843651;138,3268442;12348;37057,2;0,8348472
10/03/2010;6;10,5;1,049432529;138,4880334;12956,4;32400;0,8348724
11/03/2010;0;12;1,088383555;138,2731145;15030;36255,6;1,2333348
12/03/2010;0;10;0,893657256;137,8432768;15044,4;36223,2;1,262106
13/03/2010;1,3;9,5;0,8171321;137,6820876;11793,6;34592,4;0,924483
14/03/2010;0;10;0,731330097;137,5208985;13471,2;33267,6;0,83727
15/03/2010;0;12;0,681202027;137,3059796;12618;37292,4;0,8308008
16/03/2010;0;13,5;0,694573022;137,5208985;16113,6;34516,8;0,4146624
17/03/2010;0;14;0,587715523;137,6283579;14475,6;34783,2;0,4256756
18/03/2010;0;17,5;0,638209513;137,7895471;15134,4;35780,4;0,4149216
19/03/2010;4,5;15;0,565862199;137,8970065;14558,4;34462,8;0,4040532
20/03/2010;3,8;13;0,605138493;137,8432768;9108;34358,4;0,6143364
21/03/2010;0;15;0,51452789;137,6283579;14360,4;34192,8;0,6659928
22/03/2010;0;17;0,460708404;137,2522499;11311,2;35308,8;0,777978
23/03/2010;1,6;17;0,515519374;137,2522499;11880;33253,2;0,46773
24/03/2010;1,2;13,5;0,562855798;137,1985202;13888,8;35946;0,5619708
25/03/2010;0;15;0,467678668;136,5679676;16736,4;34178,4;1,0203192
26/03/2010;0;15,5;0,50214423;135,9911446;16380;33476,4;1,009584
27/03/2010;0;15,5;0,500475962;135,5716371;14554,8;34772,4;0,8532792
28/03/2010;0;16,5;0,48439657;135,8862677;21031,2;35658;0,090396
29/03/2010;0;14,5;0,410846403;136,2008984;25268,4;39247,2;0
30/03/2010;0;15;0,351883299;136,4630907;26683,2;37083,6;0
31/03/2010;0;15;0,301395929;136,6728445;24368,4;37083,6;0
01/04/2010;0;16;0,341707135;136,9350367;21560,4;36208,8;0
02/04/2010;0;16;0,404219119;137,2522499;26852,4;37310,4;0
03/04/2010;0;16;0,242939536;137,4134391;22374;35452,8;0
04/04/2010;0;15;0,292078185;137,6283579;26218,8;39232,8;0
05/04/2010;0;16;0,303032874;137,8432768;31330,8;39204;0
06/04/2010;0;17;0,309375163;138,0581956;33818,4;39308,4;0
07/04/2010;0;13,5;0,240061392;138,2193848;31028,4;38772;0
08/04/2010;0;15,5;0,252210461;138,3805739;34851,6;38012,4;0
09/04/2010;0;15,5;0,255152841;138,5417631;38959,2;37368;0
10/04/2010;0;16;0,247395219;138,7029522;31582,8;37508,4;0
11/04/2010;0;16,5;0,249990397;138,8641413;33721,2;38487,6;0
12/04/2010;0,2;15,5;0,286658725;139,0790602;28328,4;36446,4;0
13/04/2010;3,4;17;0,23285952;139,2402493;23695,2;34570,8;0
14/04/2010;19,9;16;0,441577393;139,6163573;18241,2;36486;0
15/04/2010;9;16;0,389569878;139,9387356;19468,8;33199,2;0
16/04/2010;22,3;14,5;0,970205049;140,8521408;14216,4;34480,8;0
17/04/2010;5,3;14;0,589927247;141,3894379;9795,6;35794,8;0
18/04/2010;0;16,5;0,451330518;141,7655459;22352,4;34426,8;0
19/04/2010;0;18,5;0,3931011;142,0879242;18331,2;31204,8;0
20/04/2010;2;17,5;0,323246809;142,3565728;18986,4;34524;0
21/04/2010;0,9;18;0,34465106;142,628228;17337,6;31150,8;0
22/04/2010;0;21,5;0,303843088;142,8491603;20581,2;32889,6;0
23/04/2010;0;21;0,294607808;143,0700926;19648,8;32742;0
24/04/2010;0;19,5;0,291816826;143,2910249;16686;33984;0
25/04/2010;0;19;0,251287503;143,4567241;25459,2;34977,6;0
26/04/2010;0;20,5;0,262737436;143,6224234;30286,8;37202,4;0
27/04/2010;0;21;0,259092068;143,7881226;30099,6;38649,6;0
28/04/2010;0;20,5;0,209644198;143,8985887;30528;45637,2;0
29/04/2010;0;20;0,221162925;144,0090549;40795,2;46328,4;0
30/04/2010;0;22,5;0,233130995;144,119521;34182;45151,2;0
01/05/2010;0;22;0,219392832;144,2299872;42278,4;37562,4;0
02/05/2010;0;18;0,177556651;144,2852202;34826,4;35348,4;0
03/05/2010;0;15,5;0,226226449;144,3956864;34826,4;35348,4;0
04/05/2010;0;17;0,127267457;144,3956864;36432;46348,4;0
05/05/2010;0;16,5;0,147885054;144,4509195;35283,6;40338;0
06/05/2010;0;18,5;0,225952568;144,5613856;44470,8;39135,6;0
07/05/2010;0;20;0,166227462;144,6166187;43390,8;43412,4;0
08/05/2010;1,8;19,5;0,18020254;144,7270848;28580,4;36205,2;0
09/05/2010;8,8;17;0,253561039;144,892784;35046;39052,8;0
10/05/2010;0;16,5;0,185306656;145,0032502;30063,6;38167,2;0
11/05/2010;0;16;0,143237303;145,0584833;33642;33426;0
12/05/2010;0;16,5;0,208321461;145,1689494;38037,6;37216,8;0
13/05/2010;0;15,5;0,127438528;145,1689494;46875,6;41976;0
14/05/2010;0;17;0,170150347;145,2241825;45291,6;40953,6;0
15/05/2010;0;19;0,176388241;145,2794156;37508,4;42282;0
16/05/2010;0;19,5;0,122674894;145,2794156;49651,2;42138;0
17/05/2010;0;19;0,174435717;145,3346486;43700,4;44056,8;0
18/05/2010;0;21;0,12601122;145,3346486;54316,8;41904;0
19/05/2010;0;21;0,180700737;145,3898817;50799,6;43214,4;0
20/05/2010;0;20;0,133341408;145,3898817;58237,2;45306;0
21/05/2010;0;20,5;0,127444608;145,3898817;53262;44384,4;0
22/05/2010;0;20,5;0,118842645;145,3898817;44074,8;43866;0
23/05/2010;0;21,5;0,134361157;145,3898817;55976,4;44172;0
24/05/2010;0;21,5;0,129059376;145,3898817;49971,6;44323,2;0
25/05/2010;0;23,5;0,083698241;145,3346486;59468,4;43052,4;0
26/05/2010;0;23;0,136515407;145,3346486;49158;44326,8;0
27/05/2010;0,2;22;0,113403293;145,3346486;60793,2;45990;0
28/05/2010;0;20,5;0,079187942;145,2794156;58921,2;42408;0
29/05/2010;0;25,5;0,127769778;145,2794156;45324;42735,6;0
30/05/2010;0;27,5;0,09974341;145,2241825;63838,8;47026,8;0
31/05/2010;0;28,5;0,095908232;145,1689494;58374;49219,2;0
01/06/2010;0;28,5;0,144435519;145,1689494;62056,8;46548;0
02/06/2010;0;26,5;0,082766449;145,1137163;55875,6;40791,6;0
03/06/2010;0;27;0,102084186;145,0584833;64533,6;50911,2;0
04/06/2010;0;25,5;0,097400344;145,0032502;65041,2;50688;0
05/06/2010;0;26,5;0,084962537;144,9480171;50814;48632,4;0
06/06/2010;0;24;0,035227132;144,837551;62031,6;47887,2;0
07/06/2010;0;25;0,095281285;144,7823179;57949,2;49096,8;0
08/06/2010;5,3;17,5;0,045681456;144,7270848;52740;44874;0
09/06/2010;0;20;0,056213381;144,6718517;43362;41137,2;0
10/06/2010;0;19,5;0,091922307;144,6166187;59547,6;43074;0
11/06/2010;0;20;0,070428238;144,5613856;60804;43970,4;0
12/06/2010;0,2;19;0,057656892;144,5061525;46087,2;44272,8;0
13/06/2010;0;21;0,083913051;144,4509195;62848,8;48279,6;0
14/06/2010;0;23,5;0,033818747;144,3404533;69984;45748,8;0
15/06/2010;0;21,5;0,093489797;144,2852202;67266;48520,8;0
16/06/2010;0;22,5;0,089545506;144,2299872;65858,4;43797,6;0
17/06/2010;0;22,5;0,050722688;144,119521;71125,2;51120;0
18/06/2010;0;23,5;0,063263866;144,0090549;74703,6;49687,2;0
19/06/2010;0;25;0,063640535;143,8985887;65224,8;43678,8;0
20/06/2010;0;23;0,046067326;143,7881226;73029,6;49550,4;0
21/06/2010;0;19;0,05560863;143,6776564;80380,8;47379,6;0
22/06/2010;0;24,5;0,02591162;143,5119572;102103,2;49582,8;0
23/06/2010;0;24,5;0,047432794;143,4014911;73458;49456,8;0
24/06/2010;0;25;0,062137784;143,2910249;83127,6;49593,6;0
25/06/2010;0;24,5;0,059267829;143,1805588;82267,2;48697,2;0
26/06/2010;0;24,5;-0,00414276;143,0148596;73954,8;48862,8;0
27/06/2010;0;25,5;0,057870801;142,9043934;83329,2;50652;0
28/06/2010;0;25,5;0,060785194;142,7939273;86932,8;47800,8;0
29/06/2010;0;27;0,012658193;142,628228;90003,6;48052,8;0
30/06/2010;0;27,5;0,068852004;142,5177619;88830;50752,8;0
01/07/2010;0;28;0,020046816;142,3565728;95090,4;53510,4;0
02/07/2010;0;25;-0,013212849;142,1953836;86749,2;49813,2;0
03/07/2010;0;28;0,056838191;142,0879242;81151,2;45118,8;0
04/07/2010;0;27,5;0,040113953;141,926735;99601,2;56102,4;0
05/07/2010;0;28;0,019163699;141,7655459;87242,4;54054;0
06/07/2010;0;29;0,070744935;141,6580865;85737,6;58309,2;0
07/07/2010;0;29;0,020791347;141,4968973;80550;59713,2;0
08/07/2010;0;28;0,018360715;141,3357082;92052;52308;0
09/07/2010;0;28,5;0,079753086;141,2282488;90032,4;54432;0
10/07/2010;0;28;0,009378521;141,0670596;82908;52513,2;0
11/07/2010;0;28;0,022747456;140,9058705;95796;54100,8;0
12/07/2010;0;30;0,037821803;140,7446813;94906,8;54972;0
13/07/2010;0;32;0,049693754;140,5834922;93268,8;56109,6;0
14/07/2010;0;30;-0,016366826;140,3685733;98096,4;49791,6;0
15/07/2010;0;28,5;0,028059223;140,2073842;95029,2;53287,2;0
16/07/2010;0;29,5;0,074354681;140,0999248;94266;54172,8;0
17/07/2010;0;28,5;0,014778131;139,9387356;83419,2;54356,4;0
18/07/2010;0;28,5;0,07708169;139,8312762;95612,4;55594,8;0
19/07/2010;0;27;-0,079710762;139,5626276;90064,8;62895,6;0
20/07/2010;0;29;0,044119566;139,4014385;94892,4;64270,8;0
21/07/2010;0;30,5;0,027979617;139,2402493;89510,4;55692;0
22/07/2010;0;29,5;0,031941353;139,0790602;97624,8;59608,8;0
23/07/2010;0;27,5;0,01394688;138,9178711;90234;56527,2;0
24/07/2010;0;28;0,00434829;138,7566819;80956,8;53017,2;0
25/07/2010;0;28,5;0,026725305;138,5954928;95983,2;53442;0
26/07/2010;0;28;0,017596341;138,4343036;91260;54406,8;0
27/07/2010;0;28,5;-0,024169265;138,2193848;96631,2;55162,8;0
28/07/2010;0;28,5;0,020155932;138,0581956;89208;54277,2;0
29/07/2010;0;28,5;0,026510144;137,8970065;94186,8;57812,4;0
30/07/2010;0;28;-0,041142784;137,6820876;88790,4;54644,4;0
31/07/2010;0;29;0,012897133;137,5208985;81126;55195,2;0
01/08/2010;0;28,5;0,024344489;137,3597094;95832;53028;0
02/08/2010;0;28;0,062284959;137,2522499;85467,6;53996,4;0
03/08/2010;0;27,5;0,011613224;137,0923521;90255,6;54183,6;0
04/08/2010;0;29;0,021644355;136,9350367;88804,8;56210,4;0
05/08/2010;0;29;0,024604395;136,7777214;88196,4;57157,2;0
06/08/2010;0;29;0,02309751;136,620406;88768,8;56167,2;0
07/08/2010;0;29;0,000516115;136,4630907;76932;53388;0
08/08/2010;0;29;0,027210377;136,3057753;95558,4;56192,4;0
09/08/2010;0;31,5;-0,018308245;136,0960215;91778,4;55839,6;0
10/08/2010;0;32,5;0,049531845;135,9387062;96667,2;58474,8;0
11/08/2010;0;31,5;0,029053056;135,7813909;91807,2;58186,8;0
12/08/2010;0;32;-0,021841099;135,5716371;92826;60332,4;0
13/08/2010;0;28,5;0,027978366;135,4143217;92253,6;59893,2;0
14/08/2010;0;27;0,008416405;135,2570064;79754,4;56538;0
15/08/2010;0;27,5;-0,028851521;135,0472526;94082,4;57938,4;0
16/08/2010;0,2;27;0,011866395;134,8899372;83635,2;56689,2;0
17/08/2010;5,3;27;0,074916964;134,7850603;90136,8;53474,4;0
18/08/2010;0;27;0,04623123;134,6801834;70779,6;48358,8;0
19/08/2010;0;28;0,016820707;134,5228681;90169,2;53071,2;0
20/08/2010;0;28;-0,042420937;134,3131143;88304,4;50259,6;0
21/08/2010;0;27,5;0,002274979;134,155799;77767,2;53078,4;0
22/08/2010;0;29,5;0,094259476;134,0509221;96040,8;55040,4;0
23/08/2010;0;32;0,00133368;133,8411683;95554,8;57618;0
24/08/2010;0;30;0,042028555;133,6838529;93834;57027,6;0
25/08/2010;0;30;-0,02643137;133,4740991;88444,8;56343,6;0
26/08/2010;0;32,5;0,039185996;133,3167838;96588;54648;0
27/08/2010;0;32,5;0,025516521;133,1594685;91051,2;57470,4;0
28/08/2010;0;29,5;-0,008797759;133,0021531;76316,4;57657,6;0
29/08/2010;0;28,5;0,022036304;132,8448378;93571,2;53604;0
30/08/2010;0;28;-0,001357078;132,6875224;82414,8;49690,8;0
31/08/2010;0;27;0,01300979;132,5302071;84549,6;52099,2;0
01/09/2010;0;26,5;0,002352801;132,3728917;84096;46065,6;0
02/09/2010;0;27;0,006881672;132,2155764;85190,4;52628,4;0
03/09/2010;0;27;0,006389676;132,058261;85201,2;51631,2;0
04/09/2010;0;27;0,040039712;131,9533841;64839,6;48571,2;0
05/09/2010;0;27,5;-0,036626176;131,7483454;82609,2;43498,8;0
06/09/2010;0;26;0,017554703;131,595745;82818;56408,4;0
07/09/2010;0;26,5;0,027115941;131,4431447;86644,8;46202,4;0
08/09/2010;0;27;-0,045597847;131,2396776;83998,8;49176;0
09/09/2010;0;26,5;-0,00533726;131,0870772;68716,8;45648;0
10/09/2010;0;27,5;0,002273043;130,9344769;82065,6;42505,2;0
11/09/2010;0;25,5;0,043056806;130,8327433;72241,2;45856,8;0
12/09/2010;0;25;0,012736489;130,680143;90853,2;49352,4;0
13/09/2010;0;25;0,002654843;130,5275427;78462;48096;0
14/09/2010;0;26;0,001759267;130,3749423;83455,2;46839,6;0
15/09/2010;2,9;20,5;0,02917259;130,2732088;66686,4;50914,8;0
16/09/2010;6,1;21,5;0,059320974;130,222342;55504,8;46497,6;0
17/09/2010;0;23,5;0,021879506;130,1206084;60631,2;44575,2;0
18/09/2010;0;24;0,05438004;130,0697417;33566,4;42033,6;0
19/09/2010;0,2;25,5;0,016722544;130,0188749;24534;22104;0
20/09/2010;0;25;0,03078194;129,9171413;71136;37886,4;0
21/09/2010;0;24,5;-0,009905023;129,764541;71294,4;48438;0
22/09/2010;1,9;22,5;0,057004305;129,7136742;53146,8;39420;0
23/09/2010;0;25;0,006571919;129,5610739;71852,4;39916,8;0
24/09/2010;0;23,5;0,003233672;129,4084735;78728,4;42984;0
25/09/2010;0;21,5;0,029227744;129,30674;66326,4;40712,4;0
26/09/2010;0;23;0,012089709;129,2050064;34819,2;46447,2;0
27/09/2010;0;23,5;-0,007920123;129,1032729;39585,6;28807,2;0
28/09/2010;0;24;0,01003995;128,9506725;90043,2;49230;0
29/09/2010;0;24;2,478020888;128,7980722;81543,6;42177,6;0
30/09/2010;0;23;0,047269317;128,6963386;89215,2;42033,6;0
01/10/2010;0;24,5;-0,00425316;128,5437383;82749,6;43297,2;0
02/10/2010;1,5;23;0,024870086;128,4420047;57466,8;51408;0
03/10/2010;0;20,5;-0,018039914;128,3911379;1044;2412;0
04/10/2010;0;22;0,023105818;128,2894044;244,8;518,8;0,1002888
05/10/2010;0;22;-0,02064355;128,2385376;6048;3430,8;0
06/10/2010;0;22;0,044934505;128,1368041;89318,33;43190,88;0
07/10/2010;0;22,5;0,083547932;128,0350705;120981,6;47116,8;0
08/10/2010;27,5;21;0,11882105;128,0350705;75812,4;37954,8;0
09/10/2010;0;18,5;0,003539714;127,9333369;46242;39837,6;0
10/10/2010;0;19;0,007459957;127,8316034;48668,4;41342,4;0
11/10/2010;0;21,5;0,056288201;127,7807366;48769,2;41227,2;0
12/10/2010;0;22;0,062373981;127,679003;72547,2;65332,8;0
13/10/2010;0;22;0,019793738;127,5264027;66096;82108,8;0
14/10/2010;0;20;0,026261644;127,3738024;77810,4;78393,6;0
15/10/2010;0;20,5;-0,028744419;127,1703353;71704,8;79380;0
16/10/2010;0;20;0,064719861;127,0686017;62283,6;77529,6;0
17/10/2010;0;19;0,012450964;126,9160014;74188,8;79311,6;0
18/10/2010;0;17;0,001407453;126,7647284;64720,8;75916,8;0
19/10/2010;0;18;0,018467789;126,6161104;68900,4;81640,8;0
20/10/2010;0;17,5;0,011177443;126,4674923;65556;81716,4;0
21/10/2010;0;18;0,015044016;126,3188743;67338;83311,2;0
22/10/2010;0;18,5;0,003935066;126,1702562;60184,8;80866,8;0
23/10/2010;0;18,5;0,051922083;126,0711775;56062,8;79444,8;0
24/10/2010;0;20,5;-0,019372539;125,8730201;68493,6;82335,6;0
25/10/2010;0;18;0,013700887;125,7244021;64998;81360;0
26/10/2010;0;17;0,017524155;125,575784;71730;84445,2;0
27/10/2010;0;16,5;0,003969664;125,4271659;59752,8;80884,8;0
28/10/2010;0;16;0,013398991;125,2785479;63741,6;80863,2;0
29/10/2010;10,3;17,5;0,046000198;125,1794692;57337,2;80283,6;0
30/10/2010;0;16,5;-0,012762227;125,0308511;37627,2;76370,4;0
31/10/2010;0;15,5;0,045980235;124,9317724;42199,2;80517,6;0
01/11/2010;0;18;-0,013979162;124,733615;68666,4;79203,6;0,013
02/11/2010;0;18,5;0,005472424;124,584997;62571,6;79131,6;0
03/11/2010;0;18;0,053602633;124,4859183;57715,2;82090,8;0
04/11/2010;0;17,5;0,006565824;124,3373002;63651,6;80647,2;0
05/11/2010;0;18;-0,043237273;124,1391428;60588;79506;0
06/11/2010;0;17,5;0,047285009;124,0400641;50392,8;79671,6;0
07/11/2010;0;16;-0,043557913;123,8419067;56757,6;82054,8;0
08/11/2010;1,3;16;0,083347508;123,7923673;46803,6;78192;0
09/11/2010;0;14,5;0,001180213;123,6437493;53269,2;78296,4;0
10/11/2010;0;17;0,001213706;123,4951312;52772,4;80319,6;0
11/11/2010;0;16,5;0,000780451;123,3465132;59853,6;80690,4;0
12/11/2010;0;16,5;0,052800042;123,2474345;57711,6;82368;0
13/11/2010;2,2;15,5;0,035662635;123,1483558;43290;80150,4;0
14/11/2010;0;12,5;-0,044503536;122,9997377;39146,4;49258,8;0
15/11/2010;0;13,5;0,033875607;122,9501983;43498,8;28137,6;0
16/11/2010;0;14,5;0,033324455;122,900659;39668,4;33382,8;0
17/11/2010;0;14,5;-0,051206215;122,7520409;47224,8;35971,2;0
18/11/2010;0;14;0,053668725;122,7025016;53560,8;42296,4;0
19/11/2010;0;14,5;-0,001331826;122,6034229;51192;37249,2;0
20/11/2010;0;13,5;-0,000963993;122,5043442;46090,8;37828,8;0
21/11/2010;0;13,5;0,013378519;122,4052655;59022;36313,2;0
22/11/2010;0,7;14,5;-0,013863442;122,3061868;44607,6;35229,6;0
23/11/2010;0,6;17;0,036749909;122,2566474;44672,4;35751,6;0
24/11/2010;0;16,5;0,040097851;122,2071081;46425,6;36370,8;0
25/11/2010;20,6;12,5;0,037948536;122,1575687;39445,2;37296;0
26/11/2010;46;11;0,372819939;122,4548048;19764;38692,8;0
27/11/2010;3,2;10;0,126482123;122,5043442;21146,4;40132,8;0
28/11/2010;17,3;9,5;0,203759571;122,6529622;20350,8;34300,8;0
29/11/2010;73,1;10;0,201577156;122,8015803;18500,4;30045,6;0
30/11/2010;2,8;10;0,102146938;122,8511196;15858;32335,2;0
01/12/2010;0;10;0,066825458;122,8511196;15346,8;34311,6;0
02/12/2010;0;8;-0,040780278;122,7520409;13046,4;36428,4;0
03/12/2010;0,1;10,5;0,106263307;122,8015803;17427,6;35373,6;0
04/12/2010;15;13,5;0,109034524;122,8511196;14018,4;36648;0
05/12/2010;1,8;15,5;0,100401195;122,900659;13510,8;33426;0
06/12/2010;28,7;18,5;0,453683949;123,2969738;15562,8;32954,4;0
07/12/2010;0;19;0,206221489;123,4455919;14792,4;37396,8;0
08/12/2010;0;19;0,109754725;123,4951312;13276,8;37584;0
09/12/2010;0;14;0,051687276;123,4951312;14313,6;34419,6;0
10/12/2010;0;13;0,104409219;123,5446706;17125,2;31834,8;0
11/12/2010;0;15,5;0,060321823;123,5446706;14752,8;33256,8;0
12/12/2010;0;15,5;0,058018445;123,5446706;14108,4;37015,2;0
13/12/2010;0;14;0,023991837;123,4951312;14356,8;33307,2;0,018482
14/12/2010;0;10,5;0,01880011;123,4455919;20102,4;37900,8;0
15/12/2010;0;9;0,062134836;123,4455919;19796,4;36432;0
16/12/2010;2,5;10,5;0,008941868;123,3960525;19191,6;35845,2;0
17/12/2010;92,2;12;1,992174399;125,3280872;24994,8;34149,6;0
18/12/2010;2,3;13,5;1,74421906;126,9668681;48060;35776,8;0
19/12/2010;36,7;13;1,530116343;128,4420047;13737,6;26046;0
20/12/2010;32;13;5,249132363;133,6314145;10494;39326,4;0
21/12/2010;23,7;11,5;3,570883669;137,1447905;9471,6;39009,6;0
22/12/2010;0,2;9;1,415612354;138,4880334;14900,4;38768,4;0
23/12/2010;0;8;0,654680665;139,0790602;14864,4;32180,4;0
24/12/2010;0;10,5;0,482074539;139,5088979;13590;33278,4;0
25/12/2010;0;11;0,433445949;139,8850059;16002;35420,4;0
26/12/2010;0;11;0,324538485;140,1536545;16275,6;35845,2;0
27/12/2010;0;10,5;0,32285022;140,4223031;16509,6;35535,6;0
28/12/2010;0;11,5;0,274147536;140,6372219;20833,2;35157,6;0
29/12/2010;16,4;10,5;0,372996505;140,9596002;12175,2;31417,2;0
30/12/2010;7,3;11,5;0,472634892;141,3894379;10947,6;29142;0
31/12/2010;0;13,5;0,319894156;141,6580865;11138,4;33058,8;0
01/01/2011;0;13;0,219749592;141,8192756;12114;34509,6;0
02/01/2011;0;12;0,217585943;141,9804648;14662,8;34675,2;0
03/01/2011;0;12;0,212486779;142,1416539;11088;34232,4;0
04/01/2011;0;13;0,156801394;142,2491133;9345,6;36190,8;0
05/01/2011;0;15,5;0,214205481;142,4103025;8913,6;36486;0
06/01/2011;3,4;10,5;0,151702708;142,5177619;8928;35859,6;0
07/01/2011;1,4;14,5;0,221712344;142,6834611;15609,6;34956;0
08/01/2011;0;12,5;0,161370159;142,7939273;9396;33332,4;0
09/01/2011;0;12,5;0,163256437;142,9043934;5018,4;33048;0
10/01/2011;0;14,5;0,060141174;142,628228;5335,2;24062,4;0,28458
11/01/2011;0;14,5;0,161756796;142,7386942;9608,4;33508,8;0
12/01/2011;0;14;0,107141486;142,7939273;10414,8;33318;0
13/01/2011;0;14,5;0,159317298;142,9043934;10666,8;31640,4;0
14/01/2011;0;14,5;0,111107976;142,9596265;17265,6;30427,2;0
15/01/2011;0;13;0,10684125;143,0148596;12621,6;33530,4;0
16/01/2011;0;12;0,104800054;143,0700926;9172,8;34390,8;0
17/01/2011;0;11;0,091806204;143,1253257;925,2;32918,4;0
18/01/2011;0;11;0,099302125;143,1805588;8377,2;32961,6;0
19/01/2011;0;12,5;0,103147808;143,2357918;6966;34394,4;0
20/01/2011;0;11;0,059822691;143,2357918;14029,2;34869,6;0
21/01/2011;0;8,5;0,106121106;143,2910249;13665,6;33944,4;0
22/01/2011;1,8;7,5;0,100554205;143,346258;9738;33397,2;0
23/01/2011;0,2;9;0,097667582;143,4014911;7956;32292;0
24/01/2011;0;9,5;0,044670109;143,4014911;7491,6;34992;0
25/01/2011;22,6;10;0,227583735;143,5671903;7254;42595,2;0
26/01/2011;1,2;11,5;0,212499128;143,7328895;4989,6;35240,4;0
27/01/2011;3,1;11,5;0,157666908;143,8433557;14842,8;31262,4;0
28/01/2011;0;9,5;0,172662731;143,9538218;13978,8;37256,4;0
29/01/2011;0;9,5;0,111941983;144,0090549;6415,2;37684,8;0
30/01/2011;0;8,5;0,102653446;144,0642879;460,8;31057,2;0
31/01/2011;0;9,5;0,111760091;143,6776564;90;37123,2;0,4464
01/02/2011;0;11,5;0,035035306;143,6776564;1155,6;20196;0
02/02/2011;0;11;0,03809052;143,6776564;8211,6;20574;0
03/02/2011;0;11,5;0,123682122;143,7328895;19940,4;37558,8;0
04/02/2011;0;12;0,072668541;143,7328895;22536;38635,2;0
05/02/2011;0;12;0,058363402;143,7328895;12931,2;38314,8;0
06/02/2011;0;11;0,046755156;143,7328895;2606,4;33746,4;0
07/02/2011;0;11,5;0,098651149;143,7881226;3553,2;32745,6;0
08/02/2011;0;11,5;0,160671097;143,8985887;7462,8;35071,2;0
09/02/2011;0;11;0,11545512;143,9538218;14018,4;36338,4;0
10/02/2011;0;11;0,119747448;144,0090549;20833,2;36554,4;0
11/02/2011;0;12;0,119589638;144,0642879;20613,6;35517,6;0
12/02/2011;2,2;11,5;0,108544703;144,119521;11282,4;33253,2;0
13/02/2011;0;10,5;0,106049349;144,1747541;7372,8;33019,2;0
14/02/2011;14,5;9;0,768416357;144,892784;12067,2;32814;0
15/02/2011;6,9;10;0,661141595;145,5003478;12841,2;33559,2;0
16/02/2011;0;11;0,448903372;145,8869794;6724,8;33422,4;0
17/02/2011;0;13,5;0,28833344;146,1079116;12938,4;33422,4;0
18/02/2011;1,5;15;0,275581166;146,3288439;10155,6;32853,6;0
19/02/2011;0;15,5;0,343251535;146,6050093;5086,8;34804,8;0
20/02/2011;0;14,5;0,178488847;146,7154754;4057,2;33980,4;0
21/02/2011;0;16;0,237901969;146,8811747;8823,6;33926,4;0
22/02/2011;0;16,5;0,177200567;146,9916408;16077,6;33976,8;0
23/02/2011;0;16;0,174114752;147,102107;12855,6;35773,2;0
24/02/2011;0;14,5;0,185463119;147,2125731;28378,8;36043,2;0
25/02/2011;0;16,5;0,194425649;147,3230393;24498;36630;0
26/02/2011;0;15,5;0,176475576;147,4335054;13687,2;35607,6;0
27/02/2011;0;12;0,081692552;147,4335054;14176,8;35200,8;0
28/02/2011;0;10,5;0,12415961;146,6602424;15519,6;34776;0,8388
01/03/2011;0;10,5;0,075026243;146,6602424;11894,4;34264,8;0
02/03/2011;1,1;10;0,106146668;146,7154754;8845,2;33739,2;0
03/03/2011;20,2;7,5;0,233630987;146,8811747;19029,6;32230,8;0
04/03/2011;0;11;0,108221638;146,9364077;14749,2;32680,8;0
05/03/2011;0;11,5;0,09919428;146,9916408;6170,4;32230,8;0
06/03/2011;0;11,5;0,099325101;147,0468739;4273,2;32032,8;0
07/03/2011;16,3;13,5;0,212817037;147,2125731;4953,6;32702,4;0
08/03/2011;5,4;11;0,253542155;147,4335054;237,6;30700,8;0
09/03/2011;13,2;11;0,483219016;147,87537;8456,4;30664,8;0
10/03/2011;34,9;11,5;2,359025729;150,1882516;13712,4;30740,4;0
11/03/2011;0,1;13;3,159103134;153,2960156;11545,2;28944;0
12/03/2011;0;14;0,495539314;153,7495813;9208,8;27615,6;0
13/03/2011;25;12;1,261008084;154,9682565;1724,4;31402,8;0
14/03/2011;0;12;0,579480585;155,4905458;4561,2;31867,2;0
15/03/2011;0;13;0,470779474;155,8967708;5317,2;33235,2;0
16/03/2011;0;16;0,359689726;156,1869316;4352,4;33354;0
17/03/2011;0;16;0,189835504;156,3029959;18892,8;34038;0
18/03/2011;0;16,5;0,305637475;156,5351245;18946,8;33120;0
19/03/2011;0;16;0,240110166;156,7092209;16048,8;32565,6;0
20/03/2011;0,5;14,5;0,182062736;156,8252852;15116,4;32893,2;0
21/03/2011;0,3;13;0,17338039;156,9413495;15314,4;33292,8;0
22/03/2011;0,2;14,5;0,227465971;157,1154459;11048,4;32443,2;0
23/03/2011;0,1;17,5;0,177603328;157,2315102;11268;32248,8;0
24/03/2011;0;17;0,189431128;157,3475745;23860,8;32637,6;0
25/03/2011;0;17;0,190719276;157,4636388;23734,8;34624,8;0
26/03/2011;0;17;0,263716773;157,6377353;20124;35132,4;0
27/03/2011;0;18,5;0,215932625;157,7537996;28551,6;35186,4;0
28/03/2011;0;18;0,203828501;157,8698639;23209,2;34819,2;0
29/03/2011;0;19;0,210342685;157,9859282;27050,4;35726,4;0
30/03/2011;0;19;0,145507764;158,0439603;27896,4;34488;0
31/03/2011;0;19;0,210959116;158,1600246;30391,2;35312,4;0
01/04/2011;0;20,5;0,203394929;158,2760889;33735,6;36655,2;0
02/04/2011;0;17,5;0,183529895;158,3921532;26524,8;35096,4;0
03/04/2011;0;18;0,188387422;158,5082175;19872;33739,2;0
04/04/2011;0;16;0,171023037;157,8118317;13356;35298;0,81176
05/04/2011;0;20;0,127361213;157,8698639;20948,4;34970,4;0
06/04/2011;0;18,5;0,14586173;157,927896;27795,6;34956;0
07/04/2011;0;18,5;0,166659649;157,9859282;43153,2;35722,8;0
08/04/2011;0;24;0,184873729;158,0439603;44215,2;37695,6;0
09/04/2011;0;23;0,122485898;158,0439603;33850,8;43120,8;0
10/04/2011;0;19,5;0,160633439;158,1019924;33282;45388,8;0
11/04/2011;0;18;0,097159032;158,1019924;27399,6;44661,6;0
12/04/2011;0;19;0,159624549;158,1600246;36838,8;40816,8;0
13/04/2011;0;20;0,106088469;158,1600246;36097,2;39632,4;0
14/04/2011;0,9;18;0,106415005;158,1600246;46933,2;40215,6;0
15/04/2011;0;18,5;0,105406196;158,1600246;36914,4;39884,4;0
16/04/2011;0;16,5;0,085314781;158,1600246;27770,4;38862;0
17/04/2011;2,4;16;0,075918342;158,1600246;30783,6;36961,2;0
18/04/2011;0;17;0,07318201;158,1600246;25524;33062,4;0
19/04/2011;1;16;0,068710371;158,1600246;30459,6;34164;0
20/04/2011;31,2;16;0,1863956;158,2760889;20336,4;35391,6;0
21/04/2011;13;15,5;0,164519415;158,3921532;9295,2;34484,4;0
22/04/2011;10,5;15,5;0,287194746;158,6242818;14644,8;34570,8;0
23/04/2011;4,4;14,5;0,397694654;158,9724747;8935,2;34120,8;0
24/04/2011;0;17,5;0,065018711;158,9724747;16394,4;35146,8;0
25/04/2011;0;17,5;0,13272772;159,0305068;15872,4;35964;0
26/04/2011;0;19;0,083333833;159,0305068;20124;35661,6;0
27/04/2011;0;19;0,080260767;159,0305068;19591,2;34293,6;0
28/04/2011;21,8;14,5;0,232701563;159,2046033;16390,8;34002;0
29/04/2011;3,9;14;0,283519499;159,4367319;11793,6;33138;0
30/04/2011;25,1;14,5;0,530013254;159,9105295;10562,4;33296,4;0
01/05/2011;17,5;16,5;2,004334254;161,870567;10382,4;32727,6;0
02/05/2011;0;19,5;0,790365015;161,9299621;13327,2;33436,8;0,648
03/05/2011;0;20;0,431373492;162,2863325;15778,8;34257,6;0
04/05/2011;0;20;0,376019238;162,5833079;17560,8;33508,8;0
05/05/2011;7,7;19;0,315199889;162,8208882;22417,2;37328,4;0
06/05/2011;4,5;17,5;0,429325487;163,1772586;13852,8;35830,8;0
07/05/2011;0;19,5;0,312708992;163,4148389;11944,8;34513,2;0
08/05/2011;0;19,5;0,196114866;163,5336291;20523,6;31104;0
09/05/2011;0;18;0,24191487;163,7118143;18442,8;32727,6;0
10/05/2011;0,1;18;0,248679738;163,8899995;23684,4;35438,4;0
11/05/2011;0;20,5;0,141596749;163,9493946;22100,4;36154,8;0
12/05/2011;0;20,5;0,205660913;164,0681848;26794,8;36716,4;0
13/05/2011;0;20,5;0,201719592;164,1869749;21960;36399,6;0
14/05/2011;1,1;19;0,136631772;164,24637;20106;37350;0
15/05/2011;0;19;0,192484659;164,3651601;22453,2;36248,4;0
16/05/2011;0;20;0,150674689;164,4245552;28771,2;37314;0
17/05/2011;10,9;16,5;0,537306505;164,8997158;21834;36104,4;0
18/05/2011;1,4;16,5;3,217975493;166,4130864;16311,6;34059,6;1,65
19/05/2011;2,7;18,5;2,039779182;166,5354383;19641,6;34027,2;1,845
20/05/2011;0;19,5;1,773653154;166,4742623;22053,6;35737,2;1,748
21/05/2011;0;21;1,520204758;166,3519105;18280,8;36205,2;1,553
22/05/2011;0;21,5;1,178970321;166,1683827;26265,6;37375,2;1,262
23/05/2011;0;23;1,210621015;166,1072068;31503,6;39049,2;1,165
24/05/2011;0;23,5;1,056642784;165,9848549;38124;40870,8;1,068
25/05/2011;0,1;22,5;0,896087677;165,923679;32137,2;39657,6;0,874
26/05/2011;0;24,5;0,81558285;165,862503;33073,2;40132,8;0,777
27/05/2011;0;24;0,730056255;165,8013271;37076,4;39956,4;0,678
28/05/2011;0;23,5;0,622410364;165,7401512;30502,8;40924,8;0,582
29/05/2011;0;23,5;0,543246626;165,6789752;40032;41400;0,485
30/05/2011;0;23,5;0,451748328;165,6177993;43120,8;41410,8;0,388
31/05/2011;0;22,5;0,499772599;165,6177993;42861,6;41781,6;0,388
01/06/2011;0;20,5;0,48077019;165,6177993;33958,8;41328;0,388
02/06/2011;0;20,5;0,346095079;165,5566234;44766;43779,6;0,291
03/06/2011;0;20,5;0,402197085;165,5566234;41835,6;42238,8;0,291
04/06/2011;0;20,5;0,239732879;165,4954474;34347,6;41227,2;0,194
05/06/2011;0,3;21,5;0,305349302;165,4954474;40284;42141,6;0,194
06/06/2011;0;21;0,106014817;165,3154813;30535,2;37350;0,191
07/06/2011;0;21,5;0,121467559;165,3154813;39736,8;41990,4;0
08/06/2011;0;22;0,128593705;165,3154813;46364,4;43693,2;0
09/06/2011;0;25;0,084451005;165,2560863;54234;41454;0
10/06/2011;0;24;0,071556447;165,1966912;50695,2;44146,8;0
11/06/2011;0;24;0,125358998;165,1966912;39952,8;47491,2;0
12/06/2011;0;26;0,0828431;165,1372961;43614;45676,8;0
13/06/2011;0;25,5;0,071861038;165,077901;44812,8;46141,2;0
14/06/2011;0;25;0,128634017;165,077901;45835,2;44902,8;0
15/06/2011;0;26,5;0,068384492;165,018506;42685,2;43599,6;0
16/06/2011;0;28;0,092706953;164,9591109;54820,8;43772,4;0
17/06/2011;0;28;-0,010583935;164,7809257;62546,4;49183,2;0
18/06/2011;0;28,5;0,089938803;164,7215306;49662;49820,4;0
19/06/2011;0;25,5;0,089611899;164,6621355;55875,6;57103,2;0
20/06/2011;0;26;0,020207189;164,5433454;50137,2;49849,2;0
21/06/2011;0;27;0,08675416;164,4839503;56505,6;47642,4;0
22/06/2011;0;27,5;0,085039083;164,4245552;52858,8;47185,2;0
23/06/2011;0;25,5;0,00931201;164,3057651;55177,2;47743,2;0
24/06/2011;0;23;0,043397781;164,24637;46443,6;46159,2;0
25/06/2011;0;26;0,065441733;164,1869749;44042,4;47235,6;0
26/06/2011;0;26,5;0,082790004;164,1275798;50900,4;48747,6;0
27/06/2011;0;28;0,031846725;164,0087897;56444,4;52275,6;0
28/06/2011;0;27,5;0,033184568;163,8899995;60332,4;53337,6;0
29/06/2011;0;27;0,020545337;163,7712094;58676,4;51346,8;0
30/06/2011;0;25,5;0,014216892;163,6524192;65160;51105,6;0
01/07/2011;0;28;0,100492301;163,5930242;65638,8;51210;0
02/07/2011;0;25,5;-0,00550763;163,4148389;65005,2;49136,4;0
03/07/2011;0;27,5;0,041949628;163,2960488;61045,2;52531,2;0
04/07/2011;0;28,5;0,044949827;163,1772586;61941,6;54658,8;0
05/07/2011;0;29,5;0,065004456;163,0584685;75157,2;53172;0
06/07/2011;0;31;0,036199913;162,8802833;85377,6;51534;0
07/07/2011;0;29,5;0,015084218;162,702098;85856,4;50245,2;0
08/07/2011;0;28;0,055645245;162,5833079;79542;53229,6;0
09/07/2011;0;29;-0,014922594;162,4051227;66009,6;52052,4;0
10/07/2011;0;28;0,052596482;162,2863325;80748;54972;0
11/07/2011;0;30;0,028806865;162,1081473;76046,4;57124,8;0,0215496
12/07/2011;0;27,5;0,032867256;161,9299621;88182;56394;0
13/07/2011;0;27;-0,013966964;161,7517769;71510,4;55936,4;0
14/07/2011;0;27,5;0,067634859;161,6329867;88621,2;53344,8;0
15/07/2011;0;27,5;-0,00035158;161,4548015;82396,8;52196,4;0
16/07/2011;0;30,5;0,013165429;161,2766163;74462,4;49413,6;0
17/07/2011;0;28;0,014383628;161,098431;80935,2;57222;0
18/07/2011;0;28;0,026281011;160,9202458;83437,2;54248,4;0
19/07/2011;0;26,5;-0,013651668;160,7420606;85676,4;49330,8;0
20/07/2011;0;27,5;0,062377241;160,6232704;79722;55998;0
21/07/2011;0;26,5;0,012548881;160,4450852;87987,6;64411,2;0
22/07/2011;0;27,5;0,008767247;160,2669;84643,2;57520,8;0
23/07/2011;0;28;-0,008835009;160,0887148;75002,4;45471,6;0
24/07/2011;0;26,5;0,057366715;159,9699246;83631,6;56034;0
25/07/2011;0;29;0,009753108;159,7917394;76608;61340,4;0
26/07/2011;0;29,5;0,002777915;159,6135542;85201,2;52862,4;0
27/07/2011;0;27;0,038106123;159,494764;74091,6;51674,4;0
28/07/2011;0;28;-0,049331475;159,2626354;85420,8;55717,2;0
29/07/2011;0;29;0,00693887;159,088539;79927,2;58309,2;0
30/07/2011;0;27,5;0,105242476;159,0305068;70866;57826,8;0
31/07/2011;0;27;0,005834962;158,8564104;84830,4;66988,8;0
01/08/2011;0;29;-0,044372913;158,6242818;77587,2;58683,6;0
02/08/2011;0;29,5;0,069250214;158,5082175;84243,6;53121,6;0
03/08/2011;0;28;0,006893235;158,334121;83566,8;58860;0
04/08/2011;0;28,5;0,013981215;158,1600246;85215,6;63162;0
05/08/2011;0;32;0,024947642;157,9859282;87519,6;59605,2;0
06/08/2011;0;32,5;0,070599349;157,8698639;76557,6;52383,6;0
07/08/2011;0;31,5;0,015274485;157,6957674;87930;60076,8;0
08/08/2011;0;28;0,003230527;157,521671;81356,4;61624,8;0
09/08/2011;0;27,5;0,00542755;157,3475745;85168,8;61200;0
10/08/2011;0;27;0,004849671;157,1734781;81277,2;62215,2;0
11/08/2011;0;28;-5,68381E-05;156,9993816;86385,6;61520,4;0
12/08/2011;0;27,5;0,009398947;156,8252852;81622,8;62413,2;0
13/08/2011;0;29;0,057759322;156,7092209;73677,6;59547,6;0
14/08/2011;0;29,5;0,011675238;156,5351245;82130,4;60177,6;0
15/08/2011;0;29,5;0,007808473;156,361028;81327,6;62938,8;0
16/08/2011;0;29,5;0,014559429;156,1869316;85795,2;62359,2;0
17/08/2011;0;29,5;0,006264598;156,0128351;81273,6;62665,2;0
18/08/2011;0;29;0,0030214;155,8387387;87951,6;63748,8;0
19/08/2011;0;29;0,003593994;155,6646422;82159,2;62053,2;0
20/08/2011;0;27,5;0,045413692;155,5485779;70506;58665,6;0
21/08/2011;0;27,5;0,017208017;155,3744815;89319,6;58752;0
22/08/2011;0;29,5;0,005297112;155,200385;77824,8;61250,4;0
23/08/2011;0;30;0,019044345;155,0262886;85694,4;61405,2;0
24/08/2011;0;31;0,029605825;154,8521922;84258;62514;0
25/08/2011;0;29;-0,031409848;154,6200636;89647,2;57074,4;0
26/08/2011;0;29;0,005027016;154,4459671;88768,8;58212;0
27/08/2011;0;27,5;0,042734124;154,3299028;73508,4;54885,6;0
28/08/2011;0;26,5;-0,008085744;154,1558064;84366;55850,4;0
29/08/2011;0;27;0,005349488;153,9817099;79729,2;57333,6;0
30/08/2011;0;27;0,00902321;153,8076135;82857,6;57340,8;0
31/08/2011;0;27;-0,010727683;153,6350444;83088;41583,6;0
01/09/2011;0;25,5;0,003122804;153,46553;81046,8;54446,4;0
02/09/2011;0;25,5;-0,001455207;153,2960156;77889,6;50767,2;0
03/09/2011;0;25;0,048648897;153,183006;73764;47368,8;0
04/09/2011;0;26;-0,00294478;153,0134916;80740,8;50464,8;0
05/09/2011;0;27;0,000219085;152,617958;78400,8;49143,6;0,2300544
06/09/2011;0;27;-0,001154573;152,4484436;84290,4;48218,4;0
07/09/2011;0;28;0,052856743;152,335434;78044,4;46299,6;0
08/09/2011;0;29;-0,005041481;152,1659196;83908,8;49302;0
09/09/2011;0;28;-0,004248877;151,9964052;77202;52279,2;0
10/09/2011;0;29;0,042341149;151,8833956;66718,8;50025,6;0
11/09/2011;0;29;-0,002166424;151,7138812;82718,8;48319,2;0
12/09/2011;0;29,5;0,044293048;151,6008716;74635,2;52045,2;0
13/09/2011;0;27;-0,004536613;151,4313572;78390;49186,8;0
14/09/2011;0;26,5;0,035040046;151,3183476;73807,2;45921,6;0
15/09/2011;0;26;-0,013927386;151,1488332;80571,6;46148,4;0
16/09/2011;0;26;-0,006951362;150,9793188;76507,2;50421,6;0
17/09/2011;0;28,5;0,049435999;150,8663092;65584,8;48240;0
18/09/2011;0;25;-0,014778913;150,6967948;79221,6;50655,6;0
19/09/2011;0;24,5;0,026600937;150,5837852;67968;46231,2;0
20/09/2011;0;23;0,026659204;150,4707756;72342;45878,4;0
21/09/2011;0;23;-0,021224284;150,3012612;74210,4;52646,4;0
22/09/2011;0;23,5;0,020794668;150,1882516;68883;47444,4;0
23/09/2011;0;24;0,023877199;150,075242;68983,2;46490,4;0
24/09/2011;0;24;-0,039460165;149,9057276;62672,4;44294,4;0
25/09/2011;0;24,5;0,03751307;149,792718;78314,4;48006;0
26/09/2011;0;25;0,02682433;149,6797084;70034,4;46733,8;0
27/09/2011;0;24;-0,037681785;149,510194;73407,6;40435,2;0
28/09/2011;0;25,5;0,022612749;149,3971844;69278,4;41619,6;0
29/09/2011;0;24;2,451127039;149,22767;71967,6;45090;0
30/09/2011;0;24,5;0,074249717;149,1711652;64666,8;44193,6;0
01/10/2011;0;24;0,005675071;149,0581556;55044;42318;0
02/10/2011;0;23,5;0,029175129;148,945146;75099,6;44650,8;0
03/10/2011;0;22;-0,042028986;148,4366028;63511,2;44182,8;0,3403512
04/10/2011;0;23;0,028221709;148,3235932;70862,4;44636,4;0
05/10/2011;0;23;0,02596237;148,2105836;71827,2;45338,4;0
06/10/2011;0;23;-0,031624894;148,0410692;72309,6;42112,8;0
07/10/2011;0;22;0,014518273;147,9306031;67053,6;40618,8;0
08/10/2011;0;21,5;0,011004078;147,8201369;60418,8;39841,2;0
09/10/2011;0;22,5;0,030983669;147,7096708;74444,4;44690,4;0
10/10/2011;0;23,5;0,033265215;147,5992046;72367,2;44042,4;0
11/10/2011;0;25,5;-0,015788141;147,4335054;71269,2;42984;0
12/10/2011;0;25;0,026521357;147,3230393;70894,8;43261,2;0
13/10/2011;0;23,5;0,033908955;147,2125731;74995,2;47116,8;0
14/10/2011;0;21,5;-0,037893782;147,0468739;67888,8;42120;0
15/10/2011;0;20,5;0,006373605;146,9364077;58737,6;40870,6;0
16/10/2011;0;20,5;0,022418719;146,8259416;73418,4;46688,4;0
17/10/2011;0;20;0,013812403;146,7154754;64670,4;41839,2;0
18/10/2011;0;20,5;-0,035418467;146,5497762;68598;43372,8;0
19/10/2011;0;21;0,013036295;146,4393101;63655,2;44319,6;0
20/10/2011;0;21,5;0,01083556;146,3288439;64652,4;40021,2;0
21/10/2011;5,5;19,5;0,032782779;146,2736109;44164,8;42742,8;0
22/10/2011;2,1;19,5;0,014435472;146,2183778;27050,4;34862,4;0
23/10/2011;59,5;15,5;0,350599941;146,4945432;23421,6;36036;0
24/10/2011;0;16,5;0,020195285;146,4393101;23187,6;35604;0
25/10/2011;13,8;16,5;0,069147896;146,4393101;22910,4;36810;0
26/10/2011;4,2;17,5;0,060244779;146,4393101;17542,8;34383,6;0
27/10/2011;0;18,5;0,01614993;146,384077;20687,4;35172;0
28/10/2011;0;20,5;0,025589843;146,3288439;24998,4;37533,6;0
29/10/2011;0;20,5;0,014794203;146,2736109;19382,4;36237,6;0
30/10/2011;0;19;0,021938126;146,2183778;27813,6;37170;0
31/10/2011;0;19,5;0,012543116;146,1631447;22176;33969,6;0
01/11/2011;27,2;17,5;0,179147532;146,2736109;25527,6;37058,4;0
02/11/2011;39;16;0,602436698;146,8259416;16588,8;32961,6;0
03/11/2011;13,6;13;0,852830049;147,5992046;16916,4;38116,8;0
04/11/2011;0,2;13,5;0,073297596;147,5992046;20311,2;35701,2;0
05/11/2011;0;15,5;0,070103453;147,5992046;14392,8;32292;0
06/11/2011;0;15,5;0,066897209;147,5992046;18086,4;32083,2;0
07/11/2011;0;16,5;-0,005229408;147,102107;18194,4;34898,4;0,4259808
08/11/2011;0;16;0,063861826;147,102107;18468;36493,2;0
09/11/2011;0;16,5;0,007161025;147,0468739;16113,6;35157,6;0
10/11/2011;0;17;0,067266863;147,0468739;21402;36410,4;0
11/11/2011;0;17,5;0,009447336;146,9916408;20048,4;37404;0
12/11/2011;0;18;0,001385831;146,9364077;13708,8;34016,4;0
13/11/2011;3;15,5;0,053024482;146,9364077;17762,4;32482,8;0
14/11/2011;0;15,5;0,063486412;146,9364077;14054,4;35535,6;0
15/11/2011;0;15,5;0,012145572;146,8811747;21675,6;34588,8;0
16/11/2011;3,2;15,5;0,003355376;146,8259416;19227,6;33249,6;0
17/11/2011;0,2;15;0,053861553;146,8259416;17204,4;28879,2;0
18/11/2011;34,4;14,5;0,667916981;147,4335054;16887,6;33436,8;0
19/11/2011;17,2;13;1,164234525;148,5496124;12603,6;31604,4;0
20/11/2011;0;15,5;0,350121974;148,8321364;15991,2;31986;0
21/11/2011;0;13,5;0,133674561;148,8886412;15948;38232;0
22/11/2011;0;15,5;0,107872982;148,945146;15883,2;29876,4;0
23/11/2011;1,2;15,5;0,166271383;149,0581556;16207,2;32565,6;0
24/11/2011;0;15;0,059364044;149,0581556;17510,4;33436,8;0
25/11/2011;0;15;0,114810706;149,1146604;16160,4;30920,4;0
26/11/2011;0;14,5;0,05521385;149,1146604;11523,6;33026,4;0
27/11/2011;0;13,5;0,057800029;149,1146604;12610,8;36770,4;0
28/11/2011;0;13,5;0,061973919;149,1146604;18907,2;35770,4;0
29/11/2011;0;14,5;0,058132263;149,1146604;16059,6;35337,6;0
30/11/2011;0;14,5;0,050749698;149,1146604;14659,2;31039,2;0
01/12/2011;0,5;11;0,064846561;149,1146604;18036,2;35024;0
02/12/2011;0;12;0,006319798;149,0581556;22147,2;33382,8;0
03/12/2011;0;12,5;0,000619887;149,0016508;15696;34696,8;0
04/12/2011;0;13;0,059635049;149,0016508;18932,4;31726,8;0
05/12/2011;0;14,5;0,055200459;149,0016508;13158;33627,6;0
06/12/2011;0;14,5;0,060560249;149,0016508;15811,2;35773,2;0
07/12/2011;0;13;-0,002535301;148,945146;15951,6;31287,6;0
08/12/2011;0;11,5;0,065354924;148,945146;22611,6;37695,6;0
09/12/2011;0,3;14,5;0,007521718;148,8886412;18334,8;34477,2;0
10/12/2011;0;14,5;0,068380976;148,8886412;19548;32011,2;0
11/12/2011;0;13,5;0,025167586;148,8321364;29088;34084,8;0
12/12/2011;0;13,5;0,047530791;148,7756316;29347,2;35082;0,0250344
13/12/2011;0;16;0,023597509;148,7191268;23932,8;36558;0
14/12/2011;0;14,5;0,026588077;148,662622;28044;35442;0
15/12/2011;0;13,5;0,092045831;148,662622;29797,2;35359,2;0
16/12/2011;0;11,5;-0,029838183;148,5496124;31964,4;33289,2;0
17/12/2011;0;11,5;0,019048389;148,4931076;28861,2;35496;0
18/12/2011;0;10;0,020785605;148,4366028;33246;37328,4;0
19/12/2011;0;10,5;0,024291895;148,380098;33649,2;35956,8;0
20/12/2011;0;17;-0,020450869;148,2670884;34088,4;36658,8;0
21/12/2011;0;14,5;0,07761112;148,2670884;32788,8;35874;0
22/12/2011;0;12,5;0,029432141;148,2105836;40363,2;36068,4;0
23/12/2011;0;13,5;0,020759827;148,1540788;37047,6;37422;0
24/12/2011;0;12;0,010125422;148,097574;22467,6;36338,4;0
25/12/2011;0;10,5;0,060079311;148,097574;22777,2;33390;0
26/12/2011;0;11,5;0,01974785;148,0410692;29397,6;37915,2;0
27/12/2011;0;12;0,027424652;147,9858361;32954,4;37972,8;0
28/12/2011;0;11;0,024638371;147,9306031;30931,2;37771,2;0
29/12/2011;0;11,5;-0,029250961;147,8201369;31615,2;40111,2;0
30/12/2011;0;13,5;0,085510148;147,8201369;34711,2;40752;0
31/12/2011;0;14,5;0,018823095;147,7649038;22215,6;35658;0
01/01/2012;0;12,5;0,03338749;147,7096708;31608;38044,8;0
02/01/2012;0;13;0,047558101;147,6544377;34621,2;38300,4;0,0231768
03/01/2012;0;12;0,019965971;147,5992046;31683,6;36824,4;0
04/01/2012;0;20;0,041489109;147,5439715;38037,6;38059,2;0
05/01/2012;0;17,5;-0,014382509;147,4335054;37897,2;34228,8;0
06/01/2012;0;14;0,026116669;147,3782723;37332;36219,6;0
07/01/2012;0;11,5;0,021176584;147,3230393;32137,2;37033,2;0
08/01/2012;0;13;0,022780075;147,2678062;32158,8;36946,8;0
09/01/2012;0;12,5;0,077090269;147,2678062;29412;38214;0
10/01/2012;0;12;0,018851502;147,2125731;33246;35272,8;0
11/01/2012;0;13;0,075641285;147,2125731;32788,8;35060,4;0
12/01/2012;0;12,5;-0,027590788;147,102107;38149,2;37494,4;0
13/01/2012;0;11;0,034932288;147,0468739;32356,8;37231,2;0
14/01/2012;2,1;12,5;0,015371341;146,9916408;23414,4;35514;0
15/01/2012;3,1;8,5;0,05820001;146,9916408;17344,8;32515,2;0
16/01/2012;0;12,5;0,014302713;146,9364077;19292,4;38570,4;0
17/01/2012;0;12;0,014797123;146,8811747;23788,8;37350;0
18/01/2012;0;11;0,018799088;146,8259416;29642,4;33278,4;0
19/01/2012;0;10,5;0,029208989;146,7707085;39654;38678,4;0
20/01/2012;0;12;0,028352281;146,7154754;36230,4;37915,2;0
21/01/2012;0;11,5;0,019223017;146,6602424;29930,4;38419,2;0
22/01/2012;0;11,5;0,08296738;146,6602424;31420,8;39333,6;0
23/01/2012;0;12,5;0,021809831;146,6050093;31543,2;39394,8;0
24/01/2012;0;11,5;0,026787467;146,5497762;31536;39387,6;0
25/01/2012;0;11,5;0,005927966;146,4945432;14583,6;38811,6;0
26/01/2012;36,7;8,5;0,225834005;146,6602424;12618;33638,4;0
27/01/2012;0;11,5;0,058197754;146,6602424;19299,6;33346,8;0
28/01/2012;0;10,5;0,02992021;146,6050093;17514;34894,8;0
29/01/2012;0;10,5;0,011681867;146,5497762;22154,4;33663,6;0
30/01/2012;0;10;0,063504376;146,5497762;16311,6;33321,6;0
31/01/2012;0,4;14,5;0,030896759;146,4945432;23911,2;36147,6;0
01/02/2012;0;5;0,06322894;146,4393101;56635,2;35208;0
02/02/2012;0;3,5;-0,003141812;146,3288439;60105,6;36687,6;0
03/02/2012;0;3;0,010670779;146,2183778;52880,4;35571,6;0
04/02/2012;0;9;-0,012967652;146,1079116;45723,6;34610,4;0
05/02/2012;0;12,5;0,001878091;145,9974455;48290,4;37490,4;0
06/02/2012;0;10,5;0,080868982;145,9422124;46339,2;41281,2;0,0224784
07/02/2012;0;5,5;-0,002902804;145,8317463;52934,4;37486,8;0
08/02/2012;0;7;0,047185202;145,7765132;51800,4;37350;0
09/02/2012;0;11;0,019132096;145,6660471;57819,6;39178,8;0
10/02/2012;0;9,5;0,008054372;145,5555809;51058,8;38192,4;0
11/02/2012;0;8;-0,001835157;145,4451148;50544;37112,4;0
12/02/2012;0;7,5;0,011694766;145,3346486;68238;41234,4;0
13/02/2012;0;9,5;0,058444537;145,2794156;53625,6;37990,8;0
14/02/2012;0;11;-0,0101087;145,1689494;48585,6;37990,8;0
15/02/2012;4,2;11;0,095294078;145,1689494;45669,6;38048,4;0
16/02/2012;0;9;0,018246796;145,1137163;30538,8;35776,8;0
17/02/2012;0;10,5;0,016525195;145,0584833;25862,4;34876,8;0
18/02/2012;0;12;0,011835102;145,0032502;22428;34174,8;0
19/02/2012;0;11,5;0,018761957;144,9480171;25621,2;36259,2;0
20/02/2012;0;11;0,0907254;144,9480171;29721,6;38977,2;0
21/02/2012;0;10,5;0,02337926;144,892784;32947,2;36856,8;0
22/02/2012;0;11,5;-0,027132672;144,7823179;31910,4;36566,8;0
23/02/2012;0;12;0,042723925;144,7270848;41594,4;37659,6;0
24/02/2012;0;13;0,050776349;144,6718517;43200;37512;0
25/02/2012;0;17,5;0,004425631;144,5613856;40291,2;37224;0
26/02/2012;0;16,5;0,04512969;144,5061525;42526,8;40251,6;0
27/02/2012;0;14;0,03607387;144,4509195;40215,6;40104;0
28/02/2012;0;13;0,032125146;144,3956864;33674,4;38854,8;0
29/02/2012;10,6;12;0,028399786;144,3404533;40096,8;34750,8;0
01/03/2012;0,5;11;0,069673623;144,3404533;28177,2;34358,4;0
02/03/2012;0;15;0,021167631;144,2852202;23072,4;35762,4;0
03/03/2012;0;18;0,029081252;144,2299872;22734;34689,6;0
04/03/2012;0;16,5;0,031274432;144,1747541;30297,6;35910;0
05/03/2012;0;15;0,011102011;144,0642879;33573,6;35931,6;0,023
06/03/2012;0;15;0,039277093;144,0090549;35690,4;35794,8;0
07/03/2012;0;16;-0,000998493;143,8985887;37350;40338;0
08/03/2012;0;16;0,037658659;143,8433557;43592,4;41630,4;0
09/03/2012;0;11,5;0,041503516;143,7881226;43239,6;38710,8;0
10/03/2012;0;11,5;0,03855327;143,7328895;38548,8;36622,8;0
11/03/2012;0;13,5;-0,013806006;143,6224234;40899,6;36608,4;0
12/03/2012;0;15;0,047702899;143,5671903;41140,8;38271,6;0
13/03/2012;0;16,5;0,055937098;143,5119572;47714,4;39938,4;0
14/03/2012;0;15;-0,006885395;143,4014911;45511,2;38937,6;0
15/03/2012;0;14,5;0,058487446;143,346258;53240,4;38620,8;0
16/03/2012;0;17,5;0,002864998;143,2357918;49154,4;38505,6;0
17/03/2012;0;17;0,06249025;143,1805588;44647,2;37036,8;0
18/03/2012;26,7;15;0,109286014;143,1805588;48690;38754;0
19/03/2012;2,4;11,5;0,038661222;143,1253257;28386;39304,8;0
20/03/2012;0;12;0,083993115;143,1253257;26794,8;38091,6;0
21/03/2012;0;12,5;0,029371309;143,0700926;27889,2;39250,8;0
22/03/2012;0;15;0,035878223;143,0148596;37270,8;38563,2;0
23/03/2012;0;14;0,014103809;142,9596265;27979,2;34812;0
24/03/2012;0;14,5;0,011436349;142,9043934;25027,2;35643,6;0
25/03/2012;0;15,5;0,02584731;142,8491603;31924,8;33890,4;0
26/03/2012;0;15;0,028093977;142,7939273;42879,6;34452;0
27/03/2012;0;17;0,043192685;142,7386942;38829,6;36165,6;0
28/03/2012;0;15,5;-0,014252539;142,628228;44474,4;38124;0
29/03/2012;0;16;0,049867777;142,572995;47782,8;39895,2;0
30/03/2012;0;16;-0,007544079;142,4640322;41040;40788;0
31/03/2012;0;17,5;0,050468799;142,4103025;38804,4;43632;0
01/04/2012;1,7;17;0,052090833;142,3565728;53290,8;42739,2;0
02/04/2012;8,3;15;0,050276701;142,302843;39841,2;35784;0,021312
03/04/2012;0;13,5;-0,000885491;142,1953836;44931,6;34466,4;0
04/04/2012;1,8;12;0,038582723;142,1416539;48225,6;38109,6;0
05/04/2012;1,2;12,5;0,025938172;142,0879242;32191,2;36068,4;0
06/04/2012;0;13;0,045579349;142,0341945;46299,6;36172,8;0
07/04/2012;0;15;0,046197826;141,9804648;39920,4;36658,8;0
08/04/2012;0;18;0,02249157;141,8730053;60980,4;41292;0
09/04/2012;0;18,5;0,025709059;141,7655459;54907,2;43002;0
10/04/2012;0;18,5;0,030898836;141,6580865;58276,8;42670,8;0
11/04/2012;0;15;0,013965746;141,550627;49341,6;43362;0
12/04/2012;0;14,5;0,012164802;141,4431676;57160,8;42422,4;0
13/04/2012;2,6;13;0,047546436;141,3894379;47174,4;42188,4;0
14/04/2012;2;11;-0,007304272;141,2819785;38649,6;39855,6;0
15/04/2012;0;13;0,022839956;141,174519;53982;40071,6;0
16/04/2012;0;17,5;0,031909894;141,0670596;62125,2;39934,8;0
17/04/2012;0;16,5;0,03120342;140,9596002;61574,4;40338;0
18/04/2012;0;14,5;0,001962963;140,8521408;50544;36190,8;0
19/04/2012;0;18;0,025670421;140,7446813;61185,6;38469,6;0
20/04/2012;0;20,5;0,08777186;140,6909516;55616,4;41623,2;0
21/04/2012;0;20;0,025857883;140,5834922;48510;43264,8;0
22/04/2012;0;19,5;-0,011648624;140,4223031;61574,4;44298;0
23/04/2012;0;18,5;0,04026435;140,3148436;58356;44643,6;0
24/04/2012;0;19;0,03098821;140,2073842;63352,8;46011,6;0
25/04/2012;0;19,5;0,03158117;140,0999248;60818,4;45385,2;0
26/04/2012;0,7;20,5;0,031935281;139,9924653;67528,8;43887,6;0
27/04/2012;16;13,5;0,091806754;139,9924653;41292;36525,6;0
28/04/2012;15;9,5;0,116060026;140,0461951;25344;34833,6;0
29/04/2012;1,5;14;0,070853157;140,0461951;27608,4;37324,8;0
30/04/2012;0;15;0,076952717;140,0461951;23166;32259,6;0
01/05/2012;0;16;0,088229562;140,0461951;29019,6;33915,6;0
02/05/2012;0;16,5;0,033895174;139,9924653;35038,8;36982,8;0
03/05/2012;0;17;0,038106323;139,9387356;37688,4;37472,4;0
04/05/2012;9,1;13,5;0,135016246;139,9924653;31125,6;38862;0
05/05/2012;0;17;0,140306876;140,0461951;23320,8;37962;0
06/05/2012;0;20;0,04874535;139,9924653;36147,6;38887,2;0
07/05/2012;0;20;0,054048543;139,9387356;14622,8;49381,2;0,021182
08/05/2012;0;23;0,083566296;139,9387356;28202,4;20937,6;0
09/05/2012;0;24;0,075587105;139,8850059;60332,4;36180;0
10/05/2012;0;24;0,031843853;139,7775465;62856;40971,6;0
11/05/2012;0;24,5;0,024498996;139,6700871;58870,8;43002;0
12/05/2012;0;26,5;0,023178685;139,5626276;51573,6;40939,2;0
13/05/2012;0;26,5;0,038185816;139,4551682;63831,6;44244;0
14/05/2012;0;22,5;0,032658744;139,3477088;61567,2;45828;0
15/05/2012;0;21;0,028955378;139,2402493;65512,8;45165,6;0
16/05/2012;0;21;0,02399616;139,1327899;63968,4;41763,6;0
17/05/2012;0;22,5;0,036507721;139,0253305;66423,6;41655,6;0
18/05/2012;0;21,5;0,028433534;138,9178711;63673,2;38491,2;0
19/05/2012;2,9;15,5;-0,00877874;138,8104116;46033,2;38199,6;0
20/05/2012;0;17;0,026219125;138,7029522;54612;39488,4;0
21/05/2012;0;21;0,02901129;138,5954928;63867,6;39459,6;0
22/05/2012;0;24;0,041912521;138,4880334;65332,8;42897,6;0
23/05/2012;0;23,5;0,038519648;138,3805739;63180;45950,4;0
24/05/2012;0;23,5;-0,002644904;138,2193848;74714,4;47008,8;0
25/05/2012;0;26;0,050145581;138,1119254;66970,8;46364,4;0
26/05/2012;0;25;0,02224015;138,0044659;53377,2;40604,4;0
27/05/2012;0;22,5;0,038950716;137,8970065;74260,8;47106;0
28/05/2012;0;23;0,041195056;137,7895471;66308,4;48261,6;0
29/05/2012;0;23;-0,028802131;137,6283579;67053,6;44578,8;0
30/05/2012;0;27;0,043166535;137,5208985;71557,2;43963,2;0
31/05/2012;0;27;0,003517312;137,3597094;77857,2;43797,6;0
01/06/2012;0;27,5;0,055296421;137,2522499;76572;45810;0
02/06/2012;0;28,5;-0,001188508;137,0923521;69861,6;45320,4;0
03/06/2012;0;26,5;-0,032047247;136,8825983;80456,4;45817,2;0
04/06/2012;0;25;0,06955909;136,7777214;76014;44654,4;0,021441
05/06/2012;0;26;0,006521036;136,620406;79383,6;46328,4;0
06/06/2012;0;29;0,086821049;136,5155291;79131,6;48531,6;0
07/06/2012;0;27;-0,012046806;136,3057753;85888,8;47325,6;0
08/06/2012;0;28;0,024414944;136,14846;81576;46807,2;0
09/06/2012;0;30;0,027354084;135,9911446;73850,4;45378;0
10/06/2012;0;27;0,002407511;135,7813909;90291,6;50702,4;0
11/06/2012;0;24;-0,028634994;135,5716371;83196;50004;0
12/06/2012;0;24;0,067563067;135,4667602;88056;48596,4;0
13/06/2012;0;23,5;0,010059627;135,3094448;83016;45972;0
14/06/2012;0;24;0,023415618;135,1521295;90129,6;51195,6;0
15/06/2012;0;25,5;0,017499682;134,9948141;86155,2;48762;0
16/06/2012;0;26;0,004573543;134,8374988;75603,6;51141,6;0
17/06/2012;0;26,5;0,063589912;134,7326219;87854,4;49158;0
18/06/2012;0;26,5;0,005651345;134,5753065;80895,6;48024;0
19/06/2012;0;27,5;0,030625128;134,4179912;93531,6;47829,6;0
20/06/2012;0;29,5;-0,065540119;134,155799;91652,4;49600,8;0
21/06/2012;0;29;0,039341246;133,9984836;91375,2;48362,4;0
22/06/2012;0;28,5;0,08510331;133,8936067;87296,4;51537,6;0
23/06/2012;0;28;0,011162066;133,7362914;74210,4;49942,8;0
24/06/2012;0;27,5;-0,002001068;133,578976;88574,4;51109,2;0
25/06/2012;0;28,5;0,008122666;133,4216607;83282,4;50400;0
26/06/2012;0;29,5;0,059492436;133,3167838;82177,2;48373,2;0
27/06/2012;0;32;-0,026532392;133,10703;84106,8;49222,8;0
28/06/2012;0;32;0,041429944;132,9497147;93895,2;48769,2;0
29/06/2012;0;29;-0,002987354;132,7399609;89708,4;50148;0
30/06/2012;0;26,5;0,021450033;132,5826455;83397,6;48207,6;0
01/07/2012;0;26;-0,026533497;132,3728917;91659,6;50148;0
02/07/2012;0;27;-0,004463246;132,1631379;89539,2;51861,6;0,023558
03/07/2012;0;26,5;0,029999468;132,0058226;92293,2;47491,2;0
04/07/2012;0;30;0,019999491;131,7992121;95389,2;55360,8;0
05/07/2012;0;27,5;0,040899763;131,6466118;98110,8;54655,2;0
06/07/2012;0;26,5;-0,025165782;131,4431447;94165,2;52718,4;0
07/07/2012;0;29;0,069997359;131,3414111;80326,8;50223,6;0
08/07/2012;0;28,5;-0,014140597;131,137944;96048;50601,6;0
09/07/2012;0;30,5;0,094171256;131,0362105;91670,4;51303,6;0
10/07/2012;0;31;-0,043492203;130,7818766;96246;53528,4;0
11/07/2012;0;28,5;0,027341232;130,6292762;92440,8;54172,8;0
12/07/2012;0;28,5;-0,006380213;130,4258091;101246,4;54867,6;0
13/07/2012;0;30;0,000131034;130,222342;101325,6;54183,6;0
14/07/2012;0;29,5;-0,001351328;130,0697417;84373,2;52052,4;0
15/07/2012;0;26,5;0,018463244;129,9171413;96807,6;53827,2;0
16/07/2012;0;27;-0,014385891;129,7136742;94964,4;56876,4;0
17/07/2012;0;28;0,036287065;129,5610739;94680;54450;0
18/07/2012;0;28,5;-0,008523763;129,3576068;95896,8;57297,6;0
19/07/2012;0;30;0,006232328;129,1541396;102045,6;56289,6;0
20/07/2012;0;29;0,032687788;129,0015393;93103,2;54075,6;0
21/07/2012;0;28;0,015057539;128,848939;84999,6;50166;0
22/07/2012;0;27,5;0,025278864;128,6963386;96674,4;53812,8;0
23/07/2012;0;27,5;-0,033010066;128,4928715;84351,6;52664,4;0
24/07/2012;0;27,5;0,026978016;128,3402712;96656,4;53053,2;0
25/07/2012;0;27,5;-0,022107729;128,1368041;95821,2;51152,4;0
26/07/2012;0;27;0,000878988;127,9333369;101822,4;58075,2;0
27/07/2012;0;28,5;0,045389984;127,7807366;95695,2;60408;0
28/07/2012;0;29;-0,020907462;127,5772695;83235,6;57484,8;0
29/07/2012;0;28,5;0,030529645;127,4246691;100375,2;53542,8;0
30/07/2012;0;29;-0,026271992;127,221202;94294,8;51206,4;0
31/07/2012;0;30,5;0,047059805;127,0686017;104407,2;54036;0
01/08/2012;0;33,5;-0,003694195;126,8651346;97776;60325,2;0
02/08/2012;0;28,5;0,040936162;126,7151891;101026,8;58251,6;0
03/08/2012;0;28;-0,020387657;126,5170317;92347,2;54356,4;0
04/08/2012;0;30;0,043097567;126,3684136;83638,8;52506;0
05/08/2012;0;28,5;-0,046399611;126,1207169;100893,6;58410;0
06/08/2012;0;28;0,00710777;125,9225595;96944,4;58010,4;0,021348
07/08/2012;0;28,5;0,035056955;125,7739414;98150,4;58582,8;0
08/08/2012;0;29,5;-0,005094464;125,575784;98244;55947,6;0
09/08/2012;0;32;0,056905859;125,4271659;101883,6;57333,6;0
10/08/2012;0;33,5;0,04869162;125,2785479;90961,2;56599,2;0
11/08/2012;0;33,5;0,012638066;125,0803905;90784,8;56404,8;0
12/08/2012;0;30,5;0,004950906;124,8822331;101300,4;58129,2;0
13/08/2012;0;29,5;-0,002986036;124,6840757;94942,8;60566,4;0
14/08/2012;0;31;-0,004882959;124,4859183;91900,8;59281,2;0
15/08/2012;0;31,5;0,038946549;124,3373002;97081,2;52880,4;0
16/08/2012;0;30,5;0,001102748;124,1391428;101412;58806;0
17/08/2012;0;29,5;0,024964422;123,9905247;92224,8;58644;0
18/08/2012;0;28,5;0,001518025;123,8419067;78944,4;53431,2;0
19/08/2012;0;29,5;-0,014884893;123,6437493;96408;57790,8;0
20/08/2012;0;29,5;0,037652668;123,4951312;92930,4;59860,8;0
21/08/2012;0;29;-0,009113972;123,2969738;94399,2;61203,6;0
22/08/2012;0;28;0,048511044;123,1483558;95688;55746;0
23/08/2012;0;32,5;-0,016520454;122,900659;102420;59086,8;0
24/08/2012;0;33;0,016666865;122,7025016;96274,8;59252,4;0
25/08/2012;0;30;0,028234338;122,5538835;83502;53690,4;0
26/08/2012;0;28;-0,012657289;122,3557261;97560;58107,6;0
27/08/2012;0;30;-0,012620515;122,1575687;90806,4;60048;0
28/08/2012;0;28,5;0,045076838;122,0089507;97185,6;54536,4;0
29/08/2012;0;31;-0,00371312;121,8123091;90824,4;52380;0
30/08/2012;0;28;0,031035602;121,6682388;94683,6;55094,4;0
31/08/2012;0;26;-0,026692803;121,4761449;85399,2;54216;0
01/09/2012;0;26;0,003949768;121,3320745;74656,8;46627,2;0
02/09/2012;0;24;0,023974521;121,1880041;90216;49658,4;0
03/09/2012;0;24,5;-0,003473611;120,9959103;89193,6;51854,4;0,020404
04/09/2012;0;25,5;-0,030085472;120,8038164;88509,6;47815,2;0
05/09/2012;0;26;0,017392328;120,6597461;85226,4;52027,2;0
06/09/2012;0;26,5;0,012867547;120,5156757;84700,8;49500;0
07/09/2012;0;25,5;0,015662801;120,3716053;82738,8;50893,2;0
08/09/2012;0;25;0,002855981;120,2275349;73933,2;44499,6;0
09/09/2012;0;24,5;0,033094644;120,131488;66276;32457,6;0
10/09/2012;0;26;-0,030705242;119,9393941;83268;48711,6;0
11/09/2012;0;27;-0,024975093;119,7473003;85266;44290,8;0
12/09/2012;0;26,5;0,022139567;119,6032299;85971,6;48963,6;0
13/09/2012;0;25;0,014019642;119,4591595;87908,4;46144,8;0
14/09/2012;0;26;0,016758783;119,3150891;82144,8;46022,4;0
15/09/2012;0;27;0,006563994;119,1710187;71730;44830,8;0
16/09/2012;0;26,5;0,015299483;119,0269483;87199,2;43880,4;0
17/09/2012;0;26;0,008885505;118,882878;82170;54018;0
18/09/2012;0;27;-0,034511696;118,6907841;82566;48218,4;0
19/09/2012;0;26,5;0,046505491;118,5947372;81352,8;38721,6;0
20/09/2012;0;25,5;0,00296091;118,4506668;82710;42818,4;0
21/09/2012;0;26,5;0,004917675;118,3065964;77983,2;46656;0
22/09/2012;0;27,5;0,006380182;118,162526;68947,2;44773,2;0
23/09/2012;0;25,5;-0,039022;117,9704322;83797,2;43545,6;0
24/09/2012;0;23;0,018532144;117,8263618;78285,6;45280,8;0
25/09/2012;0,4;20;0,004058851;117,7303149;57826,8;41803,2;0
26/09/2012;5,5;20;-0,003905534;117,6342679;47588,4;39798;0
27/09/2012;48,5;18,5;0,091834137;117,6342679;25671,6;34779,6;0
28/09/2012;15,1;17,5;0,777368227;118,3546199;19418,4;30434,4;0
29/09/2012;0;20,5;0,162758588;118,4506668;22384,8;29991,6;0
30/09/2012;0;20,5;0,026899893;118,4026433;26179,2;31546,8;0
01/10/2012;0;21;0,033715229;118,258573;28076,4;33534;0,096129
02/10/2012;0;22;-0,009428828;118,1145026;61772,4;50932,8;0
03/10/2012;0;22;0,018692145;118,0184556;50054,4;45144;0
04/10/2012;0;22;0,037537126;117,9704322;36655,2;35564,4;0
05/10/2012;0;23,5;0,005003027;117,8743853;40165,2;33217,2;0,0095724
06/10/2012;0;23,5;0,042016052;117,8263618;39121,2;32828,4;0
07/10/2012;0;24;-0,029147237;117,6822914;56527,2;38419,2;0
08/10/2012;0;24;0,067229296;117,6342679;54295,2;40035,6;0
09/10/2012;0;25;0,020205352;117,538221;54460,8;39931,2;0
10/10/2012;0;23;-0,022655382;117,3941506;55738,8;36712,8;0
11/10/2012;0;22;0,013797114;117,2981037;56581,2;33332,4;0
12/10/2012;0;21;-0,027523239;117,1540333;63295,2;36183,6;0
13/10/2012;0,3;20,5;0,019885886;117,0579864;56386,8;36327,6;0
14/10/2012;0;18,5;-0,008773927;116,9177809;68400;40780,8;0
15/10/2012;0;19;0,019318029;116,8243105;55969,2;41205,6;0
16/10/2012;0;19;0,025834081;116,7308402;63237,6;42354;0
17/10/2012;13,1;20;0,063714992;116,684105;55447,2;40348,8;0
18/10/2012;0,3;19,5;0,02784564;116,6373698;34056;37216,8;0
19/10/2012;1,4;16;0,017139647;116,5906346;25941,6;31791,6;0
20/10/2012;0;19;-0,025080999;116,4971643;25736,4;27072;0
21/10/2012;0;20;0,031732628;116,4504291;36518,4;31093,2;0
22/10/2012;0;20;-0,011675867;116,3569587;35042,4;34487,2;0
23/10/2012;7,8;17,5;0,062979285;116,3569587;27878,4;31798,8;0
24/10/2012;92,5;15,5;1,809759651;118,1145026;19450,8;31334,4;0
25/10/2012;6,7;16;1,106883221;119,1710187;16765,2;30722,4;0
26/10/2012;0;17,5;0,361023815;119,4591595;20512,8;36025,2;0
27/10/2012;0;15;0,161387707;119,5552064;19965,6;38160;0
28/10/2012;0;13,5;0,111511362;119,6032299;22100,4;36576;0
29/10/2012;26,3;12,5;0,576340201;120,131488;11908,8;22176;0
30/10/2012;0;15,5;0,252470407;120,3235818;17690,4;27223,2;0
31/10/2012;0;18,5;0,204886208;120,4676522;16466,4;28389,6;0
01/11/2012;9,4;18;0,156276256;120,5636991;20052;30499,2;0
02/11/2012;8,4;19;0,625692068;121,1399807;13903,2;32108,4;0
03/11/2012;6,3;18,5;1,415233972;122,5043442;15184,8;30790,8;0
04/11/2012;9,8;17;0,704539024;123,1483558;19069,2;31140;0
05/11/2012;12,4;13,5;1,758635035;124,8326937;4039,2;24843,6;0,039956
06/11/2012;5,5;16;1,18814459;125,9720988;16995,6;31244,4;0
07/11/2012;16,2;18,5;1,105944231;127,0177349;16106,4;33649,2;0
08/11/2012;34,5;14,5;6,199523259;133,1594685;11768,4;30945,6;0
09/11/2012;1,5;15,5;1,107147798;134,2082374;11077,2;29527,2;0
10/11/2012;0,2;11;1,103473219;135,2570064;13276,8;29862;0
11/11/2012;0;14;0,542509658;135,7289524;20070;33102;0
12/11/2012;0;16;0,481684687;136,14846;17766;30150;0
13/11/2012;0;15,5;0,42577454;136,5155291;19314;30924;0
14/11/2012;0;16,5;0,365071139;136,8301598;16869,6;30920,4;0
15/11/2012;7,5;16,5;0,315871483;137,0923521;22129,2;30488,4;0
16/11/2012;122,2;13,5;10,97512177;148,0410692;13168,8;11559,6;0
17/11/2012;0,8;14;5,22887515;153,2395108;9964,8;18756;0
18/11/2012;0;15,5;1,497864881;154,6780957;15499,2;34587,3;0
19/11/2012;0;15,5;1,230810229;150,64029;15786;38052;5,208
20/11/2012;0;15,5;0,642212084;145,8869794;14022;38174,4;5,332264
21/11/2012;0;15,5;0,570305395;145,9974455;17784;34657,2;0,401864
22/11/2012;0;15,5;0,612655435;146,5497762;18205,2;33796,8;0
23/11/2012;0;14;0,601971665;147,102107;16945,2;29358;0
24/11/2012;0;14;0,495567155;147,5439715;22467,6;29005,2;0
25/11/2012;1,3;13,5;0,512697523;147,9858361;30042;31294,8;0
26/11/2012;0;9,5;0,413794537;148,3235932;29566,8;31366,8;0
27/11/2012;0;10;0,315955017;148,5496124;37389,6;34628,4;0
28/11/2012;0;9,5;0,364923586;148,8321364;32014,8;31885,2;0
29/11/2012;0;8,5;0,290365167;149,0581556;25264,8;30103,2;0
30/11/2012;0;9;0,29264237;149,2841748;19692;30081,6;0
01/12/2012;0;8,5;0,277685599;149,510194;16099,2;29383,2;0
02/12/2012;0;10,5;0,290127823;149,7362132;14068,8;33721,2;0
03/12/2012;0;13;0,151445092;148,7191268;10753,2;22298,4;1,122032
04/12/2012;0;11;0,18865818;148,8321364;23911,2;32677,2;0
05/12/2012;3,8;12,5;0,276283138;149,0581556;15847,2;31050;0
06/12/2012;4,2;13;0,334776062;149,3406796;17172;30024;0
07/12/2012;0;13,5;0,161175793;149,4536892;11736;29685,6;0
08/12/2012;0;13,5;0,219467143;149,6232036;10814,4;30139,2;0
09/12/2012;0;11;0,222338113;149,792718;9871,2;31132,8;0
10/12/2012;0;12;0,159081574;149,9057276;10047,6;30956,4;0
11/12/2012;0;11,5;0,220617452;150,075242;13338;32130;0
12/12/2012;0;12,5;0,164572499;150,1882516;13741,2;32184;0
13/12/2012;0;14;0,164853408;150,3012612;16956;31503,6;0
14/12/2012;0;15;0,162410593;150,4142708;11606,4;32151,6;0
15/12/2012;0;17,5;0,169891701;150,5272804;11365,2;31402,8;0
16/12/2012;0;17,5;0,178441377;150,64029;19382,4;26845,2;0
17/12/2012;0;16,5;0,05433966;150,64029;16257,6;29044,8;0
18/12/2012;0;15;0,168883921;150,7532996;20746,8;28346,4;0
19/12/2012;0;17,5;0,240087005;150,922814;23014,8;30027,6;0
20/12/2012;0;17,5;0,137794467;150,9793188;27108;32688;0
21/12/2012;0;16,5;0,122019838;151,0358236;23896,8;32000,4;0
22/12/2012;0;14,5;0,117131225;151,0923284;20793,6;31910,4;0
23/12/2012;0;15,5;0,118629038;151,1488332;23076;32256;0
24/12/2012;2,1;9,5;0,169480722;151,2618428;14853,6;31424,4;0
25/12/2012;0;12;0,066167353;151,2618428;24372;32734,8;0
26/12/2012;0;11,5;0,116514671;151,3183476;20275,2;30672;0
27/12/2012;0;12;0,126350633;151,3748524;24343,2;32472;0
28/12/2012;0;12;0,183345163;151,487862;23335,2;32263,2;0
29/12/2012;0;11,5;0,009174004;151,4313572;17902,8;32475,6;0
30/12/2012;0;11;0,169694663;151,5443668;18975,6;32040;0
31/12/2012;0;14;0,060062536;151,5443668;11239,2;31248;0
01/01/2013;0;12,5;0,074783258;151,5443668;27878,4;32731,2;0
02/01/2013;0;11;0,130867501;151,6008716;32094;34329,6;0
03/01/2013;0;11;0,078259465;151,6008716;35409,6;36612;0
04/01/2013;0;11;0,083965318;151,6008716;31208,4;34610,4;0
05/01/2013;0;14,5;0,132520687;151,6573764;24670,8;36597,6;0
06/01/2013;0;13;0,073711043;151,6573764;25452;35780,4;0
07/01/2013;0;14;0,138058922;151,4313572;13464;25430,4;0,31045
08/01/2013;0;14,5;0,089346465;151,4313572;30715,2;35964;0
09/01/2013;0;15,5;0,080052967;151,4313572;26996,4;36622,8;0
10/01/2013;0;16;0,088738538;151,4313572;30513,6;37814,4;0,00001
11/01/2013;0;13,5;0,078616359;151,4313572;27453,6;37562,4;0
12/01/2013;0;10,5;0,079532228;151,4313572;23058;32673,6;0
13/01/2013;0;11;0,117826461;151,487862;14382;28234,8;0
14/01/2013;0;11;0,005286836;151,4313572;4971,6;30186;0
15/01/2013;2,6;12,5;0,189803404;151,5443668;31075,2;30978;0
16/01/2013;0;14,5;0,196985186;151,6573764;33778,8;30344,4;0
17/01/2013;0;14;0,188488396;151,770386;29692,8;29329,2;0
18/01/2013;22,1;10,5;1,250782203;152,9569868;13140;28231,2;0
19/01/2013;4,2;11,5;0,505207422;153,4090252;15724,8;28303,2;0
20/01/2013;0;10;0,464053464;153,8076135;16693,2;27025,2;0
21/01/2013;5,8;8,5;0,58474864;154,3299028;16387,2;31730,4;0
22/01/2013;0;10;0,305344561;149,8492228;18792;32202;4,72546
23/01/2013;0;12,5;0,314057803;148,1540788;16808,4;31759,2;1,939392
24/01/2013;0;13;0,45288485;148,5496124;20282,4;30909,6;0
25/01/2013;0;14;0,366580322;148,8321364;28087,2;31863,6;0
26/01/2013;0;15;0,432279357;149,1711652;30294;33764,4;0
27/01/2013;0;13,5;0,190996923;149,2841748;40842;31528,8;0
28/01/2013;0;13,5;0,245955886;149,4536892;34365,6;29710,8;0
29/01/2013;0;15;0,258065271;149,6232036;35604;32698,8;0
30/01/2013;0;16,5;0,184446356;149,7362132;35766;32857,2;0
31/01/2013;0;16;0,263438194;149,8492228;54597,6;49104;0
01/02/2013;0;11;0,160720911;149,9057276;44244;38574;0
02/02/2013;0;9,5;0,149512578;149,9622324;37735,2;36122,4;0
03/02/2013;0;10,5;0,190016557;150,075242;36003,6;34804,8;0
04/02/2013;0;11,5;0,121357466;149,6797084;17341,2;30218,4;0,444578
05/02/2013;0;11;0,105455296;149,6797084;40503,6;35697,6;0
06/02/2013;0;10;0,151976356;149,7362132;41932,8;35532;0
07/02/2013;0;10;0,110598534;149,7362132;48819,6;34768,8;0
08/02/2013;0;10,5;0,147078243;149,792718;42469,2;34596;0
09/02/2013;0;12;0,155614246;149,8492228;34066,8;33516;0
10/02/2013;0,5;9,5;0,082718989;149,8492228;38091,6;35056,8;0
11/02/2013;0;9,5;0,157434111;149,9057276;42454,8;37076,4;0
12/02/2013;0;14,5;0,108452727;149,9057276;47559,6;38368,8;0
13/02/2013;0;16;0,098478537;149,9057276;44071,2;38077,2;0
14/02/2013;0;18;0,156515854;149,9622324;46551,6;38815,2;0
15/02/2013;0;13;0,08829597;149,9622324;40442,4;37152;0
16/02/2013;0;12,5;0,135849976;150,0187372;31759,2;34628,4;0
17/02/2013;1,1;15;0,077189047;150,0187372;35528,4;34336,8;0
18/02/2013;26,4;10,5;0,393546668;150,357766;20948,4;31312,8;0
19/02/2013;0;13;0,404093066;150,6967948;20088;31417,2;0
20/02/2013;4,6;14;0,172910335;150,8098044;20736;31816,8;0
21/02/2013;7,8;11;0,896234466;151,6573764;13165,2;32094;0
22/02/2013;0;10;0,69446161;152,2789292;16406;29206,8;0
23/02/2013;0;9,5;0,353386045;152,5614532;14022;30081,6;0
24/02/2013;0;9;0,242951724;152,7309676;20494,8;32432,4;0
25/02/2013;0;8,5;0,233957345;152,900482;19108,8;31651,2;0
26/02/2013;18,1;7,5;0,294267503;153,1265012;22489,2;31492,8;0
27/02/2013;1,3;8;0,675410232;153,7495813;13878;31014,4;0
28/02/2013;0;9,5;0,320887732;150,4142708;19612,8;30718,8;3,589502
01/03/2013;0;12;0,014206916;148,8321364;23454;31395,6;1,534204
02/03/2013;0;13;0,288529644;149,0581556;22946,4;31147,2;0
03/03/2013;1,3;13;0,22462032;149,22767;22328;32216,4;0
04/03/2013;27,6;13;1,692596466;150,3012612;18165,6;31294,8;0,555444
05/03/2013;9,1;15;-0,228951281;150,0187372;19879,2;31550,4;0,000453
06/03/2013;14;14;6,014694122;154,6200636;17179,2;38890,8;1,345809
07/03/2013;6;16;1,169063822;151,0358236;32198,4;37890;4,66794
08/03/2013;0,7;14;0,840069476;149,1711652;38052;32868;2,628194
09/03/2013;1,7;13;1,091640379;150,1882516;34819,2;31842;0
10/03/2013;1,6;13;0,813682971;150,922814;31849,2;33699,6;0
11/03/2013;3,1;11;1,160157359;151,9964052;26758,8;42199,2;0
12/03/2013;0;9;0,75913534;152,6744628;28548;30315,6;0
13/03/2013;0;10,5;0,563629998;153,1265012;29311,2;56030,4;0
14/03/2013;0;13;0,54664526;153,5785396;26161,2;49579,2;0
15/03/2013;1,1;11;0,464876065;153,9817099;19843,2;38998,8;0
16/03/2013;1,9;12,5;0,52199624;154,4459671;15296,4;38998,8;0
17/03/2013;0;16;0,494425246;154,8521922;21016,8;47631,6;0
18/03/2013;18,5;12,5;2,979514072;157,7537996;16592,4;55486,8;0
19/03/2013;0;14;1,262344328;154,2718707;21254,4;55782;4,63512
20/03/2013;0;14;0,4167547;149,4536892;20851,2;59396,4;5,136703
21/03/2013;0,1;12,5;0,350160608;148,380098;22395,6;58122;1,339877
22/03/2013;11,2;13,5;1,032202401;149,3406796;20768,4;43549,2;0
23/03/2013;1,7;13,5;0,911995728;150,1882516;16146;31928,4;0
24/03/2013;0;14;0,68291547;150,8098044;18536,4;28130,4;0
25/03/2013;0;17;0,644473427;151,3748524;22532,4;39330;0
26/03/2013;1,6;16,5;0,532956961;151,8268908;24638,4;44928;0
27/03/2013;0;17,5;0,592151155;152,335434;21180,4;29437,2;0
28/03/2013;10,6;18,5;0,587460805;152,8439772;19695,6;35852,4;0
29/03/2013;0;18,5;0,939120586;153,6915492;21582;36792;0
30/03/2013;7,6;15,5;0,918555407;154,5620314;14716,8;29336,4;0
31/03/2013;0;15,5;1,184339537;155,6646422;24469,2;32439,6;0
01/04/2013;1,7;14,5;0,678943891;152,1094148;17834,4;29282,4;4,164892
02/04/2013;4;13;0,374542153;149,0016508;22950;33289,2;3,423262
03/04/2013;4,4;13;0,741176018;149,6797084;20516,4;32475,6;0
04/04/2013;2,1;12;0,918601249;150,5272804;20350,8;32612,4;0
05/04/2013;0;11,5;0,646116151;151,0923284;20340;31302;0
06/04/2013;0;14,5;0,58369619;151,6008716;23227,2;30376,8;0
07/04/2013;0;17,5;0,545458536;152,05291;27464,4;29026,8;0
08/04/2013;0;18,5;0,550656961;152,5049484;30592,8;31597,2;0
09/04/2013;0;19,5;0,439707157;152,8439772;36756;37702,8;0
10/04/2013;0;19,5;0,451825006;153,183006;37206;39060;0
11/04/2013;0;19;0,388595419;153,46553;39628,8;39013,2;0
12/04/2013;0;18,5;0,386715587;153,7495813;39718,8;38916;0
13/04/2013;0;18,5;0,388362889;154,0397421;33469,2;38379,6;0
14/04/2013;0;18;0,327536311;154,2718707;37659,6;37101,6;0
15/04/2013;0;19;0,33023991;154,5039993;39362,4;33487,2;0
16/04/2013;0;17,5;0,329146629;154,7361279;39168;37159,2;0
17/04/2013;0;18,5;0,337222392;154,9682565;39315,6;42188,4;0
18/04/2013;0;18,5;0,275178768;155,1423529;41630,4;41025,6;0
19/04/2013;0,9;15;0,257307792;155,3164493;34988,4;39002,4;0
20/04/2013;0;17;0,308264987;155,5485779;30610,8;31680;0
21/04/2013;0,1;16,5;0,251654634;155,7226744;36547,2;28886,4;0
22/04/2013;0;14;0,242619213;155,8967708;27748,8;31528,8;0
23/04/2013;0;16;0,26484144;156,0708673;36925,2;34736,4;0
24/04/2013;0;17,5;0,22021001;156,1869316;40150,8;42008,4;0
25/04/2013;0;19;0,224896006;156,3029959;43916,4;41180,4;0
26/04/2013;0;19;0,231919608;156,4190602;39463,2;39322,8;0
27/04/2013;10,9;11,5;0,257600255;156,5931566;29516,4;38916;0
28/04/2013;12,3;10;0,261340914;156,767253;35701,2;33559,2;0
29/04/2013;3,7;11;0,297641581;156,9993816;23504,4;30974,4;0
30/04/2013;0;14;0,252088756;157,1734781;25538,4;30949,2;0
01/05/2013;0;15,5;0,204068331;157,2895424;31820,4;36993,6;0
02/05/2013;0,2;16,5;0,210940087;157,4056067;36374,4;39301,2;0
03/05/2013;0;17;0,156402572;157,4636388;38491,2;39510;0
04/05/2013;0;16,5;0,210289148;157,5797031;30520,8;37501,2;0
05/05/2013;0;20,5;0,227182791;157,6957674;47764,8;36554,4;0
06/05/2013;0;23;0,122255035;157,6957674;28998;34214,4;0,027
07/05/2013;0;24;0,188472582;157,7537996;52124,4;43351,2;0
08/05/2013;0;26,5;0,200216035;157,8118317;53683,2;43034,4;0
09/05/2013;0;23,5;0,121578643;157,8118317;54374,4;45054;0
10/05/2013;0;21;0,173648128;157,8698639;51786;42840;0
11/05/2013;0,4;19,5;0,149414735;157,927896;39027,6;40107,6;0
12/05/2013;0;19;0,15192684;157,9859282;43909,2;38901,6;0
13/05/2013;0;20,5;0,10769445;157,9859282;40467,6;39808,8;0
14/05/2013;0,1;18;0,110550552;157,9859282;39193,2;39272,4;0
15/05/2013;2,1;17;0,116435901;157,9859282;45676,8;41007,6;0
16/05/2013;1,3;14;0,210868436;158,1019924;45468;38246,4;0
17/05/2013;0;14,5;0,155626344;158,1600246;38016;30970,8;0
18/05/2013;0;15;0,099505796;158,1600246;39466,8;31431,6;0
19/05/2013;4;16,5;0,160210653;158,2180567;46623,6;36867,6;0
20/05/2013;0,5;13,5;0,142393198;158,2760889;37130,4;39052,8;0
21/05/2013;0;18,5;0,110674737;158,2760889;39927,6;39204;0
22/05/2013;0;24;0,13486243;158,2760889;42577,2;40881,6;0
23/05/2013;0;23;0,130693919;158,2760889;48121,2;42267,6;0
24/05/2013;0;20;0,106783297;158,2760889;46119,6;42555,6;0
25/05/2013;0;20,5;0,101301558;158,2760889;39218,4;41054,4;0
26/05/2013;0;20;0,122829944;158,2760889;50230,8;44560,8;0
27/05/2013;0;19;0,136140044;158,2760889;51138;40608;0
28/05/2013;0;19;0,101570145;158,2180567;61790,4;41166;0
29/05/2013;0;20;0,063561228;158,1600246;58341,6;39898,8;0
30/05/2013;0;21;0,107457139;158,1019924;61977,6;39891,6;0
31/05/2013;0;20;0,139810443;158,1019924;58863,6;44175,6;0
01/06/2013;0;21;0,075058834;158,0439603;50454;44708,4;0
02/06/2013;0;21;0,086266432;157,9859282;60656,4;45723,6;0
03/06/2013;0;22;0,109965329;157,927896;58914;44938,9;0,026236
04/06/2013;0;23,5;0,097517302;157,8698639;68986,8;45748,8;0
05/06/2013;0;21;0,079228108;157,8118317;64004,4;44110,8;0
06/06/2013;0;20;0,086617486;157,7537996;67597,2;42087,6;0
07/06/2013;0;19;0,030788226;157,6377353;60408;43344;0
08/06/2013;0;21;0,081682758;157,5797031;50907,6;44553,6;0
09/06/2013;0;25;0,099849468;157,521671;66567,6;48818,4;0
10/06/2013;0;25,5;0,036801157;157,4056067;70538,4;42181,2;0
11/06/2013;0;26,5;0,102554588;157,3475745;70016,4;44618,4;0
12/06/2013;0;28;0,110725929;157,2895424;67863,6;51465,6;0
13/06/2013;0;28;0,061735945;157,1734781;80053,2;53575,2;0
14/06/2013;0;28;0,048895557;157,0574138;68446,8;51202,8;0
15/06/2013;0;26,5;0,085185115;156,9993816;56725,2;43516,8;0
16/06/2013;0;18,5;0,044739471;156,8833173;73551,6;43138,8;0
17/06/2013;0;20,5;0,034690493;156,767253;66686,4;43459,2;0
18/06/2013;0;23,5;0,058273456;156,6511887;73951,2;52261,2;0
19/06/2013;0;23,5;0,044356607;156,5351245;67683,6;52171,2;0
20/06/2013;0;24,5;0,039169776;156,4190602;71445,6;49615,2;0
21/06/2013;0;25,5;0,031353217;156,3029959;70912,8;44665,2;0
22/06/2013;0;25,5;0,085656468;156,2449637;55976,4;42570;0
23/06/2013;0;25;0,046575451;156,1288994;78192;46270,8;0
24/06/2013;0;23;0,021762814;156,0128351;69584,4;47430;0
25/06/2013;0;22,5;0,032490904;155,8967708;71042,4;47466;0
26/06/2013;0;23,5;0,043015507;155,7807065;73195,2;51811,2;0
27/06/2013;0;23,5;-0,007009994;155,6066101;76690,8;51156;0
28/06/2013;0;24,5;0,046218059;155,4905458;76975,2;50702,4;0
29/06/2013;0;26,5;0,095582286;155,4325136;64519,2;48157,2;0
30/06/2013;0;25,5;-0,008246769;155,2584172;79408,8;48992,4;0
01/07/2013;0;25;0,015152087;155,0843208;78192;49856,4;0,024933
02/07/2013;0;26;0,057816729;154,9682565;84096;51811,2;0
03/07/2013;0;26,5;0,041451844;154,8521922;73670,4;49917,6;0
04/07/2013;0;26;0,05483725;154,7361279;82245,6;50148;0
05/07/2013;0;26,5;-0,012972744;154,5620314;73090,8;48981,6;0
06/07/2013;0;26;0,087973618;154,5039993;60116,4;46274,4;0
07/07/2013;0;27;-0,004753458;154,3299028;79128;48337,2;0
08/07/2013;0;28,5;0,057102703;154,2138385;81630;50828,4;0
09/07/2013;0;29,5;0,020513666;154,0397421;92833,2;54799,2;0
10/07/2013;0;27,5;0,0111373;153,8656456;86342,4;53668,8;0
11/07/2013;0;25,5;0,047227543;153,7495813;86472;52790,4;0
12/07/2013;0;26;0,010904726;153,5785396;82098;54111,6;0
13/07/2013;0;26,5;0,001994882;153,4090252;73288,8;53658;0
14/07/2013;0;25,5;0,057883698;153,2960156;83167,2;51750;0
15/07/2013;0;27,5;0,008752509;153,1265012;81586,8;53881,2;0
16/07/2013;0;28,5;0,012306951;152,9569868;85298,4;51472,8;0
17/07/2013;0;27,5;0,062688926;152,8439772;82036,8;53762,4;0
18/07/2013;0;27,5;0,006055533;152,6744628;83656,8;52041,6;0
19/07/2013;0;27,5;0,068597532;152,5614532;86432,4;54752,4;0
20/07/2013;0;27;-0,001453985;152,3919388;77371,2;52570,8;0
21/07/2013;0;28;0,017483948;152,2224244;92563,2;55774,8;0
22/07/2013;0;28;0,016010698;152,05291;90165,6;54453,6;0
23/07/2013;0;28;0,019012889;151,8833956;89978,4;59374,8;0
24/07/2013;0;29;0,018882466;151,7138812;88128;58852,8;0
25/07/2013;0;29,5;-0,0256623;151,487862;91332;56311,2;0
26/07/2013;0;27;0,060798354;151,3748524;89010;48538,8;0
27/07/2013;0;28;-0,050369312;151,1488332;74325,6;47552,4;0
28/07/2013;0;28,5;0,02037898;150,9793188;93574,8;52200;0
29/07/2013;0;27,5;0,024023404;150,8098044;92898;61074;0
30/07/2013;0;27,5;0,015053724;150,64029;94028,4;56650;0
31/07/2013;0;27,5;0,072460242;150,5272804;94442,4;57153,6;0
01/08/2013;0;29;-0,036245245;150,3012612;93214,8;58204,8;0
02/08/2013;0;28;0,006034292;150,1317468;87390;53776,8;0
03/08/2013;0;28,5;0,048130145;150,0187372;76881,6;49892,4;0
04/08/2013;0;29;0,011239974;149,8492228;90529,2;57009,6;0
05/08/2013;0;30,5;0,019472923;149,6797084;86580;57963,6;0
06/08/2013;0;32;0,003048366;149,4536892;94132,8;59058,1;0
07/08/2013;0;30;0,015532863;149,2841748;89298;56433,6;0
08/08/2013;0;28,5;0,031629622;149,1146604;96415,2;59828,4;0
09/08/2013;0;28,5;0,022554025;148,945146;90496,8;58946,4;0
10/08/2013;0;28,5;0,015100833;148,7756316;82774,8;57564;0
11/08/2013;0;27,5;0,035065704;148,6061172;90112,4;58881,6;0,019742
12/08/2013;0;27;0,010146956;148,4366028;89787,6;58532,4;0
13/08/2013;0;27,5;0,017410692;148,2670884;89748;59706;0
14/08/2013;0;28;0,001872779;148,097574;82710;55144,8;0
15/08/2013;0;29;0,024014622;147,9306031;91987,2;56556;0
16/08/2013;0;28;0,014269439;147,7649038;90849,6;58986;0
17/08/2013;0;26,5;-0,00641031;147,5992046;73915,2;55821,6;0
18/08/2013;0;28,5;0,014663413;147,4335054;88347,6;55800;0
19/08/2013;0;28,5;0,014073528;147,2678062;87660;57596;0
20/08/2013;0;28;0,021518638;147,102107;96559,2;57837,6;0
21/08/2013;0;28;0,059809892;146,9916408;86068,8;53071,2;0
22/08/2013;0;27,5;0,006797824;146,8259416;86569,2;55371,6;0
23/08/2013;0;28,5;0,013707784;146,6602424;85024,8;58298,4;0
24/08/2013;0;28;-0,00582517;146,4945432;77367,6;53107,2;0
25/08/2013;0;27;0,018578386;146,3288439;91677,6;49921,2;0
26/08/2013;0;28;0,056550179;146,2183778;83952;56473,2;0
27/08/2013;5,3;27,5;0,006521381;146,0526786;84142,8;55418,4;0
28/08/2013;0,3;25,5;0,430653913;146,3288439;77929,2;53280;0
29/08/2013;0;25;0,109745648;146,2736109;83343,6;55591,2;0
30/08/2013;0;24,5;-0,008737844;146,1079116;78436,8;51393,6;0
31/08/2013;0;25,5;0,034879906;145,9974455;69890,4;47232;0
01/09/2013;0;26;0,054146296;145,8869794;83055,6;50029,2;0
02/09/2013;0;26,5;0,012500164;145,7212801;79596;44744,4;0,022356
03/09/2013;0,2;26;0,039301669;145,610814;81273,6;45846;0
04/09/2013;0;25;-0,008525336;145,4451148;80892;44820;0
05/09/2013;9;25;0,045840051;145,3346486;78098,4;50072,4;0
06/09/2013;9,3;21;0,158024753;145,3898817;47404,8;47109,6;0
07/09/2013;0;25;-0,004440624;145,2794156;38674,8;41428,8;0
08/09/2013;0;24,5;0,070472229;145,2241825;57344,4;40791,6;0
09/09/2013;0;24,5;0,020593228;145,1137163;60588;41263,2;0
10/09/2013;0;25,5;0,034949105;145,0032502;74448;43977,6;0
11/09/2013;0;26,5;0,029145056;144,892784;65995,2;44438,4;0
12/09/2013;0;27;0,009459728;144,7823179;62035,2;43034,4;0
13/09/2013;0;26,5;0,067317701;144,7270848;61408,8;41338,8;0
14/09/2013;0;24,5;-0,037179175;144,5613856;62604;41731,2;0
15/09/2013;0;26;0,04190292;144,4509195;70826,4;42537,6;0
16/09/2013;0;29;-0,007896724;144,2852202;70405,2;42933,6;0
17/09/2013;0;26,5;0,048447665;144,1747541;76881,6;41432,4;0
18/09/2013;0;26,5;-0,019308651;144,0090549;72043,2;43099,2;0
19/09/2013;0;25,5;0,033979031;143,8985887;75913,2;44971,2;0
20/09/2013;0;25;0,031118486;143,7881226;71838;42364,8;0
21/09/2013;0;25;0,017019976;143,6776564;61538,4;41864,4;0
22/09/2013;0;24,5;0,028059145;143,5671903;71755,2;42152,4;0
23/09/2013;0;24;-0,034331786;143,4014911;68742;41853,6;0
24/09/2013;0;24;0,037828086;143,2910249;76197,6;42048;0
25/09/2013;0;25;0,02293657;143,1805588;65127,6;43156,8;0
26/09/2013;10,7;24;0,066397311;143,1253257;61750,8;43502,4;0
27/09/2013;1,9;21,5;0,021615422;143,0700926;33444;39038,4;0
28/09/2013;0;22,5;0,026073841;143,0148596;31442,4;34041,6;0
29/09/2013;0;25,5;-0,002414973;142,9043934;48582;37656;0
30/09/2013;0;27,5;0,019857108;142,7939273;38703,6;32911,2;0,026006
01/10/2013;0;27,5;0,023520841;142,6834611;65523,6;38502;0
02/10/2013;0;25;-0,008098416;142,572995;50911,2;36756;0
03/10/2013;0;26;0,067640682;142,5177619;65235,6;36954;0
04/10/2013;0;25;0,026447666;142,4103025;70124,4;36036;0
05/10/2013;0;24;0,005261774;142,302843;62074,8;35420,4;0
06/10/2013;0;23,5;0,024218365;142,1953836;72259,2;39308,4;0
07/10/2013;0;23,5;0,013023633;142,0879242;63882;37044;0
08/10/2013;0;23;0,025655897;141,9804648;71683,2;37540,8;0
09/10/2013;0;22;0,032071841;141,8730053;79884;39024;0
10/10/2013;0;22;-0,018327909;141,7118162;80542,8;38998,8;0
11/10/2013;0;22,5;0,019475273;141,6043568;65602,8;40734;0
12/10/2013;0;22,5;-0,029317267;141,4431676;61315,2;45640,8;0
13/10/2013;0;22,5;0,02805926;141,3894379;18774;43520,4;0
14/10/2013;0;22,5;0,024166119;141,2819785;63658,8;41986,8;0
15/10/2013;0;23;0,03420941;141,174519;76647,6;42300;0
16/10/2013;0;22,5;-0,034740285;141,0133299;70459,2;40312,8;0
17/10/2013;0;23;0,013558371;140,9058705;67435,2;34671,6;0
18/10/2013;0;21,5;0,003227588;140,7984111;66387,6;28098;0
19/10/2013;0;23;0,059432143;140,7446813;55882,8;31363,2;0
20/10/2013;0;22,5;-0,026751243;140,5834922;71823,6;42112,8;0
21/10/2013;7,5;19;0,053373021;140,5297625;56264,4;43826,4;0
22/10/2013;0;20,5;0,031347823;140,4760328;38671,2;37778,4;0
23/10/2013;0;23;-0,016161603;140,3685733;38224,8;33130,8;0
24/10/2013;0,6;20,5;0,027082509;140,3148436;47026,8;33516;0
25/10/2013;0;19,5;0,035782438;140,2611139;43027,2;35172;0
26/10/2013;0;22;-0,014845104;140,1536545;43131,6;36021,6;0
27/10/2013;0;21,5;0,013451023;140,0461951;60105,6;37663,2;0
28/10/2013;0;19,5;-0,02624424;139,8850059;57002,4;37609,2;0
29/10/2013;0;17;0,011617302;139,7775465;66625,2;35251,2;0
30/10/2013;0;16,5;0,00510547;139,6700871;60825,6;35622;0
31/10/2013;0;17;0,017296707;139,5626276;65404,8;44316;0
01/11/2013;0;17,5;0,008610866;139,4551682;58514,4;40381,2;0
02/11/2013;0;22;0,06337267;139,4014385;52113,6;38160;0
03/11/2013;0;19;-0,023128685;139,2402493;63806,4;41011,2;0
04/11/2013;0;20,5;-0,007525614;139,0790602;60458,4;38624,4;0,027792
05/11/2013;0;21,5;0,013872505;138,9716008;65869,2;38862;0
06/11/2013;0;20,5;0,008712627;138,8641413;62978,4;36601,2;0
07/11/2013;0;21;0,019202897;138,7566819;63928,8;37054,8;0
08/11/2013;0;20,5;0,020055772;138,6492225;66542,4;35841,6;0
09/11/2013;0;20;0,015157379;138,5417631;58665,6;36694,8;0
10/11/2013;0;20;-0,029547784;138,3805739;72471,6;40478,4;0
11/11/2013;0;19;0,017963953;138,2731145;66787,2;43156,8;0
12/11/2013;0;17;0,003245428;138,1656551;61570,8;42732;0
13/11/2013;0;17,5;0,042849252;138,1119254;52768,8;32076;0
14/11/2013;0;14,5;-0,03254524;137,9507362;66956,4;34506;0
15/11/2013;0;11,5;-0,006873467;137,8432768;56368,8;35161,2;0
16/11/2013;1,5;12;0,052378748;137,7895471;49518;36352,8;0
17/11/2013;0;11;0,008452863;137,6820876;61243,2;38700;0
18/11/2013;0;15;-0,031355921;137,5208985;65365,2;38404,8;0
19/11/2013;0;12;0,028392824;137,4134391;73522,8;40532,4;0
20/11/2013;0;12,5;0,015227434;137,3059796;59569,2;43988,4;0
21/11/2013;0;13;-0,035935436;137,1447905;64886,4;42314,4;0
22/11/2013;0;13;0,007760787;137,0399136;59389,2;39981,6;0
23/11/2013;0;12,5;0,04029932;136,9874752;47332,8;33202,8;0
24/11/2013;0;12;0,005174235;136,8825983;66056,4;33390;0
25/11/2013;0;12;-0,004479856;136,7777214;60138;34959,6;0
26/11/2013;0,7;10,5;0,051079525;136,7252829;61045,2;36115,2;0
27/11/2013;0;9,5;-0,009631633;136,620406;51112,8;37778,4;0
28/11/2013;0;11,5;-0,00172593;136,5155291;58762,8;37508,4;0
29/11/2013;0;11,5;0,049410349;136,4630907;55033,2;37292,4;0
30/11/2013;0;11,5;-0,050390911;136,3057753;54198;36867,6;0
01/12/2013;0;11,5;0,005787527;136,2008984;63126;41198,4;0
02/12/2013;0;11,5;0,054817976;136,14846;34909,2;36817,2;0,027079
03/12/2013;0;15;0,005229848;136,0435831;60267,6;41392,8;0
04/12/2013;0;13,5;0,004171964;135,9387062;62470,8;38664;0
05/12/2013;0;13;0,050430502;135,8862677;56041,2;39970,8;0
06/12/2013;0;12,5;-0,004673713;135,7813909;56725,2;37152;0
07/12/2013;0;12,5;0,040303017;135,7289524;48664,8;36698,4;0
08/12/2013;0;12,5;-0,006264326;135,6240755;55692;35546,4;0
09/12/2013;0;12;0,036730914;135,5716371;50713,2;32137,2;0
10/12/2013;0;13;0,002122507;135,4667602;60138;38440,8;0
11/12/2013;0;13,5;0,000951427;135,3618833;54334,8;43077,6;0
12/12/2013;5,2;12,5;0,055684335;135,3094448;57200,4;42508,8;0
13/12/2013;0;14;0,0367426;135,2570064;45435,6;34282,8;0
14/12/2013;0;13;0,029601429;135,2045679;43671,6;32061,6;0
15/12/2013;0;12,5;-0,015690257;135,099691;52041,6;31892,4;0
16/12/2013;0,7;14;0,031303658;135,0472526;47293,2;33298,2;0
17/12/2013;0;12;0,04005378;134,9948141;42249,6;36068,4;0
18/12/2013;12;12;0,108242342;134,9948141;44571,6;40572;0
19/12/2013;0;10;-0,064259632;134,8374988;36835,2;39960;0
20/12/2013;0;12;0,028285361;134,7850603;38059,2;35323,2;0
21/12/2013;0;12;0,019746433;134,7326219;34614;33901,2;0
22/12/2013;0;11,5;0,029494466;134,6801834;41274;33321,6;0
23/12/2013;28,9;10;0,02133;134,627745;31136,4;31105,2;0
24/12/2013;10,5;13;0,539301166;135,099691;18543,6;36205,2;0
25/12/2013;0;13;0,024666246;135,0472526;21182,4;32292;0
26/12/2013;0;15,5;0,068817788;135,0472526;24368,4;32896,8;0
27/12/2013;0;12;0,076311988;135,0472526;21020,4;34812;0
28/12/2013;0;10,5;-0,034699093;134,9423757;23695,2;33886,8;0
29/12/2013;0;10;0,025116682;134,8899372;31784,4;31604,4;0
30/12/2013;0;11;0,01580847;134,8374988;28054,8;28652,4;0
31/12/2013;0;16;0,007656107;134,7850603;21758,4;28897,2;0
01/01/2014;0;14;0,073173518;134,7850603;37706,4;32320,8;0
02/01/2014;0;16,5;0,035605635;134,7326219;37684,8;38826;0
03/01/2014;0;16;-0,003064348;134,627745;37760,4;41522,4;0
04/01/2014;0;14;0,039266205;134,5753065;35074,8;36201,6;0
05/01/2014;0;14,5;0,034404475;134,5228681;39956,4;34318,8;0
06/01/2014;0;14,5;0,007770319;134,4179912;43347,6;31518;0,026791
07/01/2014;0;13,5;0,04070343;134,3655528;52207,2;32040;0
08/01/2014;0;12;0,030987463;134,3131143;43905,6;32720,4;0
09/01/2014;0,2;11;-0,035654541;134,2082374;36453,6;31723,2;0
10/01/2014;0;11,5;0,019155571;134,155799;35460;32475,6;0
11/01/2014;0;15;0,021265118;134,1033605;34941,6;34059,6;0
12/01/2014;1,1;11,5;0,026484267;134,0509221;31726,8;36226,8;0
13/01/2014;0,6;12,5;0,019416455;133,9984836;27878,4;37188;0
14/01/2014;0,3;16,5;0,018672954;133,9460452;29988;34336,8;0
15/01/2014;10,4;10;0,061045709;133,9460452;23241,6;32061,6;0
16/01/2014;10,4;8,5;0,259690023;134,155799;17733,6;31680;0
17/01/2014;17,2;10;0,269162503;134,3655528;16498,8;32968,8;0
18/01/2014;0;9;0,588549283;134,8899372;16747,2;30103,2;0
19/01/2014;0;11,5;0,122510254;134,9423757;19969,2;29109,6;0
20/01/2014;9,4;11,5;0,115812161;134,9948141;18799,2;28300,4;0
21/01/2014;0,6;12,5;0,23018331;135,1521295;21898,8;32054,4;0
22/01/2014;0;12,5;0,063240054;135,1521295;18676,8;31428;0
23/01/2014;0;13;0,141679397;135,2045679;21135,6;31316,4;0
24/01/2014;0;19;0,024135809;135,1521295;22201,2;30729,6;0
25/01/2014;0;18,5;0,136549702;135,2045679;20214;30787,2;0
26/01/2014;0;12;0,032980819;135,1521295;29257,2;31993,2;0
27/01/2014;2;10,5;0,019643822;135,099691;28220,4;31780,8;0
28/01/2014;0;9,5;0,075582717;135,099691;28170;31654,8;0
29/01/2014;0;10;0,080719484;135,099691;26787,6;31870,8;0
30/01/2014;0;11;0,070490495;135,099691;28472,4;34664,4;0
31/01/2014;0;12;0,144284665;135,1521295;36381,6;33922,8;0
01/02/2014;0;11;0,077429742;135,1521295;40075,2;29998,8;0
02/02/2014;0;15;0,086151024;135,1521295;42310,8;32281,2;0
03/02/2014;1,4;12;0,008861951;135,0472526;37886,4;35308,8;0,033192
04/02/2014;3,1;12;0,114655904;135,099691;25880,4;34236;0
05/02/2014;1,5;15;0,130222692;135,1521295;32126,4;33048;0
06/02/2014;0;11;0,129717053;135,2045679;28069,2;32391,6;0
07/02/2014;3,4;10,5;0,163737892;135,3094448;25189,2;31568,4;0
08/02/2014;6,2;11;0,634999967;135,8862677;18734,4;29948,4;0
09/02/2014;0;9;0,331672411;136,14846;21549,6;27331,2;0
10/02/2014;5;10,5;0,319173843;136,4106522;21556,8;30135,6;0
11/02/2014;0;15;0,430291329;136,7777214;22255,2;31428;0
12/02/2014;0;16;0,33080865;137,0399136;21841,2;29793,6;0
13/02/2014;0;14;0,275472186;137,2522499;23576,4;29466;0
14/02/2014;1,4;15;0,23161298;137,4134391;27334,8;33519,6;0
15/02/2014;0;15,5;0,168450677;137,5208985;17031,6;33321,6;0
16/02/2014;0;10;0,225829869;137,6820876;24508,8;35341,2;0
17/02/2014;0;12,5;0,17607121;137,7895471;19594,8;30909,6;0
18/02/2014;0;14;0,074151952;137,7895471;25095,6;30416,4;0
19/02/2014;0;15;0,199862409;137,8970065;32108,4;34718,4;0
20/02/2014;0;12,5;0,158066587;137,9507362;40557,6;36064,8;0
21/02/2014;0;12;0,08817306;137,9507362;37569,6;33548,4;0
22/02/2014;7,9;13;0,131288518;138,0044659;33004,8;31226,4;0
23/02/2014;2;11;0,184649591;138,1119254;26755,2;31233,6;0
24/02/2014;0;13,5;0,140241959;138,1656551;26380,8;32389,2;0
25/02/2014;0;13,5;0,045306045;138,1119254;38959,2;33408;0
26/02/2014;0;14,5;0,155979749;138,1656551;40748,4;34826,4;0
27/02/2014;0;15,5;0,046465644;138,1119254;37501,2;32292;0
28/02/2014;2,9;14;0,177478687;138,2193848;31773,6;31842;0
01/03/2014;0,8;14,5;0,285278308;138,4343036;26474,4;29462,4;0
02/03/2014;0;12,5;0,382055644;138,7029522;44258,4;33314,4;0
03/03/2014;0;11,5;0,07596435;138,6492225;35611,2;34977,6;0,028627
04/03/2014;0;11,5;0,115521064;138,6492225;47703,6;37339,2;0
05/03/2014;0;16;0,105535924;138,6492225;48506,4;38314,8;0
06/03/2014;0;13;0,101472579;138,6492225;47466;39034,8;0
07/03/2014;0;15;0,093394605;138,6492225;42732;33552;0
08/03/2014;0;14;0,142722191;138,7029522;37256,4;34621,2;0
09/03/2014;0;13;0,047604584;138,6492225;48034,8;36723,6;0
10/03/2014;0;13,5;0,100680792;138,6492225;46742,4;37897,2;0
11/03/2014;5,3;12,5;0,141820392;138,7029522;42570;36428,4;0
12/03/2014;0;13,5;0,136188797;138,7566819;34812;33202,8;0
13/03/2014;0;11,5;0,069969801;138,7566819;30297,6;31647,6;0
14/03/2014;0;14,5;0,140998857;138,8104116;35514;33026,4;0
15/03/2014;0;17;0,088171171;138,8104116;33566,4;33735,6;0
16/03/2014;0;17,5;0,058584437;138,7566819;51440,4;35730;0
17/03/2014;0;17;0,114118431;138,7566819;54993,6;35586;0
18/03/2014;0;16;0,051776443;138,7029522;50774,4;36547,2;0
19/03/2014;0;15;0,045598959;138,6492225;48888;36003,6;0
20/03/2014;0;16,5;0,102348017;138,6492225;47260,8;36907,2;0
21/03/2014;0;17,5;0,072936106;138,5954928;51314,4;36327,6;0
22/03/2014;0;16;0,055869172;138,5417631;47214;34059,6;0
23/03/2014;0;17;0,078562917;138,4880334;56973,6;35780,4;0
24/03/2014;0;15,5;0,03050392;138,3805739;58939,2;38437,2;0
25/03/2014;0;12,5;0,026368936;138,2731145;60404,4;38728,8;0
26/03/2014;0;13;0,053546977;138,2193848;49618,8;36846;0
27/03/2014;0;15;0,050945236;138,1656551;43124,4;33274,8;0
28/03/2014;8,4;9,5;0,065712133;138,1656551;28634,4;33343,2;0
29/03/2014;0;13,5;0,079299484;138,1656551;26337,6;32155,2;0
30/03/2014;0;16;0,041703189;138,1119254;38145,6;33285,6;0
31/03/2014;0;17;0,059473341;138,0581956;38228,4;33318;0,026726
01/04/2014;11,7;11,5;0,120769538;138,1119254;24645,6;31726,8;0
02/04/2014;0,7;13;0,123454132;138,1656551;22388,4;33998,4;0
03/04/2014;0;15,5;0,093902815;138,1656551;25830;32328;0
04/04/2014;0;20;0,040450442;138,1119254;28382,4;31662;0
05/04/2014;0;21;0,051685873;138,0581956;33833,2;32122,8;0
06/04/2014;0;21;0,066162502;138,0044659;56707,2;35463,6;0
07/04/2014;0;21,5;0,116308136;138,0044659;49395,6;36525,6;0
08/04/2014;0;18;0,010280019;137,8970065;59814;37144,8;0
09/04/2014;0;19;0,053441933;137,8432768;48459,6;36871,2;0
10/04/2014;0;21;0,062219539;137,7895471;54972;37011,6;0
11/04/2014;0;21;0,019197735;137,6820876;59220;38692,8;0
12/04/2014;0;19;0,060813622;137,6283579;50947,2;38052;0
13/04/2014;0;18;0,002103938;137,5208985;56005,2;39196,8;0
14/04/2014;0;19,5;0,072885764;137,4671688;57769,2;42789,6;0
15/04/2014;0;20,5;0,018952165;137,3597094;58107,6;42260,4;0
16/04/2014;0;20,5;0,062791168;137,3059796;53542,8;37472,4;0
17/04/2014;0;20,5;0,002065447;137,1985202;43779,6;36003,6;0
18/04/2014;0;17;0,056537063;137,1447905;51591,6;38498,4;0
19/04/2014;14,9;18,5;0,077818982;137,1447905;34336,8;36579,6;0
20/04/2014;15,8;15,5;0,133917938;137,1985202;33991,2;36637,2;0
21/04/2014;0;17,5;0,101781883;137,1985202;35434,8;33418,8;0
22/04/2014;0;19;0,044244445;137,1447905;37364,4;33530,4;0
23/04/2014;0;18;0,058707169;137,0923521;38480,4;32853,6;0
24/04/2014;0;17;0,027701894;136,9874752;47116,8;34531,2;0
25/04/2014;0;22,5;0,08100717;136,9350367;49557,6;35092,8;0
26/04/2014;0;22,5;-0,014138708;136,7777214;52038;36554,4;0
27/04/2014;0;22;0,050965827;136,6728445;70236;43234,6;0
28/04/2014;0;23,5;0,044538631;136,5679676;65606,4;44107,2;0
29/04/2014;0;23;0,079214293;136,5155291;60184,8;40773,6;0
30/04/2014;0;20,5;0,072615278;136,4630907;58075,2;40525,2;0
01/05/2014;0;22;0,03211757;136,3582138;64778,4;41018,4;0
02/05/2014;0;20;0,026362631;136,2533369;60044,4;40543,2;0
03/05/2014;0;20,5;0,024153388;136,14846;54583,2;40114,8;0
04/05/2014;0;20,5;0,037932182;136,0435831;70268,4;39283,2;0
05/05/2014;0;21;0,05461993;135,9387062;67608;37076,4;0,024739
06/05/2014;0;21,5;0,037321215;135,8338293;67730,4;41774,4;0
07/05/2014;0;21,5;0,020944995;135,7289524;59058;41994;0
08/05/2014;0;22;0,029951059;135,6240755;63997,2;41860,8;0
09/05/2014;0;22;0,026368205;135,5191986;61268,4;40496,4;0
10/05/2014;0;25;0,025706721;135,4143217;55191,6;39614,4;0
11/05/2014;0;23,5;0,04111059;135,3094448;73947,6;41014,8;0
12/05/2014;0;20,5;0,005433389;135,2045679;56246,4;43027,2;0
13/05/2014;0;21,5;0,029123738;135,099691;61585,2;40899,6;0
14/05/2014;0;20;0,032733902;134,9948141;65059,2;43153,2;0
15/05/2014;0;20;-0,02190699;134,8374988;63511,2;37278;0
16/05/2014;0;19,5;0,01367063;134,7326219;57405,6;35978,4;0
17/05/2014;0;18,5;0,009335233;134,627745;50148;37342,8;0
18/05/2014;0;20,5;0,043909611;134,5228681;73274,4;44092,8;0
19/05/2014;0;21,5;0,026210122;134,4179912;59904;43444,8;0
20/05/2014;5;18;0,048308042;134,3655528;46245,6;38804,4;0
21/05/2014;0;19;0,021627801;134,2606759;56484;34984,8;0
22/05/2014;0;21,5;0,000321913;134,1033605;69818,4;40795,2;0
23/05/2014;0;21;0,030205118;133,9984836;66121,2;41806,8;0
24/05/2014;0;21;0,012889207;133,8936067;54118,8;41205,6;0
25/05/2014;0;21,5;0,002009421;133,7362914;73699,2;43387,2;0
26/05/2014;0;21;0,038154675;133,6314145;67788;41367,6;0
27/05/2014;0;21,5;-0,006160622;133,4740991;78602,4;39225,6;0
28/05/2014;0;24;0,056715943;133,3692222;73796,4;37314;0
29/05/2014;5,2;25;0,018019727;133,2119069;79398;41857,2;0
30/05/2014;4,9;21;0,046993666;133,10703;74488,4;47239,2;0
31/05/2014;0;18;0,043303512;133,0545916;41799,6;37836;0
01/06/2014;0;19,5;0,017538416;132,9497147;56674,8;37180,8;0
02/06/2014;0;22,5;0,00399278;132,7923993;64980;35301,6;0,026265
03/06/2014;0;27;0,013896072;132,635084;81730,8;38678,4;0
04/06/2014;0;25;0,042982756;132,5302071;74908,8;42901,2;0
05/06/2014;0;26;0,006362034;132,3728917;76208,4;47091,6;0
06/06/2014;0;27;0,017732789;132,2155764;82054,8;47995,2;0
07/06/2014;0;26;0,037654643;132,1106995;63982,8;38228,4;0
08/06/2014;0;25;0,009275305;131,9533841;86274;41580;0
09/06/2014;0;24,5;0,030834309;131,8500789;75675,6;39880,8;0
10/06/2014;0;24,5;0,040421378;131,7483454;77353,2;47260,8;0
11/06/2014;0;26;5,75995E-05;131,595745;68338,8;48751,2;0
12/06/2014;0;27,5;0,014531003;131,4431447;82432,8;44010;0
13/06/2014;0;30;0,019563005;131,2905444;79938;44366,4;0
14/06/2014;0;25,5;0,043319573;131,1888108;69991,2;42145,2;0
15/06/2014;0;24;0,004209764;131,0362105;84344,4;42660;0
16/06/2014;0;23,5;0,009931266;130,8836101;82666,8;44949,6;0
17/06/2014;0;25,5;0,017004812;130,7310098;86904;44737,2;0
18/06/2014;0;25;0,013452236;130,5784094;84704,4;45979,2;0
19/06/2014;0;25,5;0,019895682;130,4258091;83502;49557,6;0
20/06/2014;0;27;0,029902451;130,2732088;86576,4;49870,8;0
21/06/2014;0;24;-0,003121971;130,1206084;73087,2;44690,8;0
22/06/2014;0;24,5;0,016100685;129,9680081;89154;48895,2;0
23/06/2014;0,4;22;-8,80999E-06;129,8154078;77324,4;50256;0
24/06/2014;0;25;0,005373384;129,6119406;97905,6;59439,6;0
25/06/2014;0;27,5;0,011332496;129,5102071;46854;24937,2;0
26/06/2014;0;27;0,035463882;129,3576068;99885,6;47689,2;0,000777
27/06/2014;0;29;0,031934168;129,2050064;86752,8;46911,6;0
28/06/2014;0;27,5;-0,006194168;129,0015393;85608;52214,4;0
29/06/2014;0;26;0,043124424;128,848939;104079,6;52045,2;0
30/06/2014;0;27,5;0,006173838;128,6454718;97210,8;45255,6;0,025084
01/07/2014;0;24,5;0,001370661;128,4420047;101419,2;45673,2;0
02/07/2014;0;25;0,018123427;128,2894044;87584,4;51760,8;0
03/07/2014;0;27;-0,00861215;128,0859373;100515,6;49852,8;0
04/07/2014;0;28,5;0,028261084;127,9333369;89301,6;49636,8;0
05/07/2014;0;27,5;0,029656202;127,7807366;81255,6;49525,2;0
06/07/2014;0;27,5;0,015704609;127,5772695;105051,6;51109,2;0
07/07/2014;0;27;0,042697794;127,4246691;107028;54021,6;0
08/07/2014;0;26,5;-0,016102914;127,221202;103968;51199,2;0
09/07/2014;0;25,5;0,025849103;127,0686017;90352,8;52408,8;0
10/07/2014;0;26;0,028118659;126,9160014;90343,6;52207,2;0
11/07/2014;0;26,5;-0,022547261;126,7151891;93510;51145,2;0
12/07/2014;0;26;0,015552559;126,566571;85525,2;47570,4;0
13/07/2014;0;27;0,035379796;126,417953;96670,8;51771,6;0
14/07/2014;0;27,5;-0,014855168;126,2197956;94201,2;54086,4;0
15/07/2014;0;28;0,042160161;126,0711775;103464;52329,6;0
16/07/2014;0;29;-0,012788039;125,8730201;101811,6;49611,6;0
17/07/2014;0;29,5;0,045482219;125,7244021;101689,2;50513,6;0
18/07/2014;0;28,5;0,011518187;125,5262446;94068;50342,4;0
19/07/2014;0;28;-0,015391835;125,3280872;81460,8;51541,2;0
20/07/2014;0;28;0,006851828;125,1299298;107812,8;56437,2;0
21/07/2014;0;28,5;0,051448715;124,9813118;97322,4;60530,4;0
22/07/2014;0;29,5;0,005181344;124,7831544;102427,2;57258;0
23/07/2014;0;28,5;-0,002694728;124,584997;99399,6;55432,8;0
24/07/2014;0;28,5;0,03952628;124,4363789;99619,2;50900,4;0
25/07/2014;0;28,5;0,023421916;124,2877608;93506,4;46382,4;0
26/07/2014;0;28;0,015746633;124,1391428;81396;51339,6;0
27/07/2014;0;31;0,009768721;123,9409854;99687,6;57888;0
28/07/2014;0;30;0,002961107;123,742828;107625,6;58485,6;0
29/07/2014;0;27,5;-0,005266696;123,5446706;108950,4;53406;0
30/07/2014;0;27;-0,008838597;123,3465132;100778,4;50662,8;0
31/07/2014;0;26,5;0,02087856;123,1483558;108774;56214;0
01/08/2014;0;28;0,010802881;122,9501983;97239,6;58226,4;0
02/08/2014;0;28,5;-0,012403294;122,7520409;90500,4;56037,6;0
03/08/2014;0;28;-0,003050035;122,5538835;109008;56721,6;0
04/08/2014;0;28,5;0,058921204;122,4052655;106693,2;55839,6;0
05/08/2014;0;27,5;-0,014374313;122,2071081;106084,8;55710;0
06/08/2014;0;27;0,042137134;122,05849;96148,8;52621,2;0
07/08/2014;0;28;0,009319281;121,8603326;106804,8;53859,6;0
08/08/2014;0;29;0,001666904;121,6682388;95850;61380;0
09/08/2014;0;32;0,052158229;121,5241684;89978,4;61477,2;0
10/08/2014;0;30,5;0,017504286;121,3320745;107989,2;59317,2;0
11/08/2014;0;29,5;0,005924812;121,1399807;98222,4;48812,4;0
12/08/2014;0;30;0,042215565;120,9478868;119214;51559,2;0
13/08/2014;0;26,5;0,016551913;120,755793;106776;73771,2;0
14/08/2014;0;27;-0,003898503;120,5636991;100886,4;69404,4;0
15/08/2014;0;23;0,04234483;120,4196287;99770,4;59569,2;0
16/08/2014;0;26,5;-0,023837324;120,2275349;84031,2;62010;0
17/08/2014;0;27,5;-0,005067408;120,035441;95353,2;53082;0
18/08/2014;0;28;0,048107614;119,8913707;97920;52326;0
19/08/2014;0;30,5;0,013285922;119,6992768;104212,8;53024,4;0
20/08/2014;0;27,5;0,013052744;119,507183;105282;54662,4;0
21/08/2014;0;28;0,006878705;119,3150891;105912;56556;0
22/08/2014;0;27,5;0,05217269;119,1710187;99424,8;57945,6;0
23/08/2014;0;27;-0,007815895;118,9789249;92181,6;57103,2;0
24/08/2014;0;27,5;0,046177424;118,8348545;101095,2;58021,2;0
25/08/2014;0;29;0,004282777;118,6427606;95608,8;58669,2;0
26/08/2014;0;30,5;0,048195474;118,4506668;100735,2;58798,8;0
27/08/2014;0;29;0,034713332;118,3065964;99043,2;61120,8;0
28/08/2014;0;28,5;0,019682377;118,1145026;102747,6;63248,4;0
29/08/2014;0;28,5;0,026906904;117,9704322;96346,8;56048,4;0
30/08/2014;0;27,5;-0,036788009;117,7783383;85831,2;49010,4;0
31/08/2014;0;27,5;-0,013542658;117,5862445;103633,2;47822,4;0
01/09/2014;0;28,5;0,073658008;117,4421741;105462;53172;0,026323
02/09/2014;0;30,5;0,000583037;117,2500802;100389,6;50540,4;0
03/09/2014;0;31;0,050173278;117,1060099;99363,6;52221,6;0
04/09/2014;0;30;-0,008510204;116,9177809;99543,6;49402,8;0
05/09/2014;0;29;-0,006452485;116,7308402;93312;48402;0
06/09/2014;0;27;0,022128289;116,5906346;81532,8;48675,6;0
07/09/2014;0;28;-0,00492784;116,4036939;100350;49104;0
08/09/2014;0;28;0,033887368;116,2634884;90907,2;52070,4;0
09/09/2014;0;28,5;-0,000246946;116,0765477;98805,6;53514;0
10/09/2014;0;27;0,004374318;115,889607;95248,8;51386,4;0
11/09/2014;0;28,5;-0,010165464;115,7026663;104896,8;46512;0
12/09/2014;0;28;0,04312589;115,5624607;95547,6;46483,2;0
13/09/2014;0;28,5;0,032746302;115,4222552;86468;44751,6;0
14/09/2014;0;26,5;-0,012108454;115,2353145;99820,8;47379,6;0
15/09/2014;0;26,5;0,016382472;115,095109;85626;45226,8;0
16/09/2014;0;24;-0,036179204;114,9081683;95511,6;45435,6;0
17/09/2014;0;24;0,012719403;114,7679627;89024,4;43822,8;0
18/09/2014;0;24;0,021611485;114,6277572;91980;46512;0
19/09/2014;0;25,5;0,017551345;114,4875517;86727,6;48657,6;0
20/09/2014;0;25,5;-0,0046871;114,3473461;71481,6;42616,8;0
21/09/2014;11,2;23,5;0,011298179;114,2071406;89301,6;41266,8;0
22/09/2014;0;23,5;0,009649478;114,0669351;88488;43239,6;0
23/09/2014;0;24,5;0,063265881;113,9734647;89197,2;42454,8;0
24/09/2014;0;24;0,011655323;113,8332592;84495,6;42768;0
25/09/2014;14,7;23,5;0,051813895;113,7397888;75830,4;45799,2;0
26/09/2014;17;20;0,004222983;113,6463185;52531,2;43308;0
27/09/2014;8,1;22;0,125027652;113,6930537;37891,2;39937,6;0
28/09/2014;0;22,5;-0,010301267;113,5995833;38134,8;37620;0
29/09/2014;0;24;-0,009696421;113,5061129;38336,4;30618;0
30/09/2014;0;24;0,046150221;113,4593778;42717,6;32112;0
01/10/2014;0;24,5;-0,000304547;113,3659074;41781,6;34264,8;0
02/10/2014;0;23;0,019574218;113,2724371;56012,4;38073,6;0
03/10/2014;0;23;0,021658792;113,1789667;59533,2;37573,2;0
04/10/2014;0;22,5;0,008989618;113,0854964;49330,8;36964,8;0
05/10/2014;0;22;-0,008319927;112,9452908;70610,4;37281,6;0
06/10/2014;0;23,5;0,022732647;112,8050853;68792,4;44377,2;0,026258
07/10/2014;0;25,5;0,000610573;112,6648798;73090,8;43315,2;0
08/10/2014;0;24;0,031123065;112,5714094;65628;37332;0
09/10/2014;2;22,5;0,018167321;112,4779391;63295,2;36842,4;0
10/10/2014;13,4;21,5;-0,007525028;112,3844687;45471,6;35416,8;0
11/10/2014;22,5;17;0,167737253;112,4779391;26092,8;32994;0
12/10/2014;26,3;17;0,172272289;112,5714094;27291,6;33559,2;0
13/10/2014;0;18;0,083649077;112,5714094;25336,8;38520;0
14/10/2014;0;21;0,028953793;112,5246742;26557,2;30726;0
15/10/2014;0;22;0,029058919;112,4779391;28861,2;32212,8;0
16/10/2014;0;22,5;0,035233723;112,4312039;32522,4;33811,2;0
17/10/2014;0;23;-0,005588763;112,3391504;36338,4;37717,2;0
18/10/2014;0;25,5;0,04583689;112,2938321;31370,4;40946,4;0
19/10/2014;0;24;0,063937719;112,2485138;53481,6;39697,2;0
20/10/2014;0;23;0,010431756;112,1578772;52873,2;31208,4;0
21/10/2014;0;25;-0,00918432;112,0219223;64368;32126,4;0
22/10/2014;0;21;0,017842601;111,9312857;58518;34372,8;0
23/10/2014;0;21,5;0,030143077;111,8406491;65268;41306,4;0
24/10/2014;0;21;-0,020285947;111,7046942;59011,2;41090,4;0
25/10/2014;0;21,5;0,018298714;111,6140577;53049,6;40784,4;0
26/10/2014;0;21;0,026263702;111,5234211;66625,2;37468,8;0
27/10/2014;0;20,5;0,019435087;111,4327845;58734;40366,8;0
28/10/2014;0;20,5;0,021471654;111,3421479;62935,2;40035,6;0
29/10/2014;0;21;0,017086224;111,2515113;58870,8;37436,4;0
30/10/2014;0;20;-0,023513613;111,1155564;60408;41083,2;0
31/10/2014;0;20,5;-0,00017926;111,0249198;43441,2;36072;0
01/11/2014;0;19,5;0,002812154;110,9342832;42865,2;39189,6;0
02/11/2014;9,6;19,5;0,002492908;110,8436466;51591,6;36982,8;0
03/11/2014;0;18,5;0,05845641;110,7983283;26402,4;29098,8;0,0250488
04/11/2014;0;14;-0,006505812;110,7076917;33570;29624,4;0
05/11/2014;0;15,5;0,005997414;110,6170551;45187,2;31431,6;0
06/11/2014;0;18;-8,86124E-05;110,5264185;47181,6;35182,8;0
07/11/2014;2;16,5;0,020982428;110,4357819;50014,8;42519,6;0
08/11/2014;0;15;0,008332189;110,3451453;38044,8;45028,8;0
09/11/2014;1,4;15,5;-0,027900585;110,2545087;21430,8;32227,2;0
10/11/2014;15;14,5;0,111431215;110,3451453;1292,4;12690;0
11/11/2014;0;17,5;-0,003768357;110,299827;2800,8;32392,8;0
12/11/2014;2,2;17,5;0,025437004;110,2545087;33210;36183,6;0
13/11/2014;12,1;15;0,196613738;110,3904636;21517,2;35053,2;0
14/11/2014;0;15,5;0,030562827;110,3451453;24170,4;33544,8;0
15/11/2014;0;15;0,024797873;110,299827;20563,2;31392;0
16/11/2014;0;14,5;0,029135717;110,2545087;28645,2;31284;0
17/11/2014;0;15;0,026050399;110,2091904;31420,8;34048,8;0
18/11/2014;0;16;0,027960389;110,1638721;30960;36421,2;0
19/11/2014;0;15,5;0,034327392;110,1185539;40935,6;34174,8;0
20/11/2014;0;19,5;0,027978185;110,0732356;32630,4;33411,6;0
21/11/2014;0;21,5;0,001718648;109,982599;36734;34776;0
22/11/2014;0;19;0,034173908;109,9372807;39290,4;32047,2;0
23/11/2014;0;19;-0,006902475;109,8466441;42728,4;31950;0
24/11/2014;0;18;0,038775069;109,8013258;38628;35506,8;0
25/11/2014;11,7;16;-0,002027076;109,7106892;38782,8;39873,6;0
26/11/2014;53,7;12;0,670796043;110,299827;31233,6;39528;0
27/11/2014;10,9;11,5;2,62447783;112,8518205;35618,4;34099,2;0
28/11/2014;10,2;14;0,581271534;113,3659074;26564,4;33217,2;0
29/11/2014;0;15,5;0,251689716;113,5528481;16502,4;32032,8;0
30/11/2014;0;16,5;0,069650067;113,5528481;19198,8;31921,2;0
01/12/2014;0;15;0,092128995;113,5528481;17834,4;30596,4;0,0311904
02/12/2014;0;12;0,107724964;113,5995833;15991,2;31096,8;0
03/12/2014;0;12,5;0,056577044;113,5995833;14569,2;31813,2;0
04/12/2014;0;8,5;0,071088366;113,5995833;21240;34556,4;0
05/12/2014;0;9,5;0,07864046;113,5995833;20300,4;36097,2;0
06/12/2014;0;10,5;0,018796708;113,5528481;18648;37155,6;0
07/12/2014;0;11,5;0,072727757;113,5528481;23572,8;33404,4;0
08/12/2014;0;13;0,035650177;113,5061129;26110,8;40528,8;0
09/12/2014;0;11;0,068956925;113,5061129;25938;37461,6;0
10/12/2014;0;10;0,058706973;113,5061129;22816,8;32648,4;0
11/12/2014;0;11,5;0,017614961;113,4593778;25059,6;32346;0
12/12/2014;12,4;12,5;0,102016508;113,5061129;18241,2;35650,8;0
13/12/2014;1,2;10;0,097483229;113,5528481;14101,2;36183,6;0
14/12/2014;0;12,5;0,068688402;113,5528481;17791,2;36536,4;0
15/12/2014;0;12,5;0,065222595;113,5528481;16614;36100,8;0
16/12/2014;0;14,5;-0,019901171;113,4593778;22114,8;36176,4;0
17/12/2014;0;14,5;0,063869907;113,4593778;20008,8;36453,6;0
18/12/2014;0;14;0,018739846;113,4126426;25884;35888,4;0
19/12/2014;0;13,5;0,061076735;113,4126426;23745,6;31777,2;0
20/12/2014;0;14,5;0,008948776;113,3659074;18824,4;31770;0
21/12/2014;0;11,5;0,018643986;113,3191722;27658,8;34020;0
22/12/2014;0;12;0,069465382;113,3191722;32072,4;35542,8;0
23/12/2014;0;9;0,019913265;113,2724371;26218,8;35805,6;0
24/12/2014;0;12;0,055146834;113,2724371;17467,2;33980,4;0
25/12/2014;0;11;0,021526001;113,2257019;29977,2;35510,4;0
26/12/2014;0;11,5;0,088461581;113,2257019;33145,2;36363,6;0
27/12/2014;5,2;9,5;0,072847922;113,2257019;26856;36284,4;0
28/12/2014;0;8;-0,012074823;113,1322315;36813,6;33494,4;0
29/12/2014;0;8;0,032979215;113,0854964;39117,6;35978,4;0
30/12/2014;0;10,5;0,037178088;113,0387612;39222;36842,4;0
31/12/2014;0;9,5;0,016694347;112,992026;20228,4;38124;0
01/01/2015;0;10,5;0,029843593;112,9452908;33645,6;37857,6;0
02/01/2015;0;13;0,027661388;112,8985556;32752,8;35647,2;0
03/01/2015;0;12,5;0,071365365;112,8985556;29991,6;35377,2;0
04/01/2015;0;11,5;-0,01883722;112,8050853;34430,4;36514,8;0
05/01/2015;0;10;0,070398959;112,8050853;27878,4;40215,6;0
06/01/2015;0;12;0,03130273;112,7583501;35622;35964;0
07/01/2015;0;12;0,044563243;112,7116149;33742,8;51566,4;0
08/01/2015;0;10,5;0,012455913;112,6181446;40104;61218;0
09/01/2015;0;10,5;0,006725154;112,5246742;37890;54943,2;0
10/01/2015;0;16,5;0,060017325;112,4779391;34441,2;56671,2;0
11/01/2015;0;12,5;0,013275049;112,3844687;42382,8;62064;0
12/01/2015;0;13;0,042671007;112,2938321;37555,2;61783,2;0,028915
13/01/2015;0;12,5;0,009666907;112,2031955;33498;64335,6;0,000633
14/01/2015;5,2;12,5;0,058489325;112,1578772;31496,4;64965,6;0
15/01/2015;0;10;0,055250494;112,1125589;20001,6;64044;0
16/01/2015;0,4;9,5;0,014002889;112,0219223;21330;58996,8;0
17/01/2015;14,8;6,5;0,126966195;112,0672406;17172;58510,8;0
18/01/2015;0;9,5;0,284164349;112,2485138;22111,2;62406;0
19/01/2015;5,3;8,5;0,174132538;112,3391504;17798,4;57884,4;0
20/01/2015;0,9;8;0,184683698;112,4312039;19062;57013,2;0
21/01/2015;0;8,5;0,129256822;112,4779391;17564,4;58057,2;0
22/01/2015;0;9,5;0,14516077;112,5246742;17748;64112,4;0
23/01/2015;0;12;0,14546877;112,5714094;19134;63489,6;0
24/01/2015;0;13;0,007816963;112,4779391;21092,4;62254,8;0
25/01/2015;0;11,5;0,052077011;112,4312039;28353,6;63100,8;0
26/01/2015;0;12,5;0,063428444;112,3844687;33807,6;57967,2;0
27/01/2015;0;16;0,063623571;112,3391504;30106,8;60451,2;0
28/01/2015;0;14,5;0,022727022;112,2485138;35172;62114,4;0
29/01/2015;0;14,5;0,139137134;112,2938321;29887,2;61174,8;0
30/01/2015;0;11;0,385522267;112,5714094;33224,4;60912;0
31/01/2015;0;8,5;0,160185527;112,6181446;33984;59668;0
01/02/2015;0,1;9,5;0,112945762;112,6181446;41410,8;61866;0
02/02/2015;0,2;9,5;0,140985362;112,6181446;41479,2;61549,2;0,028288
03/02/2015;0;7,5;0,226162724;112,7116149;52639,2;61624,8;0
04/02/2015;0;6,5;0,082831503;112,6648798;52383,6;61063,2;0
05/02/2015;0;7;0,128503864;112,6648798;56678,4;61232,4;0
06/02/2015;0;7;0,105917808;112,6648798;44776,8;58377,6;0
07/02/2015;0,2;7,5;0,143696306;112,7116149;32684,4;57826,8;0
08/02/2015;0;9,5;0,106882366;112,7116149;41961,6;56628;0
09/02/2015;0;10,5;0,102221455;112,7116149;35784;63673,2;0
10/02/2015;13,3;11,5;0,141920439;112,7583501;38332,8;45331,2;0
11/02/2015;5,1;9;0,166873418;112,8518205;19814,4;49899,6;0
12/02/2015;0;11,5;0,132885936;112,8985556;18846;57618;0
13/02/2015;0;13,5;0,080355988;112,8985556;19162,8;53812,8;0
14/02/2015;0;13,5;0,13480798;112,9452908;19530;50547,6;0
15/02/2015;0;13;0,068784963;112,8985556;31420,8;63342;0
16/02/2015;6,9;8,5;0,2340206;113,0387612;21459,6;65430;0
17/02/2015;0;13,5;0,13031764;113,0854964;19843,2;53578,8;0
18/02/2015;0;12;0,132605508;113,1322315;21805,2;52977,6;0
19/02/2015;0;11,5;0,117781316;113,1789667;21121,2;44841,6;0
20/02/2015;0;11;0,135046117;113,2257019;24361,2;48232,8;0
21/02/2015;0;13;0,091074162;113,2257019;24238,8;53892;0
22/02/2015;0;13,5;0,172643912;113,2724371;38674,8;50241,6;0
23/02/2015;0;12,5;0,022932374;113,1789667;42876;49496,4;0
24/02/2015;0;13,5;0,168769468;113,2257019;43657,2;48330;0
25/02/2015;0;17,5;0,070665343;113,1789667;49086;46594,8;0
26/02/2015;0;15,5;0,073510022;113,1322315;46386;54918;0
27/02/2015;0;15,5;0,07897263;113,0854964;44942,4;61830;0
28/02/2015;0;19;0,112683639;113,0854964;37159,2;51508,8;0
01/03/2015;0;18;0,104790694;113,0854964;40863,6;48686,4;0
02/03/2015;0;17,5;0,091087648;113,0387612;41266,8;49147,2;0,030326
03/03/2015;0;16;0,051363471;112,992026;32778;55166,4;0
04/03/2015;0;9,5;0,043126455;112,9452908;24282;58658,4;0
05/03/2015;0;11,5;0,069196398;112,8985556;39070,8;62100;0
06/03/2015;0;12;0,066257816;112,8518205;40014;63295,2;0
07/03/2015;0;14;0,059815067;112,8050853;32875,2;53852,4;0
08/03/2015;0;13,5;0,062176986;112,7583501;40014;56455,2;0
09/03/2015;0;15;0,013742998;112,6648798;38289,6;50961,6;0
10/03/2015;0;17;0,066999093;112,6181446;46782;48535,2;0
11/03/2015;0;19;0,047269934;112,5246742;54734,4;57016,8;0
12/03/2015;0;16;0,034935731;112,4312039;49125,6;62265,6;0
13/03/2015;0;15;0,071993918;112,3844687;44118;61279,2;0
14/03/2015;0;12;0,017889936;112,2938321;38077,2;60800,4;0
15/03/2015;0;12,5;0,038957787;112,2031955;49402,8;65955,6;0
16/03/2015;16,8;12,5;0,117672309;112,2031955;33663,6;63802,8;0
17/03/2015;2,5;11,5;0,082635978;112,2031955;22417,2;53330,4;0
18/03/2015;3,2;13;0,081877502;112,2031955;21168;55198,8;0
19/03/2015;14;11;0,160512395;112,2938321;18500,4;46321,2;0
20/03/2015;6,2;11,5;0,201981603;112,4312039;18356,4;43034,4;0
21/03/2015;4,6;11,5;0,208051644;112,5714094;17953,2;47131,2;0
22/03/2015;4,8;12,5;0,336291657;112,8518205;21398,4;27565,2;0
23/03/2015;0;12;0,263142741;113,0387612;20275,2;40690,8;0
24/03/2015;0;11,5;0,142421286;113,0854964;20080,8;46047,6;0
25/03/2015;0;14;0,145979985;113,1322315;22244,4;48819,6;0
26/03/2015;0;19,5;0,130847734;113,1322315;36777,6;59421,6;0
27/03/2015;0;24,5;0,138368017;113,1322315;46555,2;54392,4;0
28/03/2015;0;24,5;0,121266836;113,1322315;36475,2;47833,2;0
29/03/2015;0;25;0,09007325;113,0854964;54234;51631,2;0
30/03/2015;0;24,5;0,093509893;113,0387612;55843,2;54853,2;0
31/03/2015;0;19,5;0,091965189;112,992026;58309,2;58698;0
01/04/2015;0;17;0,080654457;112,9452908;44186,4;64285,2;0
02/04/2015;0;13;0,05329425;112,8985556;33786;52405,2;0
03/04/2015;0;16,5;0,065495344;112,8518205;45842,4;50709,6;0
04/04/2015;0;17,5;0,056832158;112,8050853;33768;55047,6;0
05/04/2015;0;17;0,071644835;112,7583501;51858;55461,6;0
06/04/2015;0;15,5;0,028404774;112,6648798;39117,6;43995,6;0,02909
07/04/2015;5,8;15;0,131992071;112,7116149;40716;34866;0
08/04/2015;0;14,5;0,064816911;112,7116149;28220,4;31068;0
09/04/2015;0,7;14;0,066188329;112,7116149;29095,2;30643,2;0
10/04/2015;0,6;11,5;0,062046;112,7116149;31334,4;30711,6;0
11/04/2015;0;15,5;0,028391951;112,6648798;30938,4;34516,8;0
12/04/2015;0;17,5;0,054592848;112,6648798;550,8;37461,6;0
13/04/2015;1,3;18,5;0,099158437;112,7116149;680,4;33775,2;0
14/04/2015;0;17,5;0,133300989;112,8050853;172,8;30438;0
15/04/2015;0;18;0,091223499;112,8518205;172,8;30020,4;0
16/04/2015;0;18,5;0,056351384;112,8518205;925,2;34675,2;0
17/04/2015;0;18;0,067269581;112,8518205;2559,6;39808,8;0
18/04/2015;0;19,5;0,060246647;112,8518205;1695,6;32727,6;0
19/04/2015;0;18;0,06267365;112,8518205;3924;37076,4;0
20/04/2015;0;17,5;0,036358364;112,7583501;72374,4;39942;0
21/04/2015;0;18,5;0,091558248;112,7116149;75081,6;42019,2;0
22/04/2015;0;19;0,032902396;112,6181446;65026,8;41547,6;0
23/04/2015;0;18,5;0,070337329;112,5714094;60786;37414,8;0
24/04/2015;0;20;0,013872163;112,4779391;55209,6;34192,8;0
25/04/2015;3,7;17;0,064244418;112,4779391;31093,2;30391,2;0
26/04/2015;0;17,5;0,053845417;112,4312039;42753,6;38512,8;0
27/04/2015;0;20,5;0,069597052;112,3844687;49870,8;41176,8;0
28/04/2015;0;22;0,049018707;112,2938321;56952;45486;0
29/04/2015;0;21,5;0,092648143;112,2485138;63090;46396,8;0
30/04/2015;0;22;0,042555088;112,1578772;66686,4;38959,2;0
01/05/2015;0;24,5;0,03793855;112,0672406;65217,6;33073,2;0
02/05/2015;0;27;0,031704556;111,976604;52416;43326;0
03/05/2015;0;25,5;0,05565655;111,8859674;72270;46980;0
04/05/2015;0;22,5;0,019403187;111,7500125;62823,6;40424,4;0,0269208
05/05/2015;0;21;0,042348612;111,6593759;66074,4;35326,8;0
06/05/2015;0;22;0,053273482;111,5687394;69048;46497,6;0
07/05/2015;0;22,5;0,039249034;111,4327845;78073,2;50961,6;0
08/05/2015;0;24,5;0,01739916;111,2968296;71892;49946,4;0
09/05/2015;0;23,5;0,040087964;111,206193;60130,8;40921,2;0
10/05/2015;0;22;0,061277947;111,1155564;84888;40107,6;0
11/05/2015;0;21,5;0,008299495;110,9796015;76946,4;39499,2;0
12/05/2015;0;26,5;0,061158157;110,8889649;78966;41390;0
13/05/2015;0;28,5;0,003604323;110,7076917;82886,4;47829,6;0
14/05/2015;0;24;0,030528449;110,5717368;83674,8;51429,6;0
15/05/2015;0;21;0,016637208;110,4357819;76726,8;43603,2;0
16/05/2015;0;22,5;-0,002527835;110,299827;66862,8;39322,8;0
17/05/2015;0;22;0,050287566;110,2091904;80373,6;36500,4;0
18/05/2015;0;24;0,017080112;110,0732356;79578;37638;0
19/05/2015;0,5;21;0,030387057;109,982599;69098,4;39690;0
20/05/2015;0;19,5;0,008352666;109,8466441;70725,6;46414,8;0
21/05/2015;0;20,5;0,008955504;109,7106892;75268,8;44758,8;0
22/05/2015;0;21,5;0,013250886;109,5747343;75808,8;46274,4;0
23/05/2015;0,6;18,5;0,013540093;109,4840977;52034,4;41299,2;0
24/05/2015;0;20;0,025847797;109,3934611;60346,8;35366,4;0
25/05/2015;0;20,5;0,035773904;109,3028245;65404,8;33476,4;0
26/05/2015;0;22,5;0,061715849;109,2121879;79578;44809,2;0
27/05/2015;0;23,5;-0,027356656;109,0309147;77353,2;48628,8;0
28/05/2015;0;20;-0,022217766;108,8496415;78195,6;52956;0
29/05/2015;0;24;0,017463048;108,7136866;80427,6;47358;0
30/05/2015;0;24,5;0,048053168;108,62305;68598;40878;0
31/05/2015;0;23;-0,005336903;108,4870952;81745,2;36298,8;0
01/06/2015;0;24;0,036438374;108,3511403;74332,8;38041,2;0,029059
02/06/2015;0;24,5;0,067616442;108,2605037;82580,4;42487,2;0
03/06/2015;0;23,5;-0,024808058;108,0792305;80287,2;46612,8;0
04/06/2015;0;24;-0,019528439;107,8979573;85806;49986;0
05/06/2015;0;23,5;0,018942113;107,7643845;79002;51159,6;0
06/06/2015;0;24;0,016120715;107,6320028;69681,6;49788;0
07/06/2015;0;24,5;0,021808067;107,499621;88538,4;38430;0
08/06/2015;0;25;0,014041595;107,3672393;82152;35737,2;0
09/06/2015;0;25,5;-0,010279519;107,1907303;87332,4;45054;0
10/06/2015;0;25;0,023756044;107,0583485;75117,6;50767,2;0
11/06/2015;0;23;0,038954038;106,9259668;88560;50328;0
12/06/2015;0;21;-0,023672976;106,7494578;80820;44935,2;0
13/06/2015;0;21,5;-0,000164548;106,617076;68695,2;33361,2;0
14/06/2015;4;21,5;0,062556252;106,5288215;83228,4;47635,2;0
15/06/2015;0;23,5;-0,01598293;106,3523125;79599,6;49492,8;0
16/06/2015;0;24;0,036935921;106,2199308;87253,2;51102;0
17/06/2015;0;24;-0,007610354;106,0434218;85824;50824,8;0
18/06/2015;0;25,5;0,042044921;105,91104;91753,2;49129,2;0
19/06/2015;0;26,5;0,038799236;105,7786583;86553,2;48909,6;0
20/06/2015;0;27;-0,016990125;105,6021493;79639,2;47728,8;0
21/06/2015;0;27,5;0,05202318;105,4697675;98143,2;50180,4;0
22/06/2015;0;28,5;-0,015953836;105,2491313;94107,6;50824,8;0
23/06/2015;0;27;0,046680657;105,1167495;99097,2;47923,2;0
24/06/2015;0;26;-0,007560506;104,9402405;92523,6;47491,2;0
25/06/2015;0;26,5;0,000696266;104,7637315;95054,4;47998,8;0
26/06/2015;0;28,5;0,046407075;104,6313498;89362,8;47869,2;0
27/06/2015;0;31;0,006163694;104,4548408;83505,6;55040,4;0
28/06/2015;0;30;0,024421408;104,2783318;108374,4;57211,2;0
29/06/2015;0;28,5;0,005253641;104,1018228;95734,8;52034,4;0
30/06/2015;0;29,5;0,007383128;103,9253138;102466,8;48780;0
01/07/2015;0;29;0,043883138;103,792932;95900,4;47314,8;0
02/07/2015;0;28;-0,002809612;103,616423;102801,6;47444,4;0
03/07/2015;0;27,5;-0,010665012;103,439914;94370,4;54122,4;0
04/07/2015;0;29,5;0,051821856;103,3117088;87836,4;59684,4;0
05/07/2015;0;31,5;0,024995572;103,1407685;107366,4;47440,8;0
06/07/2015;0;33;0,016157618;102,9270931;106956;50403,6;0,0275112
07/07/2015;0;34;0,033770588;102,7561529;108021,6;47890,8;0
08/07/2015;0;29,5;0,021470127;102,5852126;104911,2;54284,4;0
09/07/2015;0;28;0,027000495;102,4142723;109011,6;57906;0
10/07/2015;0;29,5;0,023991956;102,243332;98229,6;57967,2;0
11/07/2015;0;29;0,004423291;102,0723917;89827,2;56732,4;0
12/07/2015;0;29;-0,021052436;101,8587164;106840,8;52725,6;0
13/07/2015;0;29,5;0,00960546;101,6877761;102111,4;47988;0
14/07/2015;0;30;0,013429131;101,5168358;104436;48236,4;0
15/07/2015;0;29,5;0,012808174;101,3458955;98820;54550,8;0
16/07/2015;0;30,5;0,026539202;101,1749552;103759,2;62949,6;0
17/07/2015;0;29,5;0,010372044;101,004015;94132,8;52174,8;0
18/07/2015;0;30;0,00195639;100,8330747;87832,8;48819,6;0
19/07/2015;0;30,5;0,019473558;100,6621344;106848,6;49917,6;0
20/07/2015;0;30;0,01358451;100,4911941;101196,4;50144,4;0
21/07/2015;0;32;-0,009296948;100,2775187;107892;58251,6;0
22/07/2015;0;29,5;0,019204335;100,1065785;99025,2;60566,4;0
23/07/2015;0;31;-0,003904212;99,89290311;106617,6;52304,4;0
24/07/2015;0;31;0,029308358;99,72196282;110620,8;50688;0
25/07/2015;0;29,5;-0,036413938;99,50828747;97329,6;50346;0
26/07/2015;0;31;0,032335257;99,33734718;109897,2;52005,6;0
27/07/2015;0;31,5;-0,015456109;99,12480485;108961,2;57772,8;0
28/07/2015;0;31,5;0,022698511;98,95839663;97452;58813,2;0
29/07/2015;0;31,5;0,028522295;98,79198841;99637,2;55342,8;0
30/07/2015;0;29;-0,022942511;98,58397814;110325,6;52488;0
31/07/2015;0;30;0,00836657;98,41756993;99813,6;46443,6;0
01/08/2015;0;30;0,005413125;98,25116171;92235,6;51940,8;0
02/08/2015;0;29;0,016761994;98,0847535;107020,8;54813,6;0
03/08/2015;0;30;0,024747155;97,91834528;100098;60973,2;0
04/08/2015;0;29,5;-0,024884586;97,71033501;108547,2;53301,6;0
05/08/2015;0;31;0,004354998;97,54392679;97552,8;52376,4;0
06/08/2015;0;33,5;0,027704291;97,37751858;108417,6;54482,4;0
07/08/2015;0;31;0,015750286;97,21111036;103658,4;58964,4;0
08/08/2015;0,3;29;0,00654255;97,04470215;92541,6;60897,6;0
09/08/2015;0,5;31,5;0,025524067;96,87829393;109180,8;62434,8;0
10/08/2015;0;30;-0,014414186;96,67028366;105465,6;58737,6;0
11/08/2015;0;32,5;0,04300486;96,50387544;112633,2;55432,8;0
12/08/2015;0;30;-0,016791352;96,25426312;113115,6;57387,6;0
13/08/2015;0;28,5;-0,020819342;96,0046508;117075,6;65581,2;0
14/08/2015;0;28,5;0,005569172;95,79664053;106855,2;59014,8;0
15/08/2015;0;28,5;0,015111643;95,63023231;100576,8;52599,6;0
16/08/2015;0;29;0,027099794;95,46382409;112165,2;51804;0
17/08/2015;0;28;-0,01273269;95,25581382;111312;58978,8;0
18/08/2015;0;28;0,038937215;95,08940561;112676,4;62395,2;0
19/08/2015;0;29;0,026292307;94,92569816;107236,8;58654,8;0
20/08/2015;0;28;-0,005012664;94,7244398;114415,2;58165,2;0
21/08/2015;0;28;0,028766552;94,56343312;101980,8;58856,4;0
22/08/2015;0;26,5;-0,014203539;94,36217476;95857,2;57420;0
23/08/2015;0;27;0,007111586;94,16091641;112557,6;53550;0
24/08/2015;0;27;-0,008369889;93,95965805;105562,8;58921,2;0
25/08/2015;0;26,5;0,025224032;93,79865137;112528,8;51004,8;0
26/08/2015;0;27,5;0,027662274;93,63764469;109314;57898,8;0
27/08/2015;0;27;0,027990959;93,476638;107640;57096;0
28/08/2015;0;27;0,008524623;93,31563132;100825,2;51742,8;0
29/08/2015;0;28;-0,002500636;93,15462463;90889,2;51076,8;0
30/08/2015;0;27,5;0,00963025;92,99361795;105692,4;48826,8;0
31/08/2015;0;27;-0,000549872;92,7923596;96274,8;53348,4;0,02453
01/09/2015;0;26,5;0,014079219;92,63135291;99799,2;46753,2;0
02/09/2015;0;24;-0,027372554;92,43009456;98071,2;44514;0
03/09/2015;0;25;0,018668334;92,26908787;98535,6;48272,4;0
04/09/2015;42,5;25;0,2411491;92,34959121;89514;47469,6;0
05/09/2015;0;27;0,004539962;92,2288362;69958,8;43315,2;0
06/09/2015;3,9;22;0,122751706;92,26908787;41385,6;40312,8;0
07/09/2015;0;23,5;0,013373176;92,18858453;37659,6;41796;0
08/09/2015;0;25;0,029899845;92,10808119;48441,6;41544;0
09/09/2015;0;25;0,005023617;91,98732618;59738,4;42040,8;0
10/09/2015;0;26;0,010607158;91,86657116;68320,8;43459,2;0
11/09/2015;0;26;0,002615696;91,74581615;66848,4;41349,6;0
12/09/2015;0;26,5;0,020792279;91,62506114;68562;33890,4;0
13/09/2015;0;25,5;0,004804447;91,46405445;89863,2;41680,8;0
14/09/2015;0;23;0,029954826;91,34329944;79214,4;48405,6;0
15/09/2015;0;24,5;-0,011149335;91,18229276;82825,2;42379,2;0
16/09/2015;0;24,5;-0,006840533;91,02128607;85046,4;34567,2;0
17/09/2015;0;23,5;0,027505268;90,90272384;88030,8;39387,6;0
18/09/2015;0;25;0,023850572;90,785258;82897,2;39391,2;0
19/09/2015;0;24,5;0,015380161;90,66779216;71866,8;39592,8;0
20/09/2015;0;26;-0,011100213;90,51117104;87710,4;40406,4;0
21/09/2015;0;29;0,023148718;90,35454992;89128,8;48765,6;0
22/09/2015;0;26,5;0,011975838;90,1979288;93409,2;45201,6;0
23/09/2015;0;24;0,023664251;90,08046296;80528,4;44834,4;0
24/09/2015;0;23;-0,009661407;89,92384184;84056,4;44006,4;0
25/09/2015;0;23;0,007905656;89,806376;75884,4;31788;0
26/09/2015;0;22;0,042458158;89,72806544;66283,2;35618,4;0
27/09/2015;0;23,5;-0,014893017;89,57144432;82976,4;42656,4;0
28/09/2015;31,2;20;0,09713621;89,57144432;52210,8;42570;0
29/09/2015;0;20,5;0,046511868;89,53228904;33750;38181,6;0
30/09/2015;0;21,5;-0,003737931;89,45397848;30330;27770,4;0
01/10/2015;0;22;0,009404722;89,37566792;39106,8;37242;0
02/10/2015;0;23;0,022987028;89,29735736;44787,6;43466,4;0
03/10/2015;0;25;0,014689882;89,2190468;42109,2;35233,2;0
04/10/2015;0;24;0,015194718;89,14073624;52326;30225,6;0
05/10/2015;0;23,5;-0,006344993;88,98411512;58748,4;37440;0,027129
06/10/2015;0;23;0,04068564;88,90580456;66762;37396,8;0
07/10/2015;0;22;0,002260122;88,78833872;62258,4;43034,4;0
08/10/2015;0;20,5;0,005178463;88,67087288;69264;41299,2;0
09/10/2015;1,2;21,5;-0,010531785;88,55340704;59745,6;37065,6;0
10/10/2015;1,6;19,5;0,025474835;88,51425176;32166;29739,6;0
11/10/2015;4,5;19;0,030793212;88,47509648;35251,2;29250;0
12/10/2015;0;18,5;0,013577072;88,39678592;40928,4;40071,6;0
13/10/2015;0;21,5;-0,004114308;88,27932008;62197,2;40665,6;0
14/10/2015;0;21,5;0,027913608;88,20100952;55987,2;37425,6;0
15/10/2015;0;21;0,027313289;88,12269896;58892,4;38196;0
16/10/2015;1,7;21,5;0,01185448;88,0443884;42044,4;38815,2;0
17/10/2015;28,4;22;0,109117646;88,08354368;27702;34891,2;0
18/10/2015;1,7;18,5;0,016434153;88,0443884;25639,2;28011,6;0
19/10/2015;0,6;20;0,060812787;88,0443884;25498,8;26784;0
20/10/2015;0;20,5;-0,003344119;87,96607784;23871,6;32108,4;0
21/10/2015;0;19,5;0,033771222;87,92692256;28947,6;34682,4;0
22/10/2015;0;19,5;0,004383771;87,848612;35431,2;38746,8;0
23/10/2015;0,1;17,5;0,028781956;87,80945672;30834;33620,4;0
24/10/2015;8,6;19;0,023835042;87,77030144;25905,6;30895;0
25/10/2015;8,4;19,5;0,135061173;87,848612;17298;32097,6;0
26/10/2015;4,2;16;0,060395295;87,848612;21664,8;32536,8;0
27/10/2015;0;17;0,024623592;87,80945672;19152;33404,4;0
28/10/2015;0;18,5;0,022702331;87,77030144;20998,8;32734,8;0
29/10/2015;0;18,5;0,026029724;87,73114616;24516;32547,6;0
30/10/2015;0;19,5;0,024603707;87,69199088;23702,4;32324,4;0
31/10/2015;33,1;19,5;0,266427943;87,88776728;21272,4;34664,4;0
01/11/2015;17,5;19,5;0,222272754;88,0443884;18889,2;33192;0
02/11/2015;2,3;17;0,308803796;88,27932008;10832,4;30168;0,028987
03/11/2015;0;19;0,109804181;88,31847536;22075,2;39636;0
04/11/2015;0;19;0,094683677;88,35763064;23176,8;24577,2;0
05/11/2015;0;19,5;0,069564396;88,35763064;24062,4;35784;0
06/11/2015;0;19;0,063715198;88,35763064;24138;33746,4;0
07/11/2015;0;18,5;0,021683417;88,31847536;20894,4;30618;0
08/11/2015;0;18,5;0,025390079;88,27932008;25959,6;31204,8;0
09/11/2015;0;18;0,032658363;88,2401648;28965,6;34304,4;0
10/11/2015;0;17,5;0,035300339;88,20100952;31870,8;35596,8;0
11/11/2015;0;17;0,036491201;88,16185424;32691,6;34804,8;0
12/11/2015;0;16,5;0,036367545;88,12269896;36662,4;33040,8;0
13/11/2015;0;17;-0,007583753;88,0443884;33210;30150;0
14/11/2015;0;15,5;0,022973558;88,00523312;28224;28090,8;0
15/11/2015;0;16,5;0,040137315;87,96607784;40129,2;28314;0
16/11/2015;0;17;-0,001326698;87,88776728;34711,2;33753,6;0
17/11/2015;0;16,5;0,038451403;87,848612;37036,8;35150,4;0
18/11/2015;0;17;0,03792224;87,80945672;37476;33642;0
19/11/2015;0;17,5;0,011987445;87,73114616;43228,8;35467,2;0
20/11/2015;0;16,5;-0,021523992;87,61368032;42656,4;35899,2;0
21/11/2015;0;11,5;-0,022747197;87,49621448;42141,6;33663,6;0
22/11/2015;0;11,5;0,022113432;87,41790392;49136,4;37015,2;0
23/11/2015;0;11,5;0,018266646;87,33959336;44240,4;38073,6;0
24/11/2015;0;16;0,027178521;87,2612828;51721,2;37202,4;0
25/11/2015;0;18,5;0,040702454;87,18297224;52322,4;33966;0
26/11/2015;0;16;-0,058674252;87,02763646;53722,8;33710,4;0
27/11/2015;0;15;0,001868859;86,95189657;40939,2;32058;0
28/11/2015;0;14,5;0,036535619;86,91402663;35589,6;32284,8;0
29/11/2015;0;14;0,011973627;86,83828675;46832,4;35121,6;0
30/11/2015;0;13,5;0,028700433;86,76254686;35535,6;33786;0,02399
01/12/2015;0;14;-0,019244594;86,64893704;51116,4;39031,2;0
02/12/2015;0;14;0,0465346;86,6110671;40510,8;39294;0
03/12/2015;0;15;0,008608649;86,53532721;43005,6;37512;0
04/12/2015;0;14,5;0,002359188;86,45958733;40201,2;34452;0
05/12/2015;0;15;0,034136843;86,42171739;35028;32385,6;0
06/12/2015;0;14,5;0,000914532;86,3459775;42703,2;29743,2;0
07/12/2015;0;15;0,028268759;86,30810756;31798,8;31280,4;0
08/12/2015;0;13;0,00487565;86,23236768;43610,4;34329,6;0
09/12/2015;0;15,5;0,00498572;86,15662779;41857,2;36194,4;0
10/12/2015;0;14,5;0,011267828;86,08088791;44355,6;36543,6;0
11/12/2015;0;13,5;0,007239641;86,00514802;42069,6;35949,6;0
12/12/2015;0;13;0,039330892;85,96727808;38336,4;35812,8;0
13/12/2015;0;13,5;0,011173416;85,8915382;45493,2;36082,8;0
14/12/2015;0;16;0,006488025;85,81579831;40680;34689,6;0
15/12/2015;0;17;0,006115288;85,74005843;42249,6;31989,6;0
16/12/2015;0;14,5;0,004730557;85,66431855;41576,4;32043,6;0
17/12/2015;0;14,5;0,043701049;85,6264486;44028;32216,4;0
18/12/2015;0;15;0,007034952;85,55070872;42919,2;33771,6;0
19/12/2015;0;14;0,003549157;85,47496884;37548;34520,4;0
20/12/2015;0;14;0,014307129;85,39922895;50608,8;34120,8;0
21/12/2015;0;14;0,045216741;85,36135901;41990,4;35780,4;0
22/12/2015;0;14,5;-0,023158223;85,24774918;46936,8;40100,4;0
23/12/2015;0;15;0,050944359;85,20987924;43542;39204;0
24/12/2015;0;14,5;-0,006578031;85,13413936;30776,4;34974;0
25/12/2015;0;14,5;0,006166497;85,05839947;43448,4;33912;0
26/12/2015;0;14,5;0,001656754;84,98265959;37458;33123,6;0
27/12/2015;0,1;14;0,047166594;84,94478965;50133,6;31496,4;0
28/12/2015;0;14;-0,003221374;84,86904976;34909,2;32691,6;0
29/12/2015;0;14;0,019406589;84,79330988;49309,2;34117,2;0
30/12/2015;0;17;0,015567634;84,71757;46310,4;37818;0
31/12/2015;0;15,5;-0,003759837;84,64183011;27784,8;38530,8;0
01/01/2016;0;16;0,042347671;84,60396017;40345,2;30434,4;0
02/01/2016;0;16,5;-0,004578354;84,52822029;37472,4;28029,6;0
03/01/2016;8,1;16,5;0,057589447;84,49035034;49035,6;35485,2;0
04/01/2016;1,4;11;0,029197942;84,41461046;33177,6;36936;0,023515
05/01/2016;0;11,5;-0,004266548;84,33887058;30664,8;31766,4;0
06/01/2016;0;14,5;0,006862104;84,26313069;39805,2;30747,6;0
07/01/2016;2;18;0,044386048;84,22526075;43106,4;33879,6;0
08/01/2016;0;14;-0,004150079;84,14952087;28472,4;34840,8;0
09/01/2016;0;15;0,030522959;84,11165092;25650;36349,2;0
10/01/2016;0;14,5;0,043599818;84,07378098;37285,2;34408,8;0
11/01/2016;0;13;-0,023836508;83,96017116;41050,8;33696;0
12/01/2016;0;12;0,047067763;83,92230121;45878,4;33426;0
13/01/2016;0;12,5;0,01243763;83,84656133;44539,2;33879,6;0
14/01/2016;0;13;0,016688547;83,77082145;43974;34200;0
15/01/2016;0;11;-0,026066106;83,65721162;45615,6;32558,4;0
16/01/2016;0;11;0,039047133;83,61934168;40629,6;32166;0
17/01/2016;0;14,5;-0,004373598;83,50573185;54558;37832,4;0
18/01/2016;1,6;13;0,010977581;83,42999197;45133,2;37468,8;0
19/01/2016;0,9;13,5;0,026404297;83,39212203;36471,6;24062,4;0
20/01/2016;0;14;-6,587E-06;83,31638214;37998;31006,8;0
21/01/2016;0;14;0,038124731;83,2785122;35139,6;38239,2;0
22/01/2016;0;15;0,010436803;83,20479066;38512,8;38923,2;0
23/01/2016;0;14;0,006458218;83,13106912;35989,2;37472,4;0
24/01/2016;0;14,5;-0,00135816;83,05734757;32529,6;34984,8;0
25/01/2016;0;13;0,026611182;83,0204868;24721,2;33530,4;0
26/01/2016;0;13;0,041176483;82,98362603;33174;36662,4;0
27/01/2016;0;11,5;0,00522046;82,90990449;38923,2;36666;0
28/01/2016;7,9;11,5;0,046791489;82,87304372;41662,8;36403,2;0
29/01/2016;0;13,5;0,02254045;82,83618295;22186,8;29768,4;0
30/01/2016;0;15;-0,011900491;82,76246141;21664,8;30110,4;0
31/01/2016;0;16;0,008495588;82,72560063;2738,4;32947,2;0
01/02/2016;0;15;0,004372013;82,65187909;25459,2;22168,8;0,021916
02/02/2016;0;14,5;0,030442868;82,61501832;28890;34326;0
03/02/2016;0;13,5;0,034515087;82,57815755;32475,6;31842;0
04/02/2016;0;13;-0,000645066;82,50443601;35456,4;31680;0
05/02/2016;0;14;0,034871045;82,46757524;32925,6;32868;0
06/02/2016;0;11,5;0,049096697;82,43071447;27964,8;33505,2;0
07/02/2016;0;15,5;-0,01557346;82,32013215;46656;30931,2;0
08/02/2016;0;20;0,015707174;82,24641061;42415,2;33307,2;0
09/02/2016;1,9;16,5;0,016648278;82,17268907;42850,8;37893,6;0
10/02/2016;0,2;16,5;0,034682395;82,1358283;28566;31874,4;0
11/02/2016;0,5;17;0,007274052;82,06210676;43027,2;30571,2;0
12/02/2016;0,3;16,5;0,051944732;82,02524599;44989,2;32724;0
13/02/2016;0,8;11;-0,105002472;81,84094213;30492;31089,6;0
14/02/2016;0;9;0,097915686;81,84094213;49878;33271,2;0
15/02/2016;0;8;0,058964947;81,80408136;51307,2;37137,6;0
16/02/2016;1,1;9;0,05967514;81,76722059;49064,4;38617,2;0
17/02/2016;5,5;8,5;0,068921719;81,76722059;25884;41562;0
18/02/2016;0;11,5;0,043078216;81,73035982;25250,4;49525,2;0
19/02/2016;0;14,5;0,082737921;81,73035982;26928;46958,4;0
20/02/2016;0;15;0,014864941;81,65663828;27723,6;50911,2;0
21/02/2016;0;16;0,075433143;81,6197775;38970;57848,4;0
22/02/2016;0;15;0,014582522;81,50919519;47127,6;56318,4;0
23/02/2016;1,5;14;0,035843908;81,43547365;48535,2;55512;0
24/02/2016;0;13,5;-2,55772E-05;81,32489134;37785,6;52189,2;0
25/02/2016;8,2;11;0,059510578;81,28803057;34020;51328,8;0
26/02/2016;1,3;7,5;0,067148292;81,28803057;24026,4;41284,8;0
27/02/2016;0;10;0,057079132;81,25116979;22237,2;53337,6;0
28/02/2016;0;13,5;0,049636813;81,17744825;35560,8;59533,2;0
29/02/2016;0;16;0,039443345;81,06686594;42778,8;56314,8;0,023428
01/03/2016;0;20,5;0,061558579;80,9931444;51148,8;50414,4;0
02/03/2016;0;17;0,013706122;80,88256208;52365,6;53982;0
03/03/2016;0,2;15,5;0,013765735;80,77197977;53744,4;56703,6;0
04/03/2016;0;11,5;0,027142289;80,66139746;52300,8;62766,4;0
05/03/2016;0;11,5;0,011637627;80,55081515;46108,8;56761,2;0
06/03/2016;3,7;10;0,072914145;80,51395437;45928,8;56181,6;0
07/03/2016;0;11;0,003468752;80,40337206;39412,8;55677,6;0
08/03/2016;0;11,5;0,020356216;80,29278975;52927,2;59068,8;0
09/03/2016;0;13;0,058531906;80,21906821;51267,6;57322,8;0
10/03/2016;0;12,5;-0,015586609;80,07162512;60598,8;56714,4;0
11/03/2016;0;12,5;0,016747577;79,96104281;55951,2;55033,2;0
12/03/2016;0;12,5;0,005896598;79,8504605;46303,2;54208,8;0
13/03/2016;0;13;0,05631782;79,77673896;60883,2;56826;0
14/03/2016;0,8;13,5;-0,002976906;79,66615664;42152,4;52772,4;0
15/03/2016;0;15;0,024568993;79,5567882;45698,4;65797,2;0
16/03/2016;0;15,5;0,0274792;79,4498475;52477,2;67838,4;0
17/03/2016;0,6;14,5;0,025081279;79,34290681;56264,4;68169,6;0
18/03/2016;6,7;12;0,067866915;79,30725991;26377,2;68828,4;0
19/03/2016;1,4;11,5;0,054111192;79,27161301;22561,2;63946,8;0
20/03/2016;4,3;12;0,044867474;79,23596611;29664;46879,2;0
21/03/2016;0;13,5;0,027973179;79,16467231;36914;49003,2;0
22/03/2016;0;14,5;0,046199106;79,09337851;48715,2;51469,2;0
23/03/2016;0;17,5;0,053619609;79,02208472;50846,4;53164,8;0
24/03/2016;0;20;0,060142586;78,95079092;50029,2;50432,4;0
25/03/2016;0;21;1,51034E-05;78,80820332;63381,6;52599,6;0
26/03/2016;0;17;0,0555011;78,73690952;50900,4;52884;0
27/03/2016;0;18,5;0,052979465;78,62996883;78084,4;53816,4;0
28/03/2016;0;18,5;0,101378211;78,59432193;66902,4;48934,8;0
29/03/2016;0;18,5;0,023763324;78,48738123;68108,4;51472,8;0
30/03/2016;0;14;0,038281411;78,38044053;52178,4;56836,8;0
31/03/2016;0;14;0,011028615;78,23785294;74984,4;52135,2;0
01/04/2016;0;15;0,032434418;78,13091224;64076,4;54907,2;0
02/04/2016;0;15;0,018754381;78,02397154;54014,4;51307,2;0
03/04/2016;14,1;12;0,097251947;78,02397154;41691,6;53773,2;0
04/04/2016;0;14,5;0,093561755;77,98832465;34318,8;53499,6;0,025668
05/04/2016;0;17,5;0,006871226;77,91703085;4921,2;56102,4;0
06/04/2016;0;17,5;0,051037299;77,88138395;14220;53542,8;0
07/04/2016;0;14,5;0,032160041;77,77444325;62528,4;54100,8;0
08/04/2016;0;15,5;0,038757133;77,66750255;66841,2;59612,4;0
09/04/2016;0;16,5;0,019667907;77,56056186;51325,2;64245,6;0
10/04/2016;0;15,5;0,056215736;77,48926806;56991,6;61977,6;0
11/04/2016;0,3;14,5;0,009184127;77,38232736;48243,6;61837,2;0
12/04/2016;0;16,5;0,030445477;77,27538667;64731,6;58446;0
13/04/2016;0;19;0,031053186;77,16844597;58957,2;59162,4;0
14/04/2016;0;19;0,012533496;77,02585837;68576,4;62794,8;0
15/04/2016;0;20,5;0,038198798;76,91891768;65106;59846,4;0
16/04/2016;0,1;19,5;0,017664055;76,81197698;50864,4;61002;0
17/04/2016;0,6;19,5;0,062908992;76,74068318;61358,4;59760;0
18/04/2016;14,3;17;0,039239996;76,66938938;40701,6;59936,4;0
19/04/2016;18;15;0,151471913;76,74068318;25815,6;48704,4;0
20/04/2016;0;16,5;0,085676454;76,74068318;28508,4;43376,4;0
21/04/2016;0;19;0,02315682;76,66938938;35794,8;41691,6;0
22/04/2016;0;20;0,028169196;76,59809558;36054;42922,8;0
23/04/2016;0;19,5;0,026176562;76,52680179;34470;43232,4;0
24/04/2016;0;18,5;0,048268806;76,45550799;54435,6;47134,8;0
25/04/2016;0;18,5;0,021467656;76,34856729;58010,4;51012;0
26/04/2016;0;20;0,030253651;76,24162659;63097,2;51559,2;0
27/04/2016;0;21;0,016254858;76,1346859;53967,6;53395,2;0
28/04/2016;0,3;19;0,020380735;76,0277452;59882,4;57596,4;0
29/04/2016;0;18,5;0,012864379;75,92378503;49384,8;52689,6;0
30/04/2016;0;18,5;0,034708845;75,85447825;40996,8;49330,8;0
01/05/2016;0;17,5;-0,010717092;75,71586469;57992,4;50274;0
02/05/2016;0;18,5;0,049715734;75,61190452;58179,6;51472,8;0,023011
03/05/2016;0;20;-0,006074746;75,47329096;65307,6;53240,4;0
04/05/2016;0,7;19,5;0,036445857;75,40398418;47124;48841,2;0
05/05/2016;5,6;16;0,024265743;75,3346774;41173,2;48906;0
06/05/2016;0,4;17,5;0,013340459;75,26537062;35607,6;40755,6;0
07/05/2016;20,2;14,5;0,098517868;75,30002401;20221,2;36309,6;0
08/05/2016;6,2;14,5;0,122468222;75,36933079;23115,6;29696,4;0
09/05/2016;14,7;12,5;0,322478381;75,64655791;18288;23810,4;0
10/05/2016;9,4;14;0,395818135;75,99309181;22118,4;20840,4;0
11/05/2016;30,7;13,5;0,624669523;76,56244869;17445,6;26920,8;0
12/05/2016;0,2;16;0,368796285;76,84762388;31179,6;37929,6;0
13/05/2016;0;19,5;0,235254185;76,99021147;25473,6;40615,2;0
14/05/2016;0;20,5;0,160495268;77,06150527;23475,6;44096,4;0
15/05/2016;0;21;0,143065316;77,09715217;45648;40489,2;0
16/05/2016;0;22;0,109561957;77,09715217;49546,8;39798;0
17/05/2016;0;21,5;0,104014704;77,09715217;50868;31510,8;0
18/05/2016;0;24,5;0,079506749;77,06150527;52934,4;36334,8;0
19/05/2016;0;22;0,078687681;77,02585837;57960;36878,4;0
20/05/2016;0;21,5;0,040384769;76,95456457;62190;27878,4;0
21/05/2016;0;22,5;0,077636578;76,91891768;54482,4;24447,6;0
22/05/2016;0;23;0,060682564;76,84762388;80035,2;29642,4;0
23/05/2016;0;22;0,047017622;76,77633008;66430,8;33840;0
24/05/2016;0;24;0,028603808;76,66938938;72579,6;37872;0
25/05/2016;0;22,5;0,014412598;76,56244869;64908;34552,8;0
26/05/2016;0;24;0,031550415;76,45550799;74955,6;36723,6;0
27/05/2016;0;21,5;0,028063175;76,34856729;71355,6;40737,6;0
28/05/2016;0;21;0,013707894;76,24162659;63532,8;28591,2;0
29/05/2016;0;22;0,031884823;76,1346859;83491,2;27187,2;0
30/05/2016;0;22,5;0,030600437;76,0277452;74811,6;38826;0
31/05/2016;0;23;0,036998617;75,92378503;79822,8;36903,6;0
01/06/2016;0;23;0,005701625;75,78517147;84031,2;34678,8;0
02/06/2016;0;27;0,046751553;75,6812113;84909,6;33562,8;0
03/06/2016;0;25,5;0,020547607;75,54259774;83581,2;34981,2;0
04/06/2016;0;23,5;0,031395166;75,43863757;75481,2;36097,2;0
05/06/2016;0;24;0,022401748;75,30002401;95702,4;39121,2;0
06/06/2016;0;25;0,029539631;75,16141045;86626,8;36111,6;0,022395
07/06/2016;0;25,5;0,01500228;75,02279689;94960,8;36709,2;0
08/06/2016;0;28;0,022840523;74,88418333;90694,8;39099,6;0
09/06/2016;0;30;0,04886127;74,74556977;95115,6;41976;0
10/06/2016;0;26;-0,012774866;74,57230282;91396,8;40647,6;0
11/06/2016;0;27;0,042364552;74,46834265;80449,2;36068,4;0
12/06/2016;0;33;0,02995883;74,2950757;109087,2;36694,8;0
13/06/2016;0;30;-0,003765811;74,08715536;117154,8;37263,6;0
14/06/2016;0;22,5;0,013691294;73,91388841;109512;39513,6;0
15/06/2016;0;21;-0,00171681;73,74062146;103586,4;38354,4;0
16/06/2016;0;24,5;0,00021414;73,56735451;103046,4;39841,2;0
17/06/2016;0;24;0,02287098;73,42874095;93510;39823,2;0
18/06/2016;0;23,5;0,006966376;73,29012739;83750,4;35085,6;0
19/06/2016;0;23,5;0,001447628;73,11686044;110365,2;38332,8;0
20/06/2016;0;24;0,003566462;72,94359349;108277,2;43264,8;0
21/06/2016;0;24;0,031279987;72,80497993;103701,6;39567,6;0
22/06/2016;0;25;-0,014036055;72,63171298;100872;33822;0
23/06/2016;0;26;0,00229985;72,4616058;109065,6;37818;0
24/06/2016;0;26;0,029192091;72,32720526;96768;39967,2;0
25/06/2016;0;25,5;0,009881677;72,19280473;83145,6;39740,4;0
26/06/2016;0;26,5;0,039122677;72,05840419;113230,8;40953,6;0
27/06/2016;0;26,5;-0,013589146;71,89040352;98337,6;44892;0
28/06/2016;0;27,5;0,036408648;71,75600298;112028,4;34747,2;0
29/06/2016;0;27,5;0,033418427;71,62160245;98222,4;41529,6;0
30/06/2016;0;28;0,011424674;71,45360178;105627,6;47455,2;0
01/07/2016;0;29;-0,000304257;71,28560111;93157,2;48567,6;0
02/07/2016;0;27,5;0,022253255;71,15120057;92977,2;36046,8;0
03/07/2016;0;27;0,009241267;70,9831999;108741,6;44607,6;0
04/07/2016;0;26,5;0,025711762;70,81519923;101844;47948,4;0,020394
05/07/2016;0;27;0,004342665;70,64719856;111585,6;37933,2;0
06/07/2016;0;27,5;0,026965229;70,51279803;100002;38898;0
07/07/2016;0;29,5;0,020598903;70,34479736;110955,6;50518,8;0
08/07/2016;0;29;0,014407971;70,17679669;105242,4;50076;0
09/07/2016;0;30;-0,005809344;70,00879602;95580;39222;0
10/07/2016;0;30;0,016528894;69,84079535;121355,6;35820;0
11/07/2016;0;32;0,031900154;69,67279468;112154,4;44769,6;0
12/07/2016;0;29;0,010944622;69,50479401;110174,4;45147,6;0
13/07/2016;0;26;-0,009718585;69,33679334;96030;46634,4;0
14/07/2016;0;27;0,010309016;69,16960094;107085,6;46854;0
15/07/2016;0;25,5;0,010154248;69,00564166;103809,6;48099,6;0
16/07/2016;0;26;0,022823566;68,87447423;97794;34678,8;0
17/07/2016;0;25,5;0,02933163;68,7433068;85636,8;56343,6;0
18/07/2016;0;27;-0,025746985;68,54655566;102654;51512,4;0
19/07/2016;0;28;0,006722223;68,41538823;84751,2;35989,2;0
20/07/2016;0;30;-0,021209966;68,25142895;81158,4;31291,2;0
21/07/2016;0;31;0,008435283;68,0546778;119793,6;43963,2;0
22/07/2016;0;28;-0,013185822;67,85792666;109440;50490;0
23/07/2016;0;27,5;0,039957204;67,72675923;97473,6;48402;0
24/07/2016;0;28,5;-0,008082639;67,53000809;119674,8;42804;0
25/07/2016;0;29,5;0,010248137;67,36604881;103921,2;44132,4;0
26/07/2016;0;29;0,035086404;67,20208952;113030;59244,8;0
27/07/2016;0;28,5;0,016991845;67,03813024;102783,6;53715,6;0
28/07/2016;0;28,5;-0,006940166;66,8413791;116168,4;52160,4;0
29/07/2016;0;29;0,041494785;66,71021167;105789,6;35010;0
30/07/2016;0;31,5;0,012350848;66,54625238;99662,4;54244,8;0
31/07/2016;0;31;-0,006037837;66,34950124;115974;50752,8;0
01/08/2016;0;28;0,029805879;66,21833381;102902,4;40910,4;0
02/08/2016;0;29;0,020516286;66,05437453;112222,8;46386;0
03/08/2016;0;31,5;0,008080589;65,85986625;110502;48842;0
04/08/2016;0;32,5;0,009023234;65,66984369;122972,4;49028,4;0
05/08/2016;0;27,5;0,022429374;65,51149156;111337,2;48236,4;0
06/08/2016;0;27;0,012700343;65,35313943;102978;46587,6;0
07/08/2016;0;27;-0,00384431;65,16311688;112492,8;49050;0
08/08/2016;0;27;0,027136956;65,00476475;108579,6;51364,8;0
09/08/2016;0;26,5;0,001300178;64,81474219;112406,4;49291,2;0
10/08/2016;0;26;0,00085503;64,65639006;103658,4;39970,8;0
11/08/2016;0;26,5;0,017109838;64,49803793;111445,2;41806,8;0
12/08/2016;0;27,5;0,024259261;64,3396858;112086;50259,6;0
13/08/2016;0;26,5;0,004790001;64,18133367;98287,2;50634;0
14/08/2016;0;26,5;-0,001677089;64,02298154;103737,6;43160,4;0
15/08/2016;0;27,5;0,016307374;63,86462941;103446;50439,6;0
16/08/2016;0;28;0,007360014;63,67460685;115268,4;54482,4;0
17/08/2016;0;32;0,03042612;63,51625472;108824,4;49870,8;0
18/08/2016;0;31,5;0,01335408;63,32623217;118476;53640;0
19/08/2016;0;32;0,015351749;63,13620961;114613,2;52092;0
20/08/2016;0,2;29;0,004498899;62,97785748;103262,4;46828,8;0
21/08/2016;0;26,5;0,008320392;62,81950535;106034,4;48214,8;0
22/08/2016;0;27,5;0,016421498;62,66467015;104493,6;46612,8;0
23/08/2016;0;27;0,022247781;62,51217956;108583,2;45421,2;0
24/08/2016;0;24,5;-0,021125546;62,32919085;106052,4;45928,8;0
25/08/2016;0;26,5;0,021283406;62,17670026;111528;44366,4;0
26/08/2016;0;27;0,016117207;62,02420967;105512,4;48016,8;0
27/08/2016;0;28;0,014811108;61,87171908;98798,4;47307,6;0
28/08/2016;0;29;0,026871355;61,71922849;114195,6;44928;0
29/08/2016;0;28;0,009103571;61,5667379;102322,8;45190,8;0
30/08/2016;0;30,5;0,025010111;61,41424731;111963,6;45064,8;0
31/08/2016;0;27,5;0,004454196;61,26175672;102992,4;41446,8;0
01/09/2016;0;28,5;0,01042725;61,10926613;109281,6;35672,4;0
02/09/2016;0;28;0,009371858;60,95677554;104378,4;40464;0
03/09/2016;0;30,5;0,015039756;60,80428495;99219,6;43736,4;0
04/09/2016;0;32,5;0,005744083;60,62129624;116424;43851,6;0
05/09/2016;0;31;0,018533415;60,43830753;109018,8;44946;0,021578
06/09/2016;0;29;0,020172772;60,28581694;112712,4;39747,6;0
07/09/2016;0;28;0,019233428;60,13332635;110271,6;42188,4;0
08/09/2016;0;27,5;0,006319753;59,95033764;115387,2;55299,6;0
09/09/2016;0;27;-0,010355312;59,76734894;111272,4;41281,2;0
10/09/2016;0;29,5;0,003429456;59,61813191;98193,36;39794,4;0
11/09/2016;0;28;0,007635663;59,47109725;107391,6;35334;0
12/09/2016;1,2;24;0,013132821;59,35346953;84009,6;36910,8;0
13/09/2016;0;20,5;-0,023338009;59,17702794;96663,6;35017,2;0
14/09/2016;0;22;0,016115443;59,02999329;100346,4;35776,8;0
15/09/2016;0;23,5;-0,003355652;58,8535517;112690,8;40539,6;0
16/09/2016;0;24;0,019543284;58,70651705;112225,6;35420,4;0
17/09/2016;0;23,5;0,0021682;58,55948239;96141,6;34754,4;0
18/09/2016;;23;0,020138625;58,41244774;111765,6;41850;0
19/09/2016;0;24,5;0,031079302;58,29482001;94734;35726,4;0
20/09/2016;0;27;0,013216517;58,14778536;106412,4;32688;0
21/09/2016;0;24,5;0,00729147;58,0007507;98319,6;37533,6;0
22/09/2016;0;24,5;0,019314225;57,85371605;108619,2;40168,8;0
23/09/2016;0;24;0,007336852;57,70668139;99903,6;38984,4;0
24/09/2016;0;24;-0,005576166;57,55964674;88754,4;39290,4;0
25/09/2016;0;25;0,010281507;57,41261208;106858,8;34740;0
26/09/2016;0;24,5;0,019690662;57,29498436;92955,6;29250;0
27/09/2016;0,1;22;-0,007441857;57,1479497;95760;37450,8;0
28/09/2016;0;23,5;0,023566337;57,03032198;87930;35305,2;0
29/09/2016;0;23;-0,001713968;56,88328732;97610,4;32965,2;0
30/09/2016;0;23,5;0,025048768;56,7656596;93074,4;35456,4;0
01/10/2016;0;23,5;-0,004284639;56,62390119;85111,2;37087,2;0
02/10/2016;0;23,5;0,0088285;56,48214278;101772;35578,8;0
03/10/2016;0;23,5;0,016499997;56,34038437;91944;33476,4;0,02106
04/10/2016;0;23,5;0,028287803;56,22697764;98028;33051,6;0
05/10/2016;0;23,5;0,001921239;56,08521923;94453,2;34905,6;0
06/10/2016;0;24;0,002600604;55,94346082;100602;32605,2;0
07/10/2016;0;25;0,020541892;55,83005409;90262,8;32263,2;0
08/10/2016;0;23;0,015194703;55,71664737;82260;33793,2;0
09/10/2016;0;23;-0,000156907;55,57488896;95234,4;34124,4;0
10/10/2016;0;22;0,005515987;55,46148223;73980;30441,6;0
11/10/2016;37,2;17;0,188395042;55,57488896;46087,2;28616,4;0
12/10/2016;1,6;18;0,033175829;55,54653727;30135,6;26838;0
13/10/2016;0;18;0,013094523;55,48983391;32205,6;27352,8;0
14/10/2016;0;16,5;0,014171788;55,43313055;34207,2;27288;0
15/10/2016;0;20;0,015174241;55,37642718;35244;27828;0
16/10/2016;0;20,5;0,025799175;55,31972382;46418,4;27284,4;0
17/10/2016;0;21,5;0,001810107;55,23466877;48315,6;32594,4;0
18/10/2016;0;22;0,005431557;55,14961373;52912,8;32191,2;0
19/10/2016;0;21,5;0,030303501;55,09291036;48859,2;29937,6;0
20/10/2016;0;21,5;-0,000378362;55,00785532;52671,6;28328,4;0
21/10/2016;0,8;20;0,020227325;54,95115195;47095,2;25596;0
22/10/2016;7,2;20;0,014805157;54,89444859;39708;28411,2;0
23/10/2016;2,6;20,5;0,040245592;54,86609691;33562,8;28822,8;0
24/10/2016;0;22;0,000879589;54,80939354;37756,8;15311,6;0
25/10/2016;0;23,5;0,025841406;54,75269018;49129,2;25520,4;0
26/10/2016;0;23;0,028634946;54,69598681;49125,6;28886,4;0
27/10/2016;0;21,5;0,012170982;54,61093177;59835,6;29790;0
28/10/2016;0;16,5;-0,017078205;54,49752504;55065,6;31986;0
29/10/2016;0;21;0,027198137;54,44082168;46699,2;29617,2;0
30/10/2016;0;19,5;0,011845438;54,35576663;59842,8;29199,6;0
31/10/2016;0;19;0,027034852;54,29906327;48985,2;27741,6;0
01/11/2016;0;19,5;0,017687674;54,21400822;66031,2;29707,2;0
02/11/2016;0;21;0,01202489;54,12895317;55839,6;32004;0
03/11/2016;0,2;20,5;0,001904257;54,04389813;51984;29383,2;0
04/11/2016;8,9;18;0,043167155;54,01554645;41317,2;26568;0
05/11/2016;0;14,5;-0,028434389;53,90296617;47275,2;25704,8;0
06/11/2016;0;12,5;0,029831997;53,82039048;72190,8;27666;0
07/11/2016;0;13;0,004225776;53,71028956;52120,8;25689,6;0,021751
08/11/2016;0;15,5;0,006056375;53,60018864;74448;30578,4;0
09/11/2016;0;15;0,001037559;53,49008772;69055,2;30409,2;0
10/11/2016;0;15;0,02933858;53,40751203;69580,8;34002;0
11/11/2016;0;14,5;-0,005513369;53,29741111;65149,2;33890,4;0
12/11/2016;0;15;0,015718136;53,21483542;65239,2;29174,4;0
13/11/2016;0,2;15,5;0,016336477;53,13225973;67773,6;26154;0
14/11/2016;0;16;0,011173355;53,04968404;60375,6;26456,4;0
15/11/2016;0;14,5;0,016984233;52,96710835;64998;27374,4;0
16/11/2016;0;14;0,019442189;52,88453266;65732,4;31590;0
17/11/2016;0;15,5;0,019191691;52,80195697;62460;31028,4;0
18/11/2016;0;18,5;0,003710916;52,71938128;50914,8;26272,8;0
19/11/2016;1,1;16;0,026566929;52,66433082;40186,8;32612,4;0
20/11/2016;36,6;14;0,139721511;52,74690651;30625,2;25693,2;0
21/11/2016;10,8;11,5;0,242166247;52,93958312;25023,6;18662,4;0
22/11/2016;0,1;11;0,114155437;52,99463358;26668,8;26629,2;0
23/11/2016;0;11;0,053627382;52,99463358;23806,8;27608,4;0
24/11/2016;30,8;10;0,129978039;53,07720927;17240,4;24073,2;0
25/11/2016;56,5;11,5;2,097398786;55,12126204;14472;27262,8;0
26/11/2016;7,9;12;1,036078293;56,11357091;16466,4;26730;0
27/11/2016;0;12,5;0,790334719;56,85388039;21366;22590;0
28/11/2016;0;12,5;0,224599317;57,03032198;20095,2;25455,6;0
29/11/2016;0;13;0,191563442;57,17735663;15962,4;25664,4;0
30/11/2016;1,5;14,5;0,122854973;57,26557743;6580,8;25729,2;0
01/12/2016;0,8;14,5;0,12428241;57,35379822;7642,8;25801,2;0
02/12/2016;2;13,5;0,120796763;57,44201901;7398;24886,8;0
03/12/2016;8,7;12,5;1,034959774;58,44185467;10627,2;23612,4;0
04/12/2016;0,1;13,5;0,343330266;58,73592398;11109,6;35784;0
05/12/2016;0;16;0,201221306;58,88295863;11386,8;39538,8;0
06/12/2016;0;13;0,147756725;58,97117943;7808,4;50540,4;0
07/12/2016;0;14;0,123009046;59,02999329;4597,2;55440;0
08/12/2016;0;13;0,107025921;59,08880715;7736,4;39286,8;0
09/12/2016;0;14;0,110968276;59,14762101;7808,4;42264;0
10/12/2016;0;14;0,051741629;59,14762101;7038;40539,6;0
11/12/2016;0;13;0,097597578;59,17702794;10692;54820,8;0
12/12/2016;0;13;0,084004986;59,17702794;10544,4;49291,2;0,021194
13/12/2016;15,6;11;0,17723156;59,29465567;18378;35564,4;0
14/12/2016;10,3;12;0,171028172;59,41228339;16567,2;29970;0
15/12/2016;2,4;10;0,368424558;59,73685082;15181,2;26578,8;0
16/12/2016;5,3;10;0,255010274;59,95033764;14590,8;26031,6;0
17/12/2016;0,6;12;0,251644166;60,16382447;11876,4;21463,2;0
18/12/2016;0;12,5;0,201863726;60,31631506;17661,6;22662;0
19/12/2016;0;14;0,171733248;60,43830753;10814,4;26238,8;0
20/12/2016;0;12;0,105796572;60,49930377;13201,2;26460;0
21/12/2016;0;12;0,105994184;60,5603;14353,2;26712;0
22/12/2016;0;12,5;0,105428541;60,62129624;13834,8;26359,2;0
23/12/2016;0;12;0,075514697;60,65179436;16437,6;24642;0
24/12/2016;0;12;0,103548313;60,71279059;12639,6;26578,8;0
25/12/2016;0;12;0,075709728;60,74328871;13914;27356,4;0
26/12/2016;0;11,5;0,067535782;60,77378683;8051,6;25650;0
27/12/2016;0;12,5;0,07135591;60,80428495;10713,6;25290;0
28/12/2016;0;12;0,041620644;60,80428495;12844,8;25135,2;0
29/12/2016;0;11;0,081930677;60,83478307;23274,3;25426,8;0
30/12/2016;0;11,5;0,05363765;60,83478307;22863,6;27435,6;0
31/12/2016;0;10,5;0,075832974;60,86528118;12986,4;28098;0
01/01/2017;0;10;0,075538092;60,8957793;14029,2;26758,8;0
02/01/2017;0;16;0,069689812;60,8957793;16239,6;23680,8;0,027036
03/01/2017;0;17;0,042333649;60,86528118;30225,6;29854,8;0
04/01/2017;0;14,5;0,061927271;60,86528118;30416,4;26046;0
05/01/2017;0;12,5;0,054928859;60,86528118;22867,2;27507,6;0
06/01/2017;0;11;0,064734067;60,86528118;32695,2;26877,6;0
07/01/2017;0;10;0,029504019;60,83478307;30794,4;24958,8;0
08/01/2017;0;10;0,065675737;60,83478307;35222,4;26204,4;0
09/01/2017;0;13,5;0,038121362;60,80428495;28947,6;27536,4;0
10/01/2017;0;14;0,078161049;60,80428495;43466,4;26503,2;0
11/01/2017;0;13;0,046173908;60,77378683;38998,8;26755,2;0
12/01/2017;0;13,5;0,049944843;60,74328871;36284,4;29606,4;0
13/01/2017;0;11;0,019065792;60,68229248;40644;26694;0
14/01/2017;0;11;0,046096642;60,65179436;41155,2;24840;0
15/01/2017;0;13,5;0,062421054;60,62129624;45378;28468,8;0
16/01/2017;0;12;-0,001292234;60,52980189;47059,2;28324,8;0
17/01/2017;0;5;0,057346537;60,49930377;53971,2;26013,6;0
18/01/2017;0;8;0,032487872;60,46880565;26679,6;26334;0
19/01/2017;0;8,5;0,03963173;60,43830753;39106,8;25887,6;0
20/01/2017;0;11;0,049607395;60,40780941;44074,8;24555,6;0
21/01/2017;0;12;0,020546069;60,34681318;40618,8;26740,8;0
22/01/2017;0;12,5;0,065141181;60,31631506;52869,6;30402;0
23/01/2017;0;13;0,027217904;60,25531882;46519,2;28130,4;0
24/01/2017;0;12,5;0,01839503;60,19432259;44542,8;26715,6;0
25/01/2017;10,5;11,5;0,073285562;60,19432259;38782,8;28177,2;0
26/01/2017;0,8;11,5;0,082043353;60,22482071;21895,2;25732,8;0
27/01/2017;0;11,5;0,022398745;60,19432259;14497,2;23338,8;0
28/01/2017;0;12;0,048878797;60,19432259;16945,2;25005,6;0
29/01/2017;0;12;0,032016549;60,16382447;28098;28695,6;0
30/01/2017;0;12;0,057581375;60,16382447;26020,8;25538,4;0
31/01/2017;0;14;0,029104288;60,13332635;28666,8;24915,6;0
01/02/2017;0,5;11,5;0,055117808;60,13332635;19580,4;27410,4;0
02/02/2017;0;14;0,030803993;60,10282823;28332;26049,6;0
03/02/2017;1,2;16;0,065781095;60,10282823;33102;25156,8;0
04/02/2017;0;13,5;0,047644047;60,07233012;24055,2;28219,6;0
05/02/2017;0;15;0,029927146;60,01133388;44208;30484,8;0
06/02/2017;0;16,5;0,059530371;59,95033764;48106,8;27896,4;0,0244
07/02/2017;0;13;0,025160245;59,88934141;43387,2;26262;0
08/02/2017;0;11,5;0,03113676;59,85884329;30078;25556,4;0
09/02/2017;35,3;8;0,237179428;60,041832;20880;25192,5;0
10/02/2017;11,1;11,5;0,288766885;60,28581694;14508;25750,8;0
11/02/2017;14,4;13,5;0,564488837;60,80428495;17175,6;24901,2;0
12/02/2017;0,6;11,5;0,839854152;61,59723602;20080,8;23454;0
13/02/2017;0;12,5;0,326664727;61,87171908;21132;24598,8;0
14/02/2017;0;13,5;0,200163625;62,02420967;15249,6;25038;0
15/02/2017;0;12;0,186872223;62,17670026;5857,2;23900,4;0
16/02/2017;0;14;0,135941898;62,26819461;13281,2;28080,4;0
17/02/2017;11,3;14;0,168545725;62,39018708;17402,4;24206,4;0
18/02/2017;0;12;1,360317501;63,70627728;12772,8;26114,4;0
19/02/2017;0,2;14;0,350709017;64,02298154;6490,8;20890,8;0
20/02/2017;0;14,5;0,229625858;64,2130041;6706,8;27522;0
21/02/2017;0,2;15;0,169263605;64,3396858;8272,8;28926;0
22/02/2017;2,5;13;0,199207638;64,49803793;8132,4;28598,4;0
23/02/2017;0;17;0,145127758;64,59304921;14072,4;27784,8;0
24/02/2017;0;14,5;0,114367756;64,65639006;17755,2;25959,6;0
25/02/2017;0;14;0,110521061;64,71973091;16232,4;24584,4;0
26/02/2017;0;14,5;0,162440069;64,81474219;23968,8;25621,2;0
27/02/2017;0;14;0,093054851;64,84641262;15490,8;27410,4;0
28/02/2017;0;14,5;0,101716511;64,87808304;33523,2;26640;0
01/03/2017;0;14,5;0,074452129;64,87808304;32688;26780,4;0
02/03/2017;3,6;10,5;0,139336031;64,94142389;42386,4;29142;0
03/03/2017;8,1;11;0,352489603;65,22645773;41486,4;24368,4;0
04/03/2017;0;15,5;0,253244582;65,41648028;24242,4;22932;0
05/03/2017;0;17,5;0,199938288;65,54316199;25772,4;28839,6;0
06/03/2017;0;19;0,15565877;65,60650284;17110,8;27136,4;0,033272
07/03/2017;0;18,5;0,111253204;65,66984369;15519,6;17582,4;0
08/03/2017;0;18;0,158780507;65,76485497;22932;27298,8;0
09/03/2017;0;20;0,148291874;65,82819582;39808,8;29012,4;0
10/03/2017;0;23,5;0,123234013;65,85986625;38908,8;27482,4;0
11/03/2017;0;18;0,097364353;65,85986625;30978;36050,4;0
12/03/2017;0,6;11;0,072307518;65,85986625;34099,2;29494,8;0
13/03/2017;21;11;0,264783424;66,08716639;12741,2;18273,6;0
14/03/2017;0;15,5;0,149320161;66,18554196;15789,6;24796,8;0
15/03/2017;0,5;15,5;0,140256773;66,28391753;8262;23252,4;0
16/03/2017;0;15,5;0,121572631;66,34950124;19574,4;27014,4;0
17/03/2017;0;15,5;0,104940829;66,3822931;31572;28580,4;0
18/03/2017;0;16;0,093911755;66,41508496;20260,8;27237,6;0
19/03/2017;0;18,5;0,138809367;66,48066867;26658;24501,6;0
20/03/2017;0;16;0,08640685;66,48066867;38664;26974,8;0
21/03/2017;0;13,5;0,093060245;66,48066867;44578,8;29660,4;0
22/03/2017;0;10;0,07570903;66,48066867;36262,8;27115,2;0
23/03/2017;0;11;0,075533606;66,48066867;43354,8;29582,8;0
24/03/2017;0;10,5;0,076353118;66,48066867;41850;27039,6;0
25/03/2017;5;12,5;0,106663457;66,51346053;35406;24832,8;0
26/03/2017;0;13,5;0,108380062;66,54625238;40060,8;27410,4;0
27/03/2017;0;16,5;0,084710007;66,54625238;42447,6;29275,2;0
28/03/2017;0;16,5;0,053826067;66,51346053;43506;26882,4;0
29/03/2017;0;16,5;0,069901774;66,48066867;63862;25851,6;0
30/03/2017;0;17;0,083651974;66,44787681;69127,2;28825,2;0
31/03/2017;0;17,5;0,04459621;66,3822931;53136;29160;0
01/04/2017;0;17;0,062475125;66,34950124;50608,8;27802,8;0
02/04/2017;0;16;0,083537295;66,31670938;67212;34534,8;0
03/04/2017;0;16;0,043942553;66,21833381;68151,6;33706,8;0,023623
04/04/2017;0;17;0,052508477;66,1527501;68076;33512,4;0
05/04/2017;0;15;0,058676278;66,11995824;51001,2;30438;0
06/04/2017;0;15;0,070052238;66,08716639;59605,2;28684,8;0
07/04/2017;0;15,5;0,038439508;66,02158267;59694,4;29782,8;0
08/04/2017;0;17;0,039237807;65,95599896;51408;31122;0
09/04/2017;0;16,5;0,051172235;65,89153667;64612,8;34556,4;0
10/04/2017;0;16,5;0,047977974;65,82819582;60591,6;34920;0
11/04/2017;0;19,5;0,059955964;65,7965254;39834;33411,6;0
12/04/2017;0;22,5;0,029011109;65,73318454;36367,2;34074;0
13/04/2017;0;22;0,06565944;65,66984369;69886,8;36576;0
14/04/2017;0;23;0,036639582;65,57483241;70743,6;36788,4;0
15/04/2017;0;19;0,037358691;65,51149156;53308,8;34858,8;0
16/04/2017;0;19;0,059938417;65,44815071;73699,2;33847,2;0
17/04/2017;0;20,5;0,031896502;65,35313943;77796;33076,8;0
18/04/2017;0;19;0,023582782;65,28979858;43290;32418;0
19/04/2017;0;17,5;0,029534593;65,22645773;34088,4;40536;0
20/04/2017;0;17,5;0,010456684;65,13144645;61362;31633,2;0
21/04/2017;0;18;0,022415284;65,0681056;51062,4;22550,4;0
22/04/2017;0;19;0,018641262;65,00476475;40161,6;22662;0
23/04/2017;0,3;18,5;0,004881595;64,87808304;76734;43352,4;0
24/04/2017;0;19,5;0,014606384;64,78307176;80524,8;11898;0
25/04/2017;0;21,5;0,048789821;64,71973091;45414;43808,4;0
26/04/2017;8,1;19,5;0,048434306;64,68806049;35229,6;28018,8;0
27/04/2017;10,7;12,5;0,067066888;64,68806049;44240,4;22190,4;0
28/04/2017;3,8;13,5;0,052165244;64,68806049;28137,6;23709,6;0
29/04/2017;0;17,5;0,07116744;64,68806049;23925,6;28159,2;0
30/04/2017;0;18,5;0,035883222;64,62471963;43988,4;36486;0
01/05/2017;0;18;0,054775995;64,56137878;50817,6;30772,8;0,020332
02/05/2017;0;18,5;0,048106207;64,52970836;37476;25160,4;0
03/05/2017;0;18,5;0,040405129;64,49803793;28825,2;31510,8;0
04/05/2017;0;21;0,03081857;64,40302665;76284;30848,4;0
05/05/2017;0;21;0,058433698;64,3396858;70102,8;30456;0
06/05/2017;0;21;0,014388886;64,24467452;56404,8;33386,4;0
07/05/2017;0;21,5;0,03471519;64,14966324;73522,8;32511,6;0
08/05/2017;0;20;0,032756363;64,05465197;73018,8;32662,8;0
09/05/2017;2;21,5;0,030906556;63,99131111;45955,2;30952,8;0
10/05/2017;0,8;18;0,058516073;63,99131111;22341,6;27662,4;0
11/05/2017;2,5;18;0,025194183;63,92797026;47527,2;32817,6;0
12/05/2017;0;20;0,066031068;63,89629984;52261,2;29066,4;0
13/05/2017;0;22;0,030646536;63,83295898;45781,2;27126;0
14/05/2017;0;22;0,03471294;63,73794771;77979,6;32889,6;0
15/05/2017;0;22;0,039849223;63,64293643;85802,4;31795,2;0
16/05/2017;0;21,5;0,006385816;63,54792515;53064;29523,6;0
17/05/2017;0;22,5;0,015765638;63,45291387;44168,4;32792,4;0
18/05/2017;0;21,5;0,030151529;63,32623217;102960;32616;0
19/05/2017;0;21,5;0,021145028;63,19955046;92757,6;36655,2;0
20/05/2017;0;22;0,021498017;63,10453919;66790,8;35067,6;0
21/05/2017;0;23;0,02572217;62,97785748;93819,6;36799,2;0
22/05/2017;0;22;0,009376224;62,85117578;93729,6;28346,4;0
23/05/2017;0;23,5;0,012698041;62,7561645;52548;34369,2;0
24/05/2017;0;24;0,009605188;62,66467015;46771,2;31698;0
25/05/2017;0;25;0,040491684;62,54267767;102679,2;40302;0
26/05/2017;0;24,5;0,025088746;62,4206852;93722,4;33883,2;0
27/05/2017;0;23;0,029036178;62,32919085;76431,6;29584,8;0
28/05/2017;0;24,5;-0,007019885;62,17670026;90918;30816;0
29/05/2017;0;24,5;0,024618279;62,05470779;92149,2;31989,6;0
30/05/2017;0;24,5;0,026550563;61,96321343;62024,4;36032,4;0
31/05/2017;0;24,5;0,021405519;61,87171908;57182,4;37900,8;0
01/06/2017;0;25,5;0,01971983;61,71922849;110926,8;41965,2;0
02/06/2017;0;25,5;0,011352549;61,5667379;103428;38376;0
03/06/2017;0;25,5;0,025834001;61,44474543;81489,6;39744;0
04/06/2017;0;26;0,007893321;61,26175672;114663,6;41446,8;0
05/06/2017;0;25,5;0,005362097;61,07876801;107503,2;41734,8;0,024199
06/06/2017;0;25,5;0,039901841;60,98727366;66240;41137,2;0
07/06/2017;0;26,5;0,006272225;60,86528118;62802;42692,4;0
08/06/2017;0;24;0,018445579;60,71279059;120434,4;36864;0
09/06/2017;0;25;0,002415808;60,5603;100641,6;40046,4;0
10/06/2017;0;25;0,024589233;60,43830753;87908,4;38433,6;0
11/06/2017;0;26;0,019045286;60,28581694;110732,4;39092,4;0
12/06/2017;0;26,5;0,012215231;60,13332635;104698,8;38034;0
13/06/2017;0;27,5;0,007686003;60,01133388;68526;38610;0
14/06/2017;0;29,5;0,042134843;59,91983953;63619,2;43588,8;0
15/06/2017;0;28,5;0,005426489;59,73685082;124848;39600;0
16/06/2017;0;28,5;0,006104336;59,55931805;115477,2;43048,8;0
17/06/2017;0;29;0,018953101;59,41228339;106560;37047,6;0
18/06/2017;0;28,5;0,041155687;59,26524874;121129,2;44423,6;0
19/06/2017;0;28,5;-0,005097797;59,08880715;112140;39290,4;0
20/06/2017;0;28;0,032758882;58,97117943;75664,8;50385,6;0
21/06/2017;0;28,5;0,012161283;58,8535517;65574;38728,8;0
22/06/2017;0;29;0,027545176;58,67711012;127562,4;46854;0
23/06/2017;0;31,5;0,015690556;58,50066853;120549,6;42372;0
24/06/2017;0;30;-0,006591043;58,32422694;106837,2;43876,8;0
25/06/2017;0;31;0,027607929;58,14778536;128106;45392,4;0
26/06/2017;0;28,5;0,020840924;57,97134377;121561,2;39668,4;0
27/06/2017;0;26;-0,011142662;57,79490219;81684;49104;0
28/06/2017;0;24;-0,022451952;57,64786753;55504,8;29376;0
29/06/2017;0;25;0,006255911;57,44201901;136040,4;48985,2;0
30/06/2017;0;25;-0,018274162;57,2361705;117637,2;46994,4;0
01/07/2017;0;26,5;0,020043707;57,05972891;123152,4;49572;0
02/07/2017;0;26;0,01268493;56,88328732;120920,4;48546;0
03/07/2017;0;26;-0,037828532;56,68060455;74095,2;50205,6;0,022384
04/07/2017;0;25;-0,008127798;56,53884614;74102,4;38797,2;0
05/07/2017;0;27;0,109710234;56,4537911;126000;43740;0
06/07/2017;0;29,5;0,065040471;56,31203269;123660;53272,8;0
07/07/2017;0;29;0,016390091;56,1419226;106351,2;53208;0
08/07/2017;0;29,5;0,035488385;55,9718125;130557,6;50727,6;0
09/07/2017;0;29,5;0,024566676;55,80170241;121874,4;47966,4;0
10/07/2017;0;29,5;-0,025404413;55,63159232;76312,8;43891,2;0
11/07/2017;0;29;0,035951609;55,51818559;81579,6;47862;0
12/07/2017;0;29;0,050752762;55,37642718;128354,4;44557,2;0
13/07/2017;0,1;27,5;0,007289347;55,20631709;118771,2;50407,2;0
14/07/2017;0;27,5;0,005924744;55,036207;111679,2;44834,4;0
15/07/2017;0;28,5;0,017124231;54,86609691;121125,6;48038,4;0
16/07/2017;0;29;0,016416339;54,69598681;118512;50544;0
17/07/2017;0;29;-0,018727637;54,52587672;76932;48297,6;0
18/07/2017;0;30;0,017168018;54,38411831;77457,6;51429,6;0
19/07/2017;0;28;0,066239126;54,2423599;135723,6;45928,8;0
20/07/2017;0;29;0,002527869;54,04389813;126090;50853,6;0
21/07/2017;0;29;0,019100239;53,87544094;110790;50256;0
22/07/2017;0;29;0,023219401;53,71028956;120754,8;43657,2;0
23/07/2017;0;28;0,022991865;53,54513818;120675,6;47721,6;0
24/07/2017;0;27;-0,0521825;53,35246157;76975,2;46310,4;0
25/07/2017;0;29;0,04263189;53,24236065;84034,8;48459,6;0
26/07/2017;0;30;0,075027004;53,1047345;136800;51768;0
27/07/2017;0;30;0,01343469;52,91205789;130366,8;53089,2;0
28/07/2017;0;30;0,001262606;52,71938128;119592;50083,2;0
29/07/2017;0;31;0,008927304;52,52670467;130694,4;47520;0
30/07/2017;0;28,5;0,028354448;52,36155329;122277,6;55296;0
31/07/2017;0;30;-0,037031397;52,16887668;79747,2;54241,2;0
01/08/2017;0;30,5;0,029519285;52,03125053;88167,6;55710;0
02/08/2017;0;32;0,075311935;51,89362438;137782,8;50281,2;0
03/08/2017;0;32,5;0,02042043;51,70094777;133696,8;54849,6;0
04/08/2017;0;31;0,010448561;51,50827116;120668,4;61495,2;0
05/08/2017;0;30,5;0,017807295;51,31559455;132264;57301,2;0
06/08/2017;0;31;0,037696537;51,12453862;139334,4;55530;0
07/08/2017;0;29,5;-0,049435301;50,91081948;87058,8;51264;0
08/08/2017;0;27,5;-0,000140091;50,75053013;90468;56455,2;0
09/08/2017;0;27;0,082025177;50,61695567;140356,8;55569,6;0
10/08/2017;0;26,5;0,018000391;50,42995142;134395,2;54475,2;0
11/08/2017;0;27;0,006240885;50,24294718;122112;56376;0
12/08/2017;0;28,5;0,0224535;50,05594294;128937,6;55890;0
13/08/2017;0;28,5;0,016785139;49,86893869;121935,6;57812,4;0
14/08/2017;0;28,5;-0,032455002;49,68193445;83253,6;54504;0
15/08/2017;0;28,5;0,01810428;49,54835999;83991,6;54381,6;0
16/08/2017;0;29;0,071319995;49,41478553;136515,6;52437,6;0
17/08/2017;0;28,5;0,005765816;49,22778128;125341,2;54439,2;0
18/08/2017;0;28,5;-0,010578415;49,04077704;111178,8;52286,4;0
19/08/2017;0;27,5;0,044843083;48,88048769;130096,8;56556;0
20/08/2017;0;28;0,008455499;48,69348344;121582,8;57546;0
21/08/2017;0;28,5;-0,028394835;48,5064792;90133,2;52182;0
22/08/2017;0;27,5;-0,007856312;48,35132691;74156,4;57664,8;0
23/08/2017;0;28,5;0,066711457;48,22203334;132287,6;51148,8;0
24/08/2017;0;28,5;0,006236669;48,04102233;120726;53460;0
25/08/2017;3,3;28,5;-0,005423325;47,88587004;89714,8;51410,8;0
26/08/2017;6,3;24;-0,020399232;47,75657647;64364;38804,4;0
27/08/2017;0;23,5;0,043877826;47,67900032;66571,2;41882,4;0
28/08/2017;0;24,5;-0,006775489;47,57556546;43131,6;43660,8;0
29/08/2017;0;26,5;0,051949508;47,49798932;67921,2;45522;0
30/08/2017;0;26;0,07629361;47,39455446;117993,6;47228,4;0
31/08/2017;0;27;-0,0126605;47,21354345;107679,6;49816,8;0
01/09/2017;0;27;0,010492731;47,05839116;105364,8;45579,6;0
02/09/2017;0;29,5;0,046244931;46,90323887;123582;46929,6;0
03/09/2017;0;27;0,023219265;46,74808658;117770,4;45846;0,000885
04/09/2017;0;27,5;-0,01999757;46,59293429;69174;48294;0
05/09/2017;0;26,5;0,026750047;46,48949943;73720,8;43153,2;0
06/09/2017;0;26;0,095402147;46,38606457;131324,4;51408;0
07/09/2017;0;25,5;0,047047326;46,23091228;125964;51235,5;0
08/09/2017;0;24,5;0,041626461;46,10161871;111848,4;40226,4;0
09/09/2017;0;25;0,003766867;45,9206077;126406,8;39571,2;0
10/09/2017;0;27;0,06304564;45,79574902;116575,2;52308;0
11/09/2017;0;25,5;-0,019674592;45,62094686;90378;49316,4;0
12/09/2017;0;26,5;-0,016668264;45,47111643;75506,4;37710;0
13/09/2017;0;26;0,10776807;45,37122949;133466,4;46202,4;0
14/09/2017;0;23,5;-0,035199088;45,14648385;121881,6;49568,4;0
15/09/2017;0;23,5;-0,015882955;44,97168169;108360;36518,4;0
16/09/2017;0;25;0,046702982;44,82185127;125046;45216;0
17/09/2017;0;24,5;0,003397336;44,64704911;116265,6;46958,4;0
18/09/2017;0;23,5;-0,017985537;44,47224695;98982;43642,8;0
19/09/2017;0;23,5;-0,011893531;44,32241653;80265,6;44503,2;0
20/09/2017;0;23,5;0,065703341;44,19755785;133059,6;45597,6;0
21/09/2017;0;24;-0,002671872;44,02275569;115797,6;41983,2;0
22/09/2017;0;23,5;0,008124705;43,87292527;103532,4;43560;0
23/09/2017;0;24;0,027240455;43,72309484;121413,6;40629,6;0
24/09/2017;0;25,5;-0,011938747;43,54829269;108417,6;42404,4;0
25/09/2017;2,1;22,5;-0,047813866;43,39931944;61570,8;37626,8;0
26/09/2017;0,3;19,5;0,018090248;43,30286119;69066,8;37645,2;0
27/09/2017;0;24;0,069630821;43,20640293;117691,2;40572;0
28/09/2017;0;22,5;-0,008337385;43,03760099;106740;42501,6;0
29/09/2017;0;23;0,000576429;42,89291361;96559,2;39452,4;0
30/09/2017;0;24;0,041250001;42,7723408;108568,8;42559,2;0
01/10/2017;0;23;0,000402055;42,62765342;95328;38458,8;0,0016
02/10/2017;0;23;-0,024168481;42,48296604;73720,8;39294;0
03/10/2017;0;23,5;-0,004758905;42,36239323;64886,4;40294,8;0
04/10/2017;0;23,5;0,065709647;42,26593498;87123,6;63219,6;0
05/10/2017;0;23,5;-0,015121974;42,09713304;82450,8;61599,6;0
06/10/2017;0;22,5;-0,014953897;41,95244566;68716,8;51166,8;0
07/10/2017;0;22;0,033471593;41,83187284;82465,2;62226;0
08/10/2017;0;22;0,008343712;41,68718546;79596;63144;0
09/10/2017;0;23;-0,016889827;41,54249809;66704,4;51778,8;0
10/10/2017;0;24;0,016889449;41,44603983;57949,2;46335,6;0
11/10/2017;0;24,5;0,042250721;41,32546702;87670,8;64915,2;0
12/10/2017;0;24;0,013024385;41,18077964;83811,6;64396,8;0
13/10/2017;0;23,5;-0,024277432;41,0119777;76406,4;59112;0
14/10/2017;0;22;0,036294263;40,89541283;82332;62719,2;0
15/10/2017;0;20;-0,026377734;40,75553498;61632;47145,6;0
16/10/2017;48;17;-0,052749548;40,6389701;33955,2;29624,4;0
17/10/2017;3,3;18,5;0,152773265;40,732222;25988,4;22438,8;0
18/10/2017;0;19,5;0,068244945;40,70890903;45892,8;36698,4;0
19/10/2017;0;21,5;0,01073416;40,6389701;39560,4;31683,6;0
20/10/2017;0;21,5;0,002668801;40,56903118;36288;29019,6;0
21/10/2017;0;20,5;0,030533542;40,49909225;52221,6;42134,4;0
22/10/2017;0;19,5;0,003844015;40,40584035;51004,4;40453,2;0
23/10/2017;0;20;0,014569502;40,33590143;42930;34772,4;0
24/10/2017;0;20,5;0,000342365;40,24264953;48517,2;37342,8;0
25/10/2017;0;19,5;0,051161716;40,1727106;64803,6;49507,2;0
26/10/2017;0;20;0,00234287;40,05614573;64453,6;48610,8;0
27/10/2017;0;19,5;-0,008299091;39,93958085;57218,4;44514;0
28/10/2017;0;19,5;0,030462705;39,84632895;66823,2;51066;0
29/10/2017;0;19,5;-0,008992672;39,72976408;58550,4;43671,6;0
30/10/2017;0;20;-0,004676835;39,63651218;45975,6;36792;0
31/10/2017;0;19,5;-0,004920388;39,54326028;46724,4;36039,6;0
01/11/2017;14,6;17,5;0,045803149;39,47332135;62938,8;46082,8;0
02/11/2017;12,8;18;0,036700318;39,4266954;46936,8;29905,2;0
03/11/2017;0;18,5;0,105697015;39,45000838;45691,2;30438;0
04/11/2017;0;16,5;0,0145575;39,38006945;43786,8;33998,4;0
05/11/2017;0;14,5;0,006101139;39,31013053;39553,2;30254,4;0,00184
06/11/2017;0;17;0,022689622;39,26350458;34056;29484;0
07/11/2017;0;15,5;0,006737418;39,19356565;38728,8;31485,6;0
08/11/2017;0;16;0,067257304;39,1469397;66524,4;41132;0
09/11/2017;0;16;-0,02084813;39,00706185;63464,4;48430,8;0
10/11/2017;0;16,5;0,007044124;38,91380995;48965,2;39150;0
11/11/2017;0;17;0,060829135;38,84387103;66754,8;50238;0
12/11/2017;0;15;-0,027862427;38,70399318;60321,6;46195,2;0
13/11/2017;0;14,5;0,010746449;38,61311862;54590,4;42454,8;0
14/11/2017;0;14,5;0,001205033;38,5230365;49770,4;37861,2;0
15/11/2017;0;14,5;0,024302979;38,43295439;63622,8;47340;0
16/11/2017;0;14;0,020268265;38,34287228;60256,8;46220,4;0
17/11/2017;0;14,5;0,002924529;38,25279017;51040,8;38325,6;0
18/11/2017;0;15,5;0,020767402;38,16270806;59911,2;45712,8;0
19/11/2017;0;15,5;0,014625979;38,07262594;56044,8;42537,6;0
20/11/2017;0;15;0,002864977;37,98254383;50216,8;37746;0
21/11/2017;0;14,5;-0,007640197;37,89246172;43344,4;33894;0
22/11/2017;0;16,5;0,027726632;37,80237961;64688,4;47246,4;0
23/11/2017;0;18;0,049664316;37,73481802;62812,8;46965,6;0
24/11/2017;0;15;-0,00186623;37,64473591;48301,2;36759,6;0
25/11/2017;0;14,5;0,014221571;37,5546538;57045,6;42757,2;0
26/11/2017;14,4;13,5;0,033103222;37,50961274;43290;33055,2;0
27/11/2017;17,5;13;0,239965448;37,68977697;32018,4;25527,6;0
28/11/2017;0;11;0,031346097;37,66725644;26395,2;22060,8;0
29/11/2017;0;7,5;0,035442465;37,64473591;26877,6;22521,6;0
30/11/2017;0;6,5;0,03869857;37,62221538;28134;23623,2;0
01/12/2017;0;8;-0,010072478;37,5546538;29386,8;24501,6;0
02/12/2017;0;9;-0,003076734;37,48709222;34898,4;27338,4;0
03/12/2017;0;10,5;0,022647119;37,44205116;35681,2;28188;0
04/12/2017;0;10,5;0,026040182;37,3970101;37429,2;29386,8;0
05/12/2017;0;11,5;0,007948346;37,32944852;39445,2;30682,8;0
06/12/2017;0;11,5;0,034010949;37,28440746;40496,4;31384,8;0
07/12/2017;0;17;0,008476469;37,21684588;38815,2;30059,7;0
08/12/2017;0;16;-0,02681335;37,12676377;31586,4;25200;0
09/12/2017;11,6;11,5;0,129140737;37,19432535;28735,2;23893,2;0
10/12/2017;0;9,5;0,007342178;37,12676377;24854,4;21564;0,022003
11/12/2017;0;10,5;0,049050027;37,12676377;25092;21499,2;0
12/12/2017;0;13;0,015545364;37,08172271;29224,8;23990,4;0
13/12/2017;0,4;13;0,001664489;37,01416113;35240,4;27738;0
14/12/2017;0;13;0,003165981;36,94659954;37249,2;29689,2;0
15/12/2017;0;10;0,064578457;36,94659954;33332,4;27234;0
16/12/2017;0;10;-0,017572182;36,85651743;37274,4;29671,2;0
17/12/2017;0;11,5;0,007194966;36,78895585;39063,6;30801,6;0
18/12/2017;0;10;0,047972416;36,76643532;38174,4;30096;0
19/12/2017;0;9,5;0,045495867;36,74391479;35712;28749,6;0
20/12/2017;0;11;-0,002538964;36,67635321;34855,2;28170;0
21/12/2017;0;11;-0,00287113;36,60879162;32583,6;29224,8;0
22/12/2017;0;11,5;0,048259461;36,60879162;24595,2;21225,6;0
23/12/2017;0,1;10,5;0,002324418;36,56375057;24336;22586,4;0
24/12/2017;1,1;12;0,020118674;36,54123004;20703,6;18835,2;0
25/12/2017;1,1;13,5;0,020362;36,51870951;18108;18133,2;0
26/12/2017;0,9;15;0,063542986;36,54123004;19501,2;19749,6;0
27/12/2017;0;14;0,116615648;36,60879162;20692,8;19936,8;0
28/12/2017;0;15,5;0,026165589;36,5862711;24681,6;22453,2;0
29/12/2017;0;15;0,010394609;36,54123004;22510,8;21852;0
30/12/2017;0;16;0,060165836;36,54123004;25488;24490,8;0
31/12/2017;0;19;0,024602812;36,45114793;45320,4;35128,8;0,020304
01/01/2018;0;19;0,026755959;36,38517705;47491,2;36399,6;0
02/01/2018;0;18,5;0,092833873;36,40690222;34722;28652,4;0
03/01/2018;12,4;12;-0,069868661;36,25482598;42447,6;33588;0
04/01/2018;11;8;0,105849646;36,32000152;20044,8;18864;0
05/01/2018;3;6,5;0,071591064;36,34172669;26488,8;22935,6;0
06/01/2018;10,1;5;0,05694103;36,34172669;29671,2;26607,6;0
07/01/2018;4,3;6,5;0,106591057;36,38517705;31158;31320;0
08/01/2018;0;12,5;0,029819066;36,36345187;23450,4;21690;0
09/01/2018;0;7,5;0,035891775;36,36345187;13158;13017,6;0
10/01/2018;0;8;0,031922821;36,36345187;15555,6;12171,6;0
11/01/2018;0;8;0,03904471;36,36345187;19375,2;16578;0
12/01/2018;2,7;8;0,029346177;36,36345187;7628,4;19951,2;0
13/01/2018;0;8;0,055520587;36,38517705;11865,6;19720,8;0
14/01/2018;0;9;0,032160012;36,38517705;10551,6;18957,6;0
15/01/2018;0;12;0,033716513;36,38517705;11703,6;19141,2;0
16/01/2018;0;10,5;0,004781822;36,36345187;10641,6;13878;0
17/01/2018;0;11,5;0,058414987;36,38517705;19533,6;14947,2;0
18/01/2018;0;13;0,014576267;36,36345187;15616,8;18255,6;0
19/01/2018;0;16;0,074268991;36,40690222;9946,8;14684,4;0
20/01/2018;0;18,5;0,029146549;36,38517705;25570,8;19778,4;0
21/01/2018;0;15;-0,000473602;36,34172669;13064,4;25056;0
22/01/2018;0;12;0,038658236;36,34172669;14500,8;20404,8;0
23/01/2018;0,3;12,5;0,052342686;36,36345187;11610;11941,2;0
24/01/2018;0;9,5;0,040178086;36,36345187;12168;19177,2;0
25/01/2018;0;9,5;0,012126889;36,34172669;11149,2;18288;0
26/01/2018;0,5;10;-0,006541101;36,29827634;14774,4;16840,8;0
27/01/2018;0;12,5;-0,003286309;36,25482598;19954,8;16682,4;0
28/01/2018;0;13;0,037695273;36,25482598;16858,8;17089,2;0
29/01/2018;0;12,5;-0,010148173;36,21137563;12693,6;17524,8;0
30/01/2018;0;11,5;0,009484489;36,16792528;27882;17128,8;0
31/01/2018;0;7,5;0,036404794;36,1462001;32256;18172,8;0
01/02/2018;0;10,5;-0,035389892;36,05929939;26838;13467,2;0
02/02/2018;0,5;7;0,058500161;36,08102457;15901,2;19774,8;0
03/02/2018;0;6,5;-0,017980446;36,01584904;24307,2;17838;0
04/02/2018;0;9;0,04765327;35,99412386;24354;17391,6;0,019951
05/02/2018;0;9,5;-0,019856152;35,92894833;25552,8;18889,6;0
06/02/2018;0;9;0,054588411;35,92894833;28242;18453,6;0
07/02/2018;0;10,5;0,055024271;35,92894833;33397,2;18338,4;0
08/02/2018;0;13;0,003111038;35,88549798;24674,4;18381,6;0
09/02/2018;0;14;0,028482986;35,8637728;26510,4;19317,6;0
10/02/2018;0;11,5;-0,004396613;35,79859727;32166;20299,6;0
11/02/2018;0;12;0,081075545;35,82032244;29476,8;19587,6;0
12/02/2018;0;16;-0,043697835;35,71169656;33192;19065,6;0
13/02/2018;0;15;0,032690446;35,68997138;27964,8;19026;0
14/02/2018;0;15,5;-0,005832255;35,62479585;32306,4;20710,8;0
15/02/2018;0;14,5;0,078355501;35,64652103;28684,8;22053,6;0
16/02/2018;0,7;15;-0,050948198;35,55962032;12657,6;17193,6;0
17/02/2018;0;11;0,041515583;35,55962032;19652,4;17287,2;0
18/02/2018;0;13,5;0,048913101;35,55962032;22168,8;15631,2;0
19/02/2018;0;12;-0,001030537;35,51616997;14288,4;17679,6;0
20/02/2018;0;10,5;0,005311126;35,47271961;17089,2;21880,8;0
21/02/2018;0;11,5;0,046734042;35,47271961;20718;19270,8;0
22/02/2018;0,3;12;-0,00612574;35,42926926;15901,2;17074,8;0
23/02/2018;0;11;0,016214356;35,40754408;17056,8;16970,4;0
24/02/2018;3,5;13;0,039411051;35,40754408;14763,6;18561,6;0
25/02/2018;0;11;0,080994518;35,45099444;11206,8;18072;0
26/02/2018;48,2;9,5;-0,06316352;35,36409373;5968,8;17334;0
27/02/2018;48,2;9,5;2,400346188;37,73481802;5968,8;17334;0
28/02/2018;46,7;8,5;6,611420108;44,2974448;29191,6;17614,8;0
01/03/2018;10,2;9,5;1,615432024;45,87066423;18816,4;18826,4;0
02/03/2018;30,1;11;2,457160274;48,29960948;10090,8;14716,8;0
03/03/2018;4;13,5;1,205893281;49,46821531;10238,4;19339,2;0
04/03/2018;0,6;12;0,799071703;50,13608761;15876;22428;0,087
05/03/2018;21,7;14,5;0,605075542;50,69710034;13942,4;21488,4;0
06/03/2018;1,7;14;1,47995328;52,14135145;11534,4;21427,2;0
07/03/2018;0,1;15,5;0,702956543;52,80195697;17006,4;20653,2;0
08/03/2018;10,8;13;0,96459722;53,73781479;7333,2;15832,8;0
09/03/2018;1,9;12;0,956515954;54,66763513;7221,6;15530,4;0
10/03/2018;0;14;0,664445914;55,29137214;15562,8;15498;0
11/03/2018;0;16,5;0,569357792;55,83005409;7988,4;14691,6;0
12/03/2018;4,8;14;0,433217039;56,22697764;15426;14842,8;0
13/03/2018;0,2;13;0,714382595;56,91269426;9644,4;14972,4;0
14/03/2018;0;12,5;0,443033372;57,32439129;8236,8;15249,6;0
15/03/2018;27,3;11;2,050525729;59,35346953;3258;15804;0
16/03/2018;0,7;12,5;1,595223385;60,92627742;2156,4;16005,6;0
17/03/2018;6,9;11,5;1,173201154;62,05470779;17809,2;16495,2;0
18/03/2018;2;9;0,867289124;62,8828462;3772,8;18903,6;0
19/03/2018;0;10;0,626406994;63,4845843;270;10616,4;0
20/03/2018;0;11,5;0,497248197;63,92797026;9174,4;22637,2;0
21/03/2018;4,6;12;0,454566998;64,3396858;11494,8;25023,6;0
22/03/2018;2;11,5;0,421785026;64,71973091;5331,6;26863,2;0
23/03/2018;0;11;0,359855381;65,03643517;4021,2;28908;0
24/03/2018;0;15,5;0,411458893;65,38480986;28893,6;16866;0
25/03/2018;0;16,5;0,406522706;65,73318454;13230;29451,6;0
26/03/2018;0;17,5;0,374755785;66,05437453;7761,6;28990,8;0
27/03/2018;0;16;0,381487122;66,3822931;8254,8;29426,4;0
28/03/2018;0,6;12,5;0,344421395;66,67741981;7333,2;29610;0
29/03/2018;0;17;0,294304478;66,90696281;18068,4;31712,4;0
30/03/2018;0;16,5;0,296234836;67,13650581;17982;32068,8;0
31/03/2018;0;15,5;0,290044064;67,36604881;16232,4;31845,6;0
01/04/2018;0;18;0,226678565;67,53000809;9291,6;22797;0,0178632
02/04/2018;0;16;0,248238553;67,69396738;35996,4;27302,4;0
03/04/2018;0;17,5;0,227347355;67,85792666;22302;27298,8;0
04/04/2018;0;17;0,231628592;68,02188595;26341,2;27522;0
05/04/2018;0;14;0,196914;68,15305338;27439,2;27118,8;0
06/04/2018;0,2;13,5;0,179963869;68,2842208;18853,2;27637,2;0
07/04/2018;0;13;0,201456899;68,41538823;26013,6;28116;0
08/04/2018;16,8;10;0,480959651;68,84168237;21078;27961,2;0
09/04/2018;0;12;0,414386989;69,2023928;10616,4;26794,8;0
10/04/2018;9,2;10,5;0,646108897;69,80719521;11332,8;26305,2;0
11/04/2018;9,1;12;0,949973657;70,71439883;12542,4;24854,4;0
12/04/2018;0;14,5;0,533501203;71,18480071;16308;33984;0
13/04/2018;0;17;0,400452632;71,52080205;13078,8;37180,8;0
14/04/2018;0;17;0,379853311;71,82320325;17467,2;35600,4;0
15/04/2018;0;17;0,320484732;72,05840419;35229,6;33429,6;0
16/04/2018;0;17;0,320099266;72,29360513;40370,4;30592,8;0
17/04/2018;0;17;0,245444881;72,4616058;40680;28256,4;0
18/04/2018;0;17,5;0,168680766;72,5624062;30567,6;27436,2;0
19/04/2018;0;18;0,349820044;72,83963332;35179,2;27853,2;0
20/04/2018;0,2;18,5;0,194398059;72,97824688;14713,2;27054;0
21/04/2018;0,4;19;0,226824606;73,15151383;17708,4;26946;0
22/04/2018;0;19,5;0,215990567;73,29012739;34131,6;26787,6;0
23/04/2018;0,6;17;0,226671865;73,46339434;21006;26560,8;0
24/04/2018;0;19;0,197415537;73,6020079;15142,4;29217,6;0
25/04/2018;0;20,5;0,219015534;73,74062146;28616,4;30783,6;0
26/04/2018;0;17,5;0,176364008;73,84458163;21142,8;29894,4;0
27/04/2018;0;15;0,167575757;73,9485418;16365,6;30002,4;0
28/04/2018;0;15;0,158972118;74,01784858;41403,6;31003,2;0
29/04/2018;0;14,5;0,144329808;74,08715536;25783,2;29898;0
30/04/2018;0;17;0,189560041;74,19111553;38268;29008,8;0
01/05/2018;0;18,5;0,117420716;74,22576892;35416,8;25909,2;0
02/05/2018;0,7;17,5;0,157370327;74,2950757;49806;26838;0
03/05/2018;0,2;17,5;0,11132462;74,32972909;33811,2;30398,4;0
04/05/2018;0;18,5;0,140899926;74,39903587;22982,4;30945,6;0
05/05/2018;0;19,5;0,088122118;74,39903587;41118,8;31762,8;0
06/05/2018;0;21;0,346669656;74,6416096;30448,8;31899,6;0,023349
07/05/2018;0;22,5;0,099541735;74,6416096;41805;31006,8;0
08/05/2018;0;22;0,123294481;74,67626299;38138,4;29667,6;0
09/05/2018;0;18,5;0,091050252;74,67626299;39056,4;28728;0
10/05/2018;0;19;0,116470613;74,67626299;62341,2;28432,8;0
11/05/2018;0;19;0,093506549;74,67626299;39456,8;31478,4;0
12/05/2018;0;19;0,069169325;74,6416096;44726,2;35838;0
13/05/2018;0;19,5;0,103254689;74,6416096;45471,6;35566;0
14/05/2018;0;19;0,107988236;74,6416096;49438,8;38415,2;0
15/05/2018;0;20;0,059743922;74,57230282;71215,2;36673,2;0
16/05/2018;0;17,5;0,094962365;74,57230282;49989,6;30402;0
17/05/2018;1,7;15,5;0,081820304;74,57230282;39319,2;30358,8;0
18/05/2018;0;19;0,07459055;74,57230282;30002,4;31752;0
19/05/2018;22,6;19;0,137627192;74,60695621;54986,4;35147,2;0
20/05/2018;0;20,5;0,005506467;74,50299604;59306,4;29358;0
21/05/2018;0;21;0,051180454;74,46834265;48920,4;27208,8;0
22/05/2018;0;21,5;0,10444105;74,46834265;46681,2;35924,4;0
23/05/2018;0;20,5;0,047005622;74,39903587;54208,8;39589,2;0
24/05/2018;0;19;0,074537232;74,36438248;53496;35611,2;0
25/05/2018;0;21;0,052155473;74,32972909;43304,4;26542,8;0
26/05/2018;0;22;0,034373775;74,26042231;52632;32022;0
27/05/2018;0;20;0,079122559;74,22576892;53773,2;35794,8;0
28/05/2018;0;20,5;0,07296229;74,15646214;77760;38242,8;0
29/05/2018;0;20,5;0,032464999;74,08715536;37486,8;29746;0
30/05/2018;0;22;0,091303435;74,05250197;64839,6;30042;0
31/05/2018;0;21;0,052181828;73,98319519;59274;26673,3;0
01/06/2018;0;21,5;0,053987737;73,91388841;52858,8;33537,6;0
02/06/2018;0;23,5;0,038680911;73,80992824;70786,8;37058,4;0
03/06/2018;0;21;0,053215537;73,70596807;65286;38595,6;0,02335
04/06/2018;0;21;0,053323451;73,63666129;61419,6;39196,8;0
05/06/2018;0;26,5;0,050427872;73,53270112;63338,4;68713,2;0
06/06/2018;0;22,5;0,029636807;73,42874095;68457,6;39391,2;0
07/06/2018;0;22;0,05855469;73,35943417;69048;37198,8;0
08/06/2018;0;22,5;0,030491306;73,255474;59868;37908;0
09/06/2018;0;23,5;0,04444042;73,15151383;75409,2;37720,8;0
10/06/2018;0;25;0,045268129;73,04755366;74584,8;35643,6;0
11/06/2018;0;28,5;-0,003050663;72,9089401;63406,8;36622,8;0
12/06/2018;0;25,5;0,021476603;72,80497993;64699,2;32065,2;0
13/06/2018;0;25,5;0,041964513;72,70101976;79182;41508;0
14/06/2018;0;26;0,039304889;72,59705959;72028,8;42278,4;0
15/06/2018;0;27;0,057229465;72,52880607;57621,6;38239,2;0
16/06/2018;0;26,5;0,006399358;72,39440553;69703,2;42184,8;0
17/06/2018;0;25;0,034317681;72,29360513;68626,8;42699,6;0
18/06/2018;0;25;0,025597213;72,19280473;63486;38458,8;0
19/06/2018;0;25,5;0,037434856;72,09200432;70178,4;40568,4;0
20/06/2018;0;24,5;0,007359977;71,95760379;74228,4;40071,6;0
21/06/2018;0;25,5;0,041804953;71,85680339;75240;41619,6;0
22/06/2018;0;27;0,028249186;71,75600298;61250,4;42411,6;0
23/06/2018;0;26,5;0,008259246;71,62160245;73530;42753,6;0
24/06/2018;0;26,5;0,0334913;71,52080205;63536,4;44737,2;0
25/06/2018;0;26,5;0,029512137;71,42000164;61023,6;43628,4;0
26/06/2018;0;27,5;0,034949512;71,31920124;63536,4;43873,6;0
27/06/2018;0;27,5;0,017508328;71,18480071;78296,4;45975,6;0
28/06/2018;0;25,5;0,050125692;71,0840003;79340,4;44643,6;0
29/06/2018;0;25,5;-0,002085803;70,94959977;70837,2;40618,8;0
30/06/2018;0;27;0,024151737;70,81519923;83322;42966;0
01/07/2018;0;28,5;0,041774205;70,6807987;82134;43776;0,021391
02/07/2018;0;28,5;0,057201324;70,57999829;72176,4;46238,4;0
03/07/2018;0;29,5;0,030497231;70,44559776;80679,6;48693,6;0
04/07/2018;0;28;0,027549665;70,31119722;88755,6;46746;0
05/07/2018;0;28;0,030825658;70,17679669;91641,6;46828,8;0
06/07/2018;0;27,5;0,041330314;70,07599628;68598;47466;0
07/07/2018;0;28,5;0,035487845;69,94159575;91162,8;51350,4;0
08/07/2018;0;29;0,033046339;69,80719521;85996,8;50101,2;0
09/07/2018;0;30,5;0,029820599;69,67279468;81435,6;47804,4;0
10/07/2018;0;27,5;0,025620549;69,53839414;85413,6;48315,6;0
11/07/2018;0;28;-0,007066854;69,37039347;92491,2;42184,8;0
12/07/2018;0;28;0,031302349;69,23599293;89827,2;46324,8;0
13/07/2018;0;28;0,02623414;69,10401723;73879,2;48841,2;0
14/07/2018;0;28;0,013418969;68,94005794;95349,6;51224,4;0
15/07/2018;0;27;-0,006063243;68,77609866;89967,6;42127,6;0
16/07/2018;0;28;0,026633869;68,64493123;86079,6;45288;0
17/07/2018;0;27,5;-0,004290515;68,48097195;86094;47836,9;0
18/07/2018;0;31;-0,078788454;68,21863709;95623,2;52034,4;0
19/07/2018;0;30;0,111871052;68,15305338;92358;52189,2;0
20/07/2018;0;26;0,015850335;68,02188595;77583,6;44780,4;0
21/07/2018;0;25,5;-0,010829337;67,85792666;89442;47602,8;0
22/07/2018;0;27,5;-0,002171221;67,69396738;83404,8;50846,4;0
23/07/2018;0;29;0,057050436;67,59559181;84387,6;44506,8;0
24/07/2018;0;28;0,015039196;67,46442438;80211,6;42764,4;0
25/07/2018;0;28,5;0,03311618;67,33325695;83556;49024,8;0
26/07/2018;0;28,5;0,000148786;67,16929767;81064,8;50731,2;0
27/07/2018;0;31,5;-0,002764641;67,00533838;72586,8;51125,2;0
28/07/2018;0;31,5;-0,066036999;66,77579538;83404,8;43992;0
29/07/2018;0;31,5;0,120348816;66,74300353;77486,4;49636,8;0
30/07/2018;0;29,5;0,006133657;66,57904424;90896,4;54838,8;0
31/07/2018;0;29;-0,059716326;66,34950124;91922,4;52621,2;0
01/08/2018;0;29,5;0,084148203;66,25112567;101538;54428,2;0
02/08/2018;0;28,5;0,013681013;66,08716639;97308;55105,2;0
03/08/2018;0;29;0,002249453;65,9232071;87508,8;53830,8;0
04/08/2018;0;31,5;0,059887935;65,7965254;101430;55472,4;0
05/08/2018;0;31,5;0,021073124;65,63817327;98647,2;54709,2;0
06/08/2018;0;29,5;-0,021892534;65,41648028;117226,8;57218,4;0
07/08/2018;0;29;0,119145511;65,35313943;96148,8;56833,2;0
08/08/2018;0;28,5;0,016688649;65,1947873;99075,6;53240,4;0
09/08/2018;0;28,5;-0,115550119;64,90975347;95968,8;51508,8;0
10/08/2018;0;28,5;0,135259363;64,87808304;87084;57848,4;0
11/08/2018;0;28;0,018458071;64,71973091;95250,4;53560,8;0
12/08/2018;0;29,5;-0,054343066;64,49803793;95673,6;52639,2;0
13/08/2018;0;28,5;0,097169218;64,43469708;85222,8;54997,2;0
14/08/2018;0;27;0,002245074;64,27634495;88041,6;53571,6;0
15/08/2018;0;28;0,015679615;64,11799282;99075,6;52852,4;0
16/08/2018;0;27,5;-0,150370867;63,80128856;92232;55231,2;0
17/08/2018;0;28,5;0,181621244;63,83295898;80020,8;48535,2;0
18/08/2018;0;28;0,005588513;63,67460685;95094;50006,8;0
19/08/2018;0;27;-0,126974722;63,38957302;94287,6;51570;0
20/08/2018;0;28,5;0,178003439;63,38957302;88110;54853,2;0
21/08/2018;0;28,5;-0,030433116;63,19955046;84747,6;51746,4;0
22/08/2018;0;29,5;0,01594414;63,04119833;94255,2;53254,8;0
23/08/2018;0;28,5;-0,116395302;62,7561645;90385,2;52185,6;0
24/08/2018;0;29,5;0,179963467;62,78783493;72183,6;50652;0
25/08/2018;0;28,5;-0,000210119;62,63417203;87195,6;48283,2;0
26/08/2018;0;28,5;-0,003981149;62,48168144;77590,8;51120;0
27/08/2018;0;27,5;-0,002768586;62,32919085;75726;52070,4;0
28/08/2018;0;27;-0,065988422;62,11570402;80128,8;50734,8;0
29/08/2018;0;27;0,096397651;62,05470779;91386;49384,8;0
30/08/2018;0;28;0,033690983;61,93271531;92390,4;46386;0
31/08/2018;0;27,5;-0,003663427;61,78022472;87015,6;45241,2;0
01/09/2018;0;27;-0,021298903;61,59723602;99133,2;46327,6;0
02/09/2018;0;26;-0,026819739;61,38374919;93805,2;49741,2;0,023572
03/09/2018;0;26,5;0,067131272;61,29225484;90446,4;47736;0
04/09/2018;0;26,5;-0,000854327;61,13976425;84290,4;46634,4;0
05/09/2018;1,9;25,5;-0,013912787;60,98727366;85622,4;41706;0
06/09/2018;11,9;25,5;-0,073755635;60,83478307;37371,9;31651,2;0
07/09/2018;1,6;23,5;0,104682185;60,86528118;37371,6;31651,2;0
08/09/2018;0;25;0,033391088;60,80428495;45176,4;33434,8;0
09/09/2018;0;26,5;-0,016764785;60,68229248;54975,6;36619,2;0
10/09/2018;0;27;-0,072252534;60,49930377;65102,4;35053,2;0
11/09/2018;1,5;27;0,043964829;60,43830753;59403,6;34682,4;0
12/09/2018;0,8;24;0,019493546;60,3773113;41857,2;28972,8;0
13/09/2018;11,3;23;0,077686691;60,3773113;43984,8;28872;0
14/09/2018;0;25;-0,037143629;60,25531882;42033,6;28346,4;0
15/09/2018;0,3;25,5;0,127135829;60,28581694;57488,4;31309,2;0
16/09/2018;0;26,5;0,024481605;60,19432259;63748,8;38973,6;0
17/09/2018;0;26,5;-0,013088006;60,07233012;60037,2;35632,8;0
18/09/2018;0;26;0,052868315;60,01133388;68817,6;30319,2;0
19/09/2018;0;26,5;0,000964542;59,88934141;70326;35823,6;0
20/09/2018;0;26;0,013317035;59,76734894;80823,6;36504;0
21/09/2018;0;27,5;2,14311E-05;59,64753884;65476,8;34603,2;0
22/09/2018;0;28;-0,018821129;59,47109725;89488,8;47228,4;0
23/09/2018;0,1;27;0,013324069;59,35346953;83041,2;34790,4;0
24/09/2018;0,2;26;0,068487159;59,29465567;76381,2;41086,8;0
25/09/2018;13,1;25,5;0,079470134;59,2358418;87922,8;37260;0
26/09/2018;1,9;24,5;0,021739881;59,14762101;67683,6;35733,6;0
27/09/2018;0;24;-0,014070753;59,02999329;57671,4;38163,6;0
28/09/2018;0;23,5;-0,005387606;58,91236556;62877,6;37796,4;0
29/09/2018;0;24;0,015158296;58,82414477;72057,6;19768;0
30/09/2018;0;23,5;0,035506408;58,76533091;57661,2;2751;0,022363
01/10/2018;0;22;0,008708952;58,67711012;59846,4;25255,2;0
02/10/2018;0;22;0,029079617;58,58888932;69678;33148,8;0
03/10/2018;0;22,5;0,005169826;58,4712616;76114,8;31640,4;0
04/10/2018;0;24;0,03823354;58,38304081;72705,6;37544,4;0
05/10/2018;0;24,5;-0,05936372;58,20659922;62341,2;37980;0
06/10/2018;0,1;24;0,031656496;58,11837843;78710,4;31770;0
07/10/2018;21,1;21;0,449103367;58,50066853;35424;25783,2;0
08/10/2018;1,2;20,5;0,027876594;58,4712616;27673,2;25776;0
09/10/2018;3,1;20;0,03733203;58,44185467;26499,6;36111,6;0
10/10/2018;0;20,5;0,035182027;58,41244774;23832,2;30146,4;0
11/10/2018;0;20;0,004680357;58,35363387;29485,8;22816,8;0
12/10/2018;11,9;21;0,198301246;58,50066853;18936;22888,8;0
13/10/2018;10;19;0,061443648;58,50066853;25873,2;33210;0
14/10/2018;0;19;0,032905362;58,4712616;21938,4;31820,4;0
15/10/2018;0;14,5;0,056386621;58,4712616;23630,4;28332;0
16/10/2018;60,4;14,5;0,935158937;59,35346953;16646,4;32130;0
17/10/2018;1,8;15;0,177462555;59,47109725;18763,2;33904,8;0
18/10/2018;7,6;15;0,193496208;59,61813191;13510,8;26967,6;0
19/10/2018;0;17,5;0,076000368;59,64753884;13824;24390;0
20/10/2018;0;21;0,117480736;59,7063527;23090,4;28688,4;0
21/10/2018;1,6;20,5;0,050169234;59,67694577;22752;49639,2;0
22/10/2018;0;19;0,028246679;59,61813191;18468;61113,6;0
23/10/2018;0;19,5;0,05578771;59,58872498;21664,4;53661,6;0
24/10/2018;0;19;0,154535351;59,64753884;20653,2;62798,4;0
25/10/2018;0;19;0,007815303;59,55931805;19638;63543,6;0
26/10/2018;0;11,5;0,083029352;59,55931805;17172;60476,4;0
27/10/2018;3;11,5;0,055268285;59,50050418;41004;65610;0
28/10/2018;77,4;10;1,934045988;61,35325107;20127,6;59644,8;0
29/10/2018;18,6;12;1,150260689;62,39018708;47962,8;55782;0
30/10/2018;0;14;0,526095183;62,81950535;13978,8;62920,8;0
31/10/2018;0;13;0,249425113;62,97785748;16473,6;62773,2;0
01/11/2018;0;14;0,148945158;63,04119833;16952,4;60865,2;0
02/11/2018;2,4;15,5;0,207204967;63,16788004;15436,8;61030,8;0
03/11/2018;5,1;13;0,264695727;63,32623217;36579,6;60073,2;0
04/11/2018;0;14;0,137762865;63,35790259;12870;38937,6;0,03771
05/11/2018;0;15;0,198120684;63,4845843;20880;45860,4;0
06/11/2018;3,1;16;0,170152287;63,57959558;20728,8;36849,6;0
07/11/2018;0;15,5;0,100288905;63,611266;20851,2;38041,2;0
08/11/2018;0;15,5;0,131614781;63,67460685;18313,2;41482,8;0
09/11/2018;0;17;0,122724663;63,73794771;15166,8;32904;0
10/11/2018;0;14;0,124592181;63,80128856;21387,6;37033,2;0
11/11/2018;0,3;15;0,033651365;63,76961813;21744;40748,4;0
12/11/2018;1,8;17,5;0,076551228;63,76961813;36838,8;34682,4;0
13/11/2018;1,2;16,5;0,16691773;63,89629984;11181,6;25905,6;0
14/11/2018;0;15;0,044339221;63,89629984;16365,6;22935,5;0
15/11/2018;0;13,5;0,057452712;63,89629984;19605,6;29030,4;0
16/11/2018;56,9;15,5;1,371649842;65,22645773;10778,4;28152;0
17/11/2018;5,6;13;0,942850484;66,11995824;24494,4;23238;0
18/11/2018;7,3;13,5;1,448016993;67,53000809;11977,2;23043,6;0
19/11/2018;15,7;11,5;1,549899899;69,03843351;11533,9;26625,6;0
20/11/2018;9,5;12,5;0,912287844;69,90799561;14475,6;26247,6;0
21/11/2018;1,6;12;1,284750596;71,15120057;13600,8;24912,3;0
22/11/2018;0;13;0,67866682;71,78960312;12996;23882,4;0
23/11/2018;0,4;13,5;0,515286585;72,26000499;12013,2;26755,2;0
24/11/2018;0;13;0,447503214;72,63171298;38556;24289,2;0
25/11/2018;0;13,5;0,356463323;72,94359349;15541,6;23572,8;0
26/11/2018;0;13;0,326684203;73,22082061;17460;26172;0
27/11/2018;0;13;0,28290999;73,46339434;15076,8;20451,6;0
28/11/2018;0;14;0,259642274;73,67131468;16650;29910,8;0
29/11/2018;0;14,5;0,224428921;73,84458163;17856;27792;0
30/11/2018;0;14,5;0,152321701;73,9485418;12189,6;29962,8;0
01/12/2018;0;17,5;0,24206514;74,12180875;35776,8;28184,4;0
02/12/2018;0;17;0,139883147;74,19111553;15642;27558;0,020462
03/12/2018;0;15,5;0,230470804;74,36438248;26265,6;25398;0
04/12/2018;0;15,5;0,218798779;74,53764943;12736,8;26899,2;0
05/12/2018;0;16;0,168255636;74,6416096;30708;25603,2;0
06/12/2018;0;15,5;0,148003699;74,74556977;13680;24804;0
07/12/2018;0;14,5;0,148741955;74,84952994;11674,8;27194,4;0
08/12/2018;0;16;0,112452636;74,88418333;42156;29728,8;0
09/12/2018;0;13,5;0,174281713;74,9881435;33120,4;30236,4;0
10/12/2018;0,1;17;0,088563843;75,02279689;16448,4;27360;0
11/12/2018;3,4;11;0,1515812;75,12675706;11934;26272,8;0
12/12/2018;0;13,5;0,122508901;75,19606384;18475,2;23911,2;0
13/12/2018;0;12;0,107283917;75,23071723;36716,4;24048;0
14/12/2018;0;11,5;0,122616468;75,30002401;16286,4;23403,6;0
15/12/2018;0;13;0,090563771;75,3346774;19818;29804,4;0
16/12/2018;0;12,5;0,053899683;75,30002401;54439,2;29923,2;0
17/12/2018;0;14;0,119445727;75,36933079;11854,8;25354,8;0
18/12/2018;0;13,5;0,075243654;75,40398418;12470,4;24274,8;0
19/12/2018;0;14;0,131046242;75,43863757;63676,8;27820,8;0
20/12/2018;0;13;0,087065256;75,47329096;19144,8;26971,2;0
21/12/2018;0;13;0,116090167;75,54259774;15674,4;24109,2;0
22/12/2018;0;13;-0,014200225;75,47329096;24498;25362;0
23/12/2018;0;12,5;0,01221334;75,43863757;14353,2;28317,6;0
24/12/2018;0;11;0,156531664;75,54259774;21168;27903,6;0
25/12/2018;0;12;0,073741072;75,54259774;42807,6;26733,6;0
26/12/2018;0;11,5;0,057223104;75,54259774;28585,2;25488;0
27/12/2018;0;11;0,019218849;75,50794435;25585,2;25488;0
28/12/2018;0;12;0,055015278;75,50794435;20178;29239,2;0
29/12/2018;0;10,5;0,139561665;75,57725113;33987,6;31716;0
30/12/2018;0;12;0,056919582;75,57725113;24310,8;27007,2;0
31/12/2018;0;15,5;0,087001155;75,57725113;41464,8;31532,4;0
01/01/2019;0;11;0,085000691;75,61190452;23738,4;22406,4;0
02/01/2019;0;10;0,081920405;75,64655791;26870,4;16192,8;0
03/01/2019;0;10;0,062642969;75,64655791;40536;16852,2;0
04/01/2019;0;10;0,078675029;75,6812113;19248,4;19166,4;0
05/01/2019;0;10,5;0,064156011;75,6812113;41212,8;17686,8;0
06/01/2019;0;10,5;0,078750129;75,6812113;37796,4;9381,6;0,027367
07/01/2019;0;13;0,057267661;75,6812113;36637,2;4510,8;0
08/01/2019;0;13;0,088582929;75,71586469;30301,2;16617,6;0
09/01/2019;0;9,5;0,032226084;75,6812113;41699,6;21675,6;0
10/01/2019;0;9,5;0,062703239;75,6812113;43225,2;13871,2;0
11/01/2019;0;11,5;0,070147329;75,71586469;19634,4;8848,8;0
12/01/2019;0;14;0,041864041;75,6812113;58575,6;9882;0
13/01/2019;0;12;0,058791847;75,6812113;35344,8;20293,2;0
14/01/2019;0;13;0,04398465;75,64655791;32270,4;39711,6;0
15/01/2019;0;12;0,075276819;75,64655791;23522,4;41595,2;0
16/01/2019;0;13;-0,019147615;75,54259774;38847,6;37915,2;0
17/01/2019;2,4;10;0,125500923;75,61190452;20313,8;29926,8;0
18/01/2019;0;12,5;0,091206056;75,64655791;14277,6;33166,8;0
19/01/2019;0;12;0,021235876;75,57725113;41349,6;35539,2;0
20/01/2019;0;11;0,019584575;75,50794435;41943,6;35751,6;0
21/01/2019;0;12;0,102541365;75,54259774;20584,8;33303,6;0
22/01/2019;0;15;0,060217923;75,50794435;39142,8;38584,4;0
23/01/2019;0;16,5;0,020771096;75,43863757;38462,4;36230,4;0
24/01/2019;0;15,5;0,042539922;75,40398418;25905,6;34858,8;0
25/01/2019;0;15,5;0,053879583;75,36933079;36313,2;34048,8;0
26/01/2019;0;18;0,067155221;75,3346774;43890,8;39403,2;0
27/01/2019;0;13,5;0,017587244;75,26537062;35283,6;40438,8;0
28/01/2019;0,5;13,5;0,006440681;75,19606384;32590,8;34783,2;0
29/01/2019;8,8;14,5;0,071181108;75,19606384;26402,4;39196,4;0
30/01/2019;9,8;11,5;0,58739339;75,71586469;17740,8;36180,8;0
31/01/2019;0;11,5;0,24214193;75,88913164;19112,4;35719,2;0
01/02/2019;0;9,5;0,133781632;75,95843842;16922;32446,8;0
02/02/2019;0;10,5;0,083696367;75,95843842;56401,2;20620,4;0
03/02/2019;0;10,5;0,076117271;75,95843842;24242,4;19684,8;0,025164
04/02/2019;0;13;0,123413967;76,0277452;21024;23943,6;0
05/02/2019;0;14,5;0,092966856;76,0633921;36241,2;11584,8;0
06/02/2019;0;13,5;0,088785037;76,099039;26215,2;18129,6;0
07/02/2019;0;13;0,069705739;76,099039;41788,8;18068,4;0
08/02/2019;0;14;0,123469166;76,1703328;22773,6;17787,6;0
09/02/2019;0;15,5;0,049205559;76,1346859;58550,4;18561,6;0
10/02/2019;0;10,5;0,060252224;76,1346859;35312,4;19310,4;0
11/02/2019;0;11,5;0,107169111;76,1703328;43306,4;19417,2;0
12/02/2019;0;12,5;0,096527298;76,2059797;33578,6;20260,8;0
13/02/2019;0;12;0,056539099;76,2059797;30830,4;19371,8;0
14/02/2019;0;12;0,081284586;76,24162659;25261,2;14742;0
15/02/2019;0;12,5;0,098157491;76,27727349;41691,6;16239,6;0
16/02/2019;0;12;0,031777721;76,24162659;42814,8;16862,4;0
17/02/2019;0;13,5;0,109809978;76,27727349;43509,6;23256;0
18/02/2019;0;14,5;0,051891862;76,27727349;24336;19101,6;0
19/02/2019;0;12,5;0,049836801;76,27727349;22474,8;19260;0
20/02/2019;0;12,5;0,045307165;76,24162659;58590;14968,8;0
21/02/2019;0;13;0,091318761;76,27727349;27576;19641,6;0
22/02/2019;0;14,5;0,085132025;76,31292039;22161,6;18162;0
23/02/2019;0;12,5;0,039501502;76,27727349;49330,8;17715,6;0
24/02/2019;0;13;0,077690906;76,27727349;49766,4;18061,2;0
25/02/2019;0;14;0,018746631;76,24162659;25164;17608,4;0
26/02/2019;0;15;0,066096062;76,24162659;34509,6;17852,4;0
27/02/2019;0;16,5;0,064612373;76,24162659;33066;17108;0
28/02/2019;0;17,5;-0,007653785;76,1703328;30654;17852,4;0
01/03/2019;0;16,5;0,064612373;76,24162659;33066;17108;0
02/03/2019;0;17,5;-0,007653785;76,1703328;30654;17852,4;0
03/03/2019;0;18;0,060469944;76,1346859;65948,4;17150,4;0
04/03/2019;0;19,5;0,048905646;76,099039;43153,2;18888,4;0
05/03/2019;0;17,5;-0,010494971;75,99309181;42321,6;16484,4;0,025401
06/03/2019;1,6;12,5;0,122999854;76,0633921;31330,8;16797,6;0
07/03/2019;0;14,5;0,046119319;76,0277452;45676,8;17107,2;0
08/03/2019;0;14;0,111927421;76,0633921;45151,4;17064;0
09/03/2019;0;15;0,047655823;76,0277452;54266,4;17787,6;0
10/03/2019;0;16;-0,009522342;75,95843842;28105,2;17978,4;0
11/03/2019;0;18;0,092468555;75,95843842;59212,8;17798,4;0
12/03/2019;0;16,5;0,014721614;75,88913164;45716,4;20055,6;0
13/03/2019;0;17,5;0,088654031;75,88913164;43272;21157,2;0
14/03/2019;0;15;0,013768639;75,81982486;52070,4;16970,4;0
15/03/2019;0;15,5;0,064395792;75,78517147;40737,6;35863,2;0
16/03/2019;0;19;0,07890174;75,75051808;51897,6;35008,4;0
17/03/2019;0;17,5;-0,026892129;75,61190452;50655,6;26395,2;0
18/03/2019;0;17,5;0,02561088;75,54259774;60840;22878;0
19/03/2019;0;15,5;0,112583444;75,57725113;31510,8;32065,2;0
20/03/2019;0;12;0,000954977;75,50794435;28753,2;33811,2;0
21/03/2019;0;12,5;0,057702972;75,47329096;47786,4;32328;0
22/03/2019;0;12,5;-0,005035474;75,36933079;54730,8;33361,2;0
23/03/2019;0;12;0,08365543;75,36933079;36198;33829,2;0
24/03/2019;0,1;14,5;-0,015315245;75,26537062;58474,8;24235,2;0
25/03/2019;0;17;0,043439975;75,23071723;38293,2;24444;0
26/03/2019;0;17;0,072153885;75,19606384;59677,2;33523,2;0
27/03/2019;0;15;0,045537446;75,16141045;33822;28929,6;0
28/03/2019;0;14,5;-0,020044793;75,05745028;37738,8;27708,4;0
29/03/2019;0;15;0,004646084;74,95349011;67608;23940;0
30/03/2019;6,4;14;0,023934484;74,95349011;4467,6;8326,8;0
31/03/2019;11,9;14;0,15961855;75,05745028;16657,2;31683,6;0
01/04/2019;4,3;13,5;0,01974573;75,02279689;29631,6;21632,4;0
02/04/2019;0;15,5;0,074578733;75,02279689;16776;22376,6;0,023234
03/04/2019;0;18;0,079266933;75,02279689;25635,6;30988,8;0
04/04/2019;0;16;-0,037185264;74,91883672;22784,4;26589,6;0
05/04/2019;12,1;13;0,105870274;74,95349011;36655,2;23421,6;0
06/04/2019;4,6;12;0,052671063;74,95349011;16095,6;28220,4;0
07/04/2019;2,7;12,5;0,094246784;74,9881435;26924,4;27097,2;0
08/04/2019;0,2;14,5;0,09037271;75,02279689;21068,2;26290,8;0
09/04/2019;0;15,5;0,08288264;75,02279689;45943,2;20218,8;0
10/04/2019;0;15;0,001252988;74,95349011;23428,8;24850,8;0
11/04/2019;0;17;0,131970302;74,9881435;47098,8;24796,8;0
12/04/2019;0;21;0,027084361;74,91883672;48056,4;26409,6;0
13/04/2019;0;20;0,066272566;74,88418333;45363,6;37123,2;0
14/04/2019;0;20;-0,043102774;74,74556977;43016,4;29908,8;0
15/04/2019;0;21,5;0,142797394;74,78022316;60433,2;26856;0
16/04/2019;0;19;0,034245116;74,71091638;50504,4;34290;0
17/04/2019;2,4;16;0,089217953;74,71091638;44374;33728,4;0
18/04/2019;10,7;16;-0,014471598;74,6416096;19537,2;28008;0
19/04/2019;0,1;16;0,152433428;74,74556977;18626,4;24634,8;0
20/04/2019;2,6;13,5;0,043297098;74,71091638;44647,2;30524,4;0
21/04/2019;7,8;15,5;0,058682509;74,71091638;17935,2;31021,2;0
22/04/2019;0;17,5;0,148026902;74,78022316;37875,6;29026,8;0
23/04/2019;8;13,5;0,160435245;74,88418333;19090,8;26251,2;0
24/04/2019;0,3;12,5;0,101048299;74,91883672;40521,6;23785,2;0
25/04/2019;2,9;16,5;0,15517289;75,02279689;14050,8;23576,4;0
26/04/2019;0;17,5;0,114463574;75,05745028;34682,4;29098,8;0
27/04/2019;0;18;0,154177766;75,12675706;38934;27457,2;0
28/04/2019;0;18;0,081514138;75,12675706;30632,4;28915,2;0
29/04/2019;0;17,5;0,091342358;75,12675706;43844,4;32853,6;0
30/04/2019;0;18,5;0,027054716;75,05745028;46857,6;32778;0
01/05/2019;0;19,5;0,127727206;75,09210367;42465,6;32482,8;0
02/05/2019;0;19,5;0,058297419;75,05745028;43387,2;32140,8;0
03/05/2019;0;19,5;0,07539157;75,02279689;64184,4;31230;0
04/05/2019;0;19;0,055453519;74,9881435;45914,4;28173,6;0
05/05/2019;0;24;0,025386561;74,91883672;38466;30474;0
06/05/2019;0;21;0,078941709;74,88418333;52088,4;41328;0
07/05/2019;0;21;0,041060595;74,81487655;35928;29178;0,0244
08/05/2019;0;23;0,050831711;74,74556977;58035,6;30135,6;0
09/05/2019;0;25;0,027368785;74,6416096;71629,2;29498,4;0
10/05/2019;0;26,5;0,059282073;74,57230282;66088,4;33012;0
11/05/2019;0;25,5;0,004322409;74,43368926;73317,6;43632;0
12/05/2019;0;21,5;0,046740635;74,36438248;54054;38793,6;0
13/05/2019;0;20,5;-0,016815717;74,22576892;70214,4;31179,6;0
14/05/2019;0;19,5;0,08961131;74,19111553;67424,4;36097,2;0
15/05/2019;0;22;0,016697956;74,08715536;66301,2;31561,2;0
16/05/2019;0;21;0,05433011;74,01784858;63756;32612,4;0
17/05/2019;0;20,5;0,013532649;73,87923502;78753,6;41677,2;0
18/05/2019;0;19,5;-0,09949899;73,63666129;74685,6;31240,8;0
19/05/2019;0;20;0,098976617;73,6020079;71276,4;30718,8;0
20/05/2019;0;22,5;0,05273131;73,53270112;74836,8;31737,6;0
21/05/2019;0;22;0,021138842;73,42874095;63453,6;30747,6;0
22/05/2019;0;21,5;-0,043153263;73,255474;74804,4;34743,6;0
23/05/2019;0;23,5;0,13891617;73,255474;67604,4;40806;0
24/05/2019;0;24;0,003454644;73,11686044;85093,2;36435,6;0
25/05/2019;0;23,5;-0,003963356;72,97824688;73256,4;38145,6;0
26/05/2019;0;23,5;0,05811093;72,9089401;66009,6;38174,8;0
27/05/2019;0;24,5;0,024886123;72,80497993;70202,8;36115,2;0
28/05/2019;0;24,5;-0,107382259;72,5624062;79596;35161,2;0
29/05/2019;0;22;0,056644465;72,49520593;68529,6;37954,8;0
30/05/2019;0;20,5;0,069539736;72,42800566;83613,6;37476;0
31/05/2019;0;21,5;0,033924239;72,32720526;79722;36644,4;0
01/06/2019;0;20,5;-0,120572629;72,15920459;85924,8;41252,4;0
02/06/2019;0;22;0,060025681;72,09200432;62485,2;39967,2;0
03/06/2019;0;22,5;-0,086811463;71,85680339;88225,2;38822,4;0
04/06/2019;0;25,5;0,128869244;71,82320325;74653,2;39780;0,023313
05/06/2019;0;22;-0,003961383;71,68880272;63061,2;34898,4;0
06/06/2019;0;19,5;0,010775905;71,55440218;85050;36129,6;0
07/06/2019;0;22;-0,128159783;71,28560111;80449,2;38268;0
08/06/2019;0;22;0,185835289;71,31920124;93376,8;37940,8;0
09/06/2019;0;24,5;-0,101027268;71,0840003;70016,4;36878,4;0
10/06/2019;0;26,5;0,102448573;71,01680004;91211,6;38044,8;0
11/06/2019;0;25;-0,101644214;70,74799896;95432,4;40820,4;0
12/06/2019;0;22;0,043391999;70,64719856;84331,2;42742,8;0
13/06/2019;0;22;0,02162943;70,51279803;90349,2;49921,2;0
14/06/2019;0;23;0,078982015;70,44559776;85953,6;42466,4;0
15/06/2019;0;22;-0,11126999;70,17679669;94752;41040;0
16/06/2019;0;23,5;0,138770425;70,17679669;70876,8;45151,2;0
17/06/2019;0;24,5;-0,08686418;69,94159575;86734,8;43574,4;0
18/06/2019;0;24,5;0,117928098;69,90799561;87321,6;42512,4;0
19/06/2019;0;28;-0,05979405;69,70639481;71470,8;44010;0
20/06/2019;0;28;0,104247542;69,63919454;93823,2;43984,8;0
21/06/2019;0;26;-0,008133627;69,47119387;95504,4;43739,2;0
22/06/2019;0;25,5;-0,104800379;69,2023928;99579,6;46496;0
23/06/2019;0;25;0,131417947;69,2023928;67863,6;45961,2;0
24/06/2019;0;25;-0,081866742;68,9728498;92484;43264,8;0
25/06/2019;0;26;0,086773765;68,90726609;79992;43556,4;0
26/06/2019;0;27,5;-0,042711911;68,71051494;92214;45295,2;0
27/06/2019;0;27;0,015468373;68,57934752;81932,4;42577,2;0
28/06/2019;0;28;0,061054518;68,48097195;95256;41076;0
29/06/2019;0;28,5;-0,037940163;68,2842208;86029,2;50050,8;0
30/06/2019;0;28,5;-0,070790934;68,0546778;86238;49168,8;0
01/07/2019;0;29,5;0,171307698;68,0546778;100299,6;46018,8;0
02/07/2019;0;26,5;-0,002448847;67,85792666;100800;49824;0,024967
03/07/2019;0;26;-0,114963776;67,59559181;90612;42674,4;0
04/07/2019;0;26,5;0,100801594;67,53000809;104306,4;47347,2;0
05/07/2019;0;27;-0,03359889;67,33325695;95846,4;49003,2;0
06/07/2019;0;28;-0,01336992;67,16929767;83214;45507,6;0
07/07/2019;0;28,5;-0,001185746;67,00533838;94662;43340,4;0
08/07/2019;0;28,5;0,113934905;66,93975467;99702;46915,2;0
09/07/2019;0;28;-0,019541867;66,74300353;98917,2;48697,2;0
10/07/2019;0;26,5;-0,007245483;66,57904424;86418;46587,6;0
11/07/2019;0;28,5;-0,101137807;66,31670938;93657,6;46152;0
12/07/2019;0;29,5;0,104470369;66,25112567;95439,6;49352,4;0
13/07/2019;0;29,5;0,020035881;66,08716639;109501,2;45709,2;0
14/07/2019;0;30,5;0,038441255;65,95599896;88606,8;48049,2;0
15/07/2019;0;31,5;-0,031789778;65,73318454;108536,4;55422;0
16/07/2019;0;28;0,005540603;65,57483241;97394,4;48168;0
17/07/2019;0;27;-0,024254889;65,38480986;96663,6;48571,2;0
18/07/2019;0;27;-0,018074117;65,1947873;103240,8;49503,6;0
19/07/2019;0;28;-0,000984962;65,00476475;113536,8;49636,8;0
20/07/2019;0;27,5;0,117612644;64,94142389;109976,4;48643,2;0
21/07/2019;0;29,5;-0,019769475;64,75140134;97405,2;50248,8;0
22/07/2019;0;31;-0,018782119;64,56137878;103579,2;47973,87;0
23/07/2019;0;29;0,060111155;64,43469708;112233,6;50464,8;0
24/07/2019;0;29;0,010302075;64,27634495;91317,8;52657,2;0
25/07/2019;0;29,5;-0,00564405;64,08632239;111362,4;47764,8;0
26/07/2019;0;31;-0,015857454;63,89629984;100360,8;46724,4;0
27/07/2019;0;32;0,012015524;63,70627728;113932,8;55436,4;0
28/07/2019;0;31;-0,035650874;63,4845843;93643,2;52617,6;0
29/07/2019;0;30,5;0,059937514;63,35790259;105588;51321,6;0
30/07/2019;0;29,5;0,007562648;63,16788004;114760,8;58802,4;0
31/07/2019;0;28,5;0,05634721;63,04119833;95947,2;64656;0
01/08/2019;0;28,5;-0,029160968;62,81950535;113097,6;57693,6;0
02/08/2019;0;28,5;0,033057517;62,66467015;112848;53654,4;0
03/08/2019;0;28;0,015422455;62,48168144;115632;61124,4;0
04/08/2019;0;29;-0,003022709;62,29869273;97851,6;60505,2;0
05/08/2019;0;29;-0,001157718;62,11570402;109224;50119,2;0
06/08/2019;0;31;0,025011987;61,93271531;113932,8;64864,8;0
07/08/2019;0;33,5;0,017105451;61,74972661;103878;62780,4;0
08/08/2019;0;29,5;0,013478326;61,5667379;119098,8;53186,4;0
09/08/2019;0;29;0,02063053;61,38374919;119246,4;56271,6;0
10/08/2019;0;28,5;0,016351502;61,20076048;113950,8;63748,8;0
11/08/2019;0;28,5;-0,01342621;60,98727366;118026;61056;0
12/08/2019;0;28,5;-0,077991016;60,71279059;119366,8;56214;0
13/08/2019;0;28;0,11092722;60,62129624;113871,6;61909,2;0
14/08/2019;0;29,5;-0,027521826;60,40780941;109159,2;58687,2;0
15/08/2019;0;28,5;-0,067642383;60,16382447;102535,2;54536,4;0
16/08/2019;0;27;0,086567217;60,041832;125985,6;64533,6;0
17/08/2019;0;28;0,009635765;59,85884329;107100;64522,8;0
18/08/2019;0;27,5;-0,035906116;59,64753884;106156,8;51285,6;0
19/08/2019;0;28,5;0,027146306;59,50050418;101844;52023,6;0
20/08/2019;0;28;-0,043366905;59,26524874;111319,2;62697,6;0
21/08/2019;0;27;0,082002811;59,17702794;92340;66279,6;0
22/08/2019;0;28,5;0,009637399;59,00058636;100288,8;52538,4;0
23/08/2019;0;28,5;0,000550419;58,82414477;99763,2;55306,8;0
24/08/2019;0;29,5;0,022424042;58,64770318;110444,4;63000;0
25/08/2019;0;28,5;-0,046621948;58,44185467;81255,6;53204,4;0
26/08/2019;0;28;0,096151143;58,35363387;109486,8;50734,8;0
27/08/2019;0;26,5;-0,067175353;58,11837843;91195,2;56329,2;0
28/08/2019;0;27,5;0,06327019;58,0007507;104259,6;55526,4;0
29/08/2019;0;28,5;0,019515838;57,85371605;93589,2;52473,6;0
30/08/2019;0;27,5;-0,084482327;57,58905367;108604,8;52322,4;0
31/08/2019;0;27;0,053797111;57,47142594;101494,8;50414,4;0
01/09/2019;0;28;0,006757374;57,32439129;90309,6;42840;0
02/09/2019;0;28;0,013335535;57,1479497;115391,8;56109,6;0
03/09/2019;0;28;0,059547127;57,00091505;106146;55962;0,023047
04/09/2019;0;27;-0,066137157;56,7656596;106848;52743,6;0
05/09/2019;0;28;0,055373329;56,65225287;99313,2;58222,8;0
06/09/2019;0;27;-0,029198817;56,4537911;103503,6;52527,6;0
07/09/2019;0;27,5;-0,078718571;56,19862596;110772;51048;0
08/09/2019;0;26;0,113957458;56,17027428;78721,2;49539,6;0
09/09/2019;4;27;0,019299501;56,02851587;97524;52084,8;0
10/09/2019;0;23;0,009132659;55,85840578;99406,8;51555,6;0
11/09/2019;0;21,5;0,000770424;55,68829568;101415,6;54925,2;0
12/09/2019;0,9;22;-0,056297049;55,48983391;86248,8;49089,6;0
13/09/2019;29,6;23,5;0,259954768;55,60324064;93837,6;38185,2;0
14/09/2019;0,9;23,5;0,267029536;55,77335073;59410,8;33228;0
15/09/2019;0;25,5;-0,022830818;55,659944;37321,2;41284,8;0
16/09/2019;0;25;0,056174285;55,60324064;56674,8;41392,8;0
17/09/2019;0;24,5;0,016086849;55,51818559;55454,4;37720,8;0
18/09/2019;0;25,5;0,06120428;55,46148223;65235,6;38739,6;0
19/09/2019;0;25,5;0,021418097;55,37642718;57168;34250,4;0
20/09/2019;11,9;23,5;-0,042664878;55,23466877;57214,8;35640;0
21/09/2019;0;23;0,130252322;55,26302045;52502,4;39186;0
22/09/2019;0;25;-0,007131848;55,14961373;57679,2;36414;0
23/09/2019;0;24;0,013646297;55,06455868;53420,4;36507,6;0
24/09/2019;0;23,5;0,027846858;54,95115195;81896,4;40420,8;0
25/09/2019;0;27,5;0,003239634;54,80939354;82296;37872;0
26/09/2019;0;25;0,013379024;54,69598681;77277,6;36828;0
27/09/2019;0;24;-0,080757891;54,46917336;90039,6;42526,8;0
28/09/2019;0;24,5;0,13240459;54,46917336;75459,6;43174,8;0
29/09/2019;0;24;-0,002611107;54,32741495;95583,6;31500;0
30/09/2019;0;25;-0,064359614;54,12895317;81982,8;38404,8;0
01/10/2019;0;26,5;0,081483961;54,04389813;73080;43473,6;0,016992
02/10/2019;0;26;-0,015808149;53,87544094;81633,6;41155,2;0
03/10/2019;0;25;0,004987311;53,73781479;77889,6;42987,6;0
04/10/2019;0;25;0,06183887;53,6552391;83314,8;45507,6;0
05/10/2019;0;24;0,028606752;53,54513818;85154,4;41594,4;0
06/10/2019;0;24;-0,071705266;53,35246157;69238,8;37299,6;0
07/10/2019;0;25;-0,031460367;53,18731019;81982,8;38408,4;0
08/10/2019;0;23,5;0,128460575;53,18731019;75348;40644;0
09/10/2019;0;23,5;0,017001572;53,07720927;78775,2;37533,6;0
10/10/2019;0;22,5;-0,100036912;52,85700743;73461,6;37591,2;0
11/10/2019;0;22,5;-0,090784485;52,63680559;77763,6;43113,6;0
12/10/2019;0;23;0,145171082;52,66433082;73018,8;36360;0
13/10/2019;0;22;-0,062481699;52,49917944;62406;33386,4;0
14/10/2019;0;21,5;-0,10121131;52,2789776;66787,2;39578,4;0
15/10/2019;0;19,5;0,12766995;52,2789776;70552,8;43394,4;0
16/10/2019;0;19;-0,040868822;52,11382622;70790,4;40615,2;0
17/10/2019;0;20,5;-0,136738863;51,86609915;66459,6;33051,6;0
18/10/2019;0;20,5;0,109894821;51,86609915;60634,8;38602,8;0
19/10/2019;6,9;18,5;-0,135646164;51,61837208;60696;40755,6;0
20/10/2019;0;17;0,058008441;51,59084685;37490,4;37962;0
21/10/2019;0;16,5;0,291762627;51,81104869;28731,6;34909,2;0
22/10/2019;0;15,5;0,016837907;51,75599823;28990,8;36892,8;0
23/10/2019;0;17;-0,160043258;51,50827116;41223,6;34754,4;0
24/10/2019;0;17;0,012248315;51,42569547;50202;34286,4;0
25/10/2019;0;17,5;0,040156118;51,37064501;47095,2;39412,8;0
26/10/2019;0;18,5;-0,003832691;51,28806932;36154,8;35798,4;0
27/10/2019;0;18,5;-0,098120818;51,09782372;49204,8;35060,4;0
28/10/2019;0;21,5;0,099953157;51,09782372;53910;35744,4;0
29/10/2019;0;23,5;-0,005249842;50,99096416;48870;35686,8;0
30/10/2019;0;21;0,016045206;50,91081948;43902;37684,8;0
31/10/2019;0;22;0,011116699;50,80395991;62931,6;42080,4;0
01/11/2019;2,2;22,5;-0,006031203;50,69710034;48607,2;40082,4;0
02/11/2019;0;20;0,061447127;50,67038545;42037,2;32911,2;0
03/11/2019;0;18,5;0,001467225;50,56352588;57538,8;38937,6;0
04/11/2019;0;16;-0,082548586;50,34980675;56840,4;38397,6;0,023306
05/11/2019;0;16,5;0,10983915;50,34980675;61315,2;34822,8;0
06/11/2019;0;16;0,01301274;50,26966207;46317,6;34225,2;0
07/11/2019;0;15,5;0,005715823;50,1628025;63536,4;35100;0
08/11/2019;0;16;-0,002318874;50,05594294;52095,6;35578,8;0
09/11/2019;0;14;-0,012969348;49,94908337;45298,8;35222,4;0
10/11/2019;0;15;0,023491624;49,86893869;54385,2;40168,8;0
11/11/2019;0;17;-0,02387658;49,73536423;57006;38023,2;0
12/11/2019;0;16,5;0,020127901;49,65521956;48740,4;41940;0
13/11/2019;0;11,5;-0,004913066;49,54835999;55929,6;38565,8;0
14/11/2019;0;10,5;0,01298706;49,46821531;53071,2;32882,4;0
15/11/2019;0;11,5;0,007624201;49,38807064;46663,2;34200;0
16/11/2019;0,6;12;-0,047616708;49,25449618;37054,8;40417,2;0
17/11/2019;0;13,5;0,069883732;49,22778128;48574,8;38480,4;0
18/11/2019;0;12,5;-0,051525422;49,09420682;40878;35877,6;0
19/11/2019;0,3;10;-0,031930235;48,98734726;34848;39024;0
20/11/2019;9,6;12,5;0,077058182;49,01406215;13852,8;35168,4;0
21/11/2019;28,3;11,5;0,235192895;49,20106639;10778,4;31050;0
22/11/2019;0;13;0,130993201;49,28121107;13172,4;28922,4;0
23/11/2019;0;13;0,032827159;49,25449618;12862,8;36867,6;0
24/11/2019;0;17;-0,022408559;49,1743515;17802;34635,6;0
25/11/2019;0;17,5;0,062529501;49,1743515;20836,8;33480;0
26/11/2019;0;18;0,026956838;49,14763661;11170,8;31377,6;0
27/11/2019;0;17,5;0,012668517;49,09420682;22230;35398,8;0
28/11/2019;0;16,5;0,032067415;49,06749193;16466,4;36230,4;0
29/11/2019;0;16;0,013139394;49,01406215;23356,8;37659,6;0
30/11/2019;1,1;16,5;-0,027220471;48,93391747;11113,2;38905,2;0
01/12/2019;6,1;14;0,089928915;48,96063236;14648,4;43016,4;0
02/12/2019;0;14,5;0,007994625;48,88048769;20869,2;37933,2;0,024321
03/12/2019;0;13,5;0,001448028;48,8270579;15793,2;32752,8;0
04/12/2019;0;12,5;0,057682255;48,8270579;22298,4;32745,6;0
05/12/2019;0;14,5;0,000915797;48,77362812;16246,8;32562;0
06/12/2019;0;14,5;0,03870174;48,74691323;26949,6;33195,6;0
07/12/2019;0;14;0,00748286;48,69348344;22953,6;32954,4;0
08/12/2019;0;17,5;0,035439697;48,66676855;21830,4;34531,2;0
09/12/2019;0;15,5;0,043511633;48,64005366;29322;33534;0
10/12/2019;0;15,5;0,022343649;48,58662388;28137,6;32641,2;0
11/12/2019;2,9;13;-0,03202189;48,48062049;28472,4;38415,6;0
12/12/2019;0;15,5;0,024473907;48,42890306;29894,4;36057,6;0
13/12/2019;0;16;0,03962193;48,40304434;29343,6;28000,8;0
14/12/2019;0;14,5;-0,012932832;48,3254682;27756;29808;0
15/12/2019;2;13;-0,001749722;48,27375077;17622;31035,6;0
16/12/2019;0,5;12;0,037456393;48,24789205;14846,4;33800,4;0
17/12/2019;0;13;0,025515931;48,22203334;16520,4;34592,4;0
18/12/2019;17,2;13;0,054724865;48,22203334;18874,8;33231,6;0
19/12/2019;14,6;13,5;0,490194488;48,66676855;10756,8;33649,2;0
20/12/2019;0,4;13,5;0,362395704;48,98734726;10483,2;28954,8;0
21/12/2019;0;14,5;0,203153846;49,14763661;11804,4;27882;0
22/12/2019;0;15;0,087431157;49,1743515;27360;28587,6;0
23/12/2019;0;15,5;0,104891876;49,22778128;13230;32400;0
24/12/2019;0;16;0,073059768;49,25449618;8398,8;33703,2;0
25/12/2019;0;15;0,073402597;49,25449618;37548;33202,8;0
26/12/2019;0;13;0,057701716;49,25449618;20808;33181,2;0
27/12/2019;0;13;0,001115142;49,20106639;18187,2;33177,6;0
28/12/2019;0;12;0,073830748;49,22778128;14893,2;29836,8;0
29/12/2019;0;9,5;0,076654532;49,22778128;43671,6;29271,6;0
30/12/2019;0;11;0,041036223;49,20106639;33382,8;31453,2;0
31/12/2019;0;11;-0,005904849;49,14763661;12049,2;32032,8;0
01/01/2020;0;11;0,047524935;49,14763661;12049,2;32032,8;0
02/01/2020;0;10;0,057209787;49,12092172;42105,6;38642;0
03/01/2020;0;11,5;-0,023188152;49,04077704;20419,2;34156,8;0
04/01/2020;0;10,5;0,029716888;49,01406215;19911,6;33876;0
05/01/2020;0;10;0,028691041;48,98734726;18223,2;33746,4;0
06/01/2020;0;10,5;0,097087854;49,01406215;35650,8;32342,4;0
07/01/2020;0;10,5;-0,06104354;48,8537728;32518,8;40698;0,023126
08/01/2020;0;10,5;0,053314922;48,8537728;19076,4;31071,6;0
09/01/2020;0;12;0,027477916;48,8270579;19321,2;30650,4;0
10/01/2020;0;12,5;0,033948748;48,80034301;21693,6;32904;0
11/01/2020;0;12;0,017319219;48,74691323;30960;34254;0
12/01/2020;0;11,5;0,011571269;48,69348344;18957,6;39985,2;0
13/01/2020;0;10,5;0,003067814;48,61333877;44805,6;36828;0
14/01/2020;0;10,5;-0,017236765;48,53319409;28594,8;30106,8;0
15/01/2020;0;13;0,077377316;48,55990898;17917,2;28011,6;0
16/01/2020;0;12,5;-0,026001499;48,48062049;18152,4;30405,6;0
17/01/2020;0;11,5;0,048514933;48,45476177;34056;30862,8;0
18/01/2020;0;10;0,024614356;48,42890306;14828,4;33019,2;0
19/01/2020;1,5;10;0,066872335;48,42890306;32180,4;33379,2;0
20/01/2020;0;8;0,026266725;48,37718563;38264,4;33685,2;0
21/01/2020;17;9,5;-0,025842525;48,29960948;14378,2;33948;0
22/01/2020;24,2;8;0,277200407;48,53319409;8665,2;29955,6;0
23/01/2020;11,8;10;1,004102152;49,4949302;10566;28342,8;0
24/01/2020;10,1;10,5;0,898417644;50,34980675;10558,8;29221,2;0
25/01/2020;22,1;11,5;3,598214237;53,90296617;7290;29390,4;0
26/01/2020;0;11;0,584004715;54,44082168;6994,8;29602,8;0
27/01/2020;0;12,5;0,274291652;54,66763513;9187,2;29840,4;0
28/01/2020;0;16;0,160740212;54,78104186;9637,2;29516,4;0
29/01/2020;0;15;0,158622883;54,89444859;8114,4;30888;0
30/01/2020;0;15,5;0,111774522;54,95115195;7956;30157,2;0
31/01/2020;0;16;0,137064682;55,00785532;38757,6;29725,2;0
01/02/2020;0;16;0,106809129;55,06455868;13194;27572,4;0
02/02/2020;0;17,5;0,024835528;55,036207;12261,6;32155,2;0
03/02/2020;0;17;0,081531711;55,036207;35560,8;38898;0
04/02/2020;0;15,5;0,071416162;55,036207;13802,4;28011,6;0,023378
05/02/2020;0;14;0,055158547;55,036207;19378,8;31536;0
06/02/2020;0;14,5;0,10646638;55,036207;58298,4;33494,4;0,009864
07/02/2020;0;15;0,037154755;55,00785532;26780,4;33069,6;0
08/02/2020;0;15,5;0,05473859;55,00785532;18115,2;28987,2;0
09/02/2020;0;15;0,024428717;54,97950363;15755,2;30805,2;0
10/02/2020;0;15;0,119443926;55,036207;20786,4;35730;0
11/02/2020;0;16,5;0,060338076;55,036207;19548;30888;0
12/02/2020;0;16;-0,001098056;54,97950363;22644;25610,4;0
13/02/2020;0;16;0,065887163;54,97950363;33541,2;24429,6;0
14/02/2020;0;14,5;0,055601708;54,97950363;18406,8;29844;0
15/02/2020;0;14,5;0,089746185;55,00785532;19515,8;35373,8;0
16/02/2020;0;14,5;0,026727463;54,97950363;13798,8;35625,8;0
17/02/2020;0;15;0,097042326;54,97950363;52171,2;35258,4;0
18/02/2020;1,5;14;0,014826078;54,92280027;40741,2;28245,4;0
19/02/2020;0;12,5;0,041032056;54,92280027;17643,6;19998;0
20/02/2020;0;12;0,049701008;54,92280027;17535,6;27644,8;0
21/02/2020;0;13;-0,001284337;54,86609691;20142;29912,4;0
22/02/2020;0;8;0,1106444;54,92280027;17096,4;30628,8;0
23/02/2020;0;12,5;0,023072516;54,89444859;14086,8;30841,2;0
24/02/2020;0;14,5;0,003997033;54,83774522;20045,1;30776,4;0
25/02/2020;0;16,5;0,071598556;54,83774522;20484;30510;0
26/02/2020;0;18;0,061953804;54,80939354;36888,8;30279,6;0
27/02/2020;0;16,5;0,036156221;54,75269018;46227,6;35071,2;0
28/02/2020;0;17,5;-0,011095465;54,66763513;26830,8;34171,2;0
29/02/2020;0;15;0,105199532;54,69598681;25329,6;34329,6;0
01/03/2020;0;17,5;0,039226331;54,63928345;20401,6;33660;0
02/03/2020;0;17,5;-0,022148645;54,49752504;68148;32626,8;0
03/03/2020;0;17;0,096773598;54,49752504;43318,8;32652;0
04/03/2020;0;20;0,031510999;54,44082168;32439,6;32457,6;0
05/03/2020;0;15,5;0,081302787;54,41246999;61423,2;31662;0
06/03/2020;0;16;0,031859023;54,32741495;70549,2;30654;0
07/03/2020;0;16;0,021533385;54,27071158;32446,8;30650,4;0
08/03/2020;0;15;0,042099293;54,2423599;24843,6;29912,4;0
09/03/2020;0;20;-0,031422416;54,10060149;58780,8;31410;0
10/03/2020;0;18;0,108990109;54,12895317;29041,2;34524;0
11/03/2020;0;18;-0,040797773;53,98719476;54792;34992;0
12/03/2020;0;20,5;0,132223216;54,04389813;26766;35053,2;0
13/03/2020;0;20;-0,02397726;53,9304914;43322,4;34938;0
14/03/2020;0;18,5;0,098740322;53,95884308;27576;34433;0
15/03/2020;1,2;14;-0,040440404;53,87544094;17496;24070,4;0
16/03/2020;0;12;0,085942481;53,84791571;65379,6;31906,8;0
17/03/2020;1,7;13;0,189029677;53,98719476;16786,8;29052;0
18/03/2020;0;17;-0,059974727;53,87544094;16210,8;26917,2;0
19/03/2020;0;16,5;0,135789854;53,95884308;19069,2;26614,8;0
20/03/2020;17,7;14,5;0,05306061;53,95884308;13794;28652,4;0
21/03/2020;18,4;13;0,105944812;54,01554645;11109,6;28908;0
22/03/2020;14,4;11;0,038340753;54,01554645;8402,4;28540,8;0
23/03/2020;6,6;11;0,158445417;54,12895317;18464,4;26294,4;0
24/03/2020;14,5;15,5;0,047705069;54,12895317;14594,4;24714;0
25/03/2020;8,7;11;0,31699343;54,41246999;7020;24771,6;0
26/03/2020;0;15,5;0,105959202;54,46917336;9658,8;25264,8;0
27/03/2020;0,2;13;0,130072495;54,5542284;17913,6;25416;0
28/03/2020;0,1;10;0,066047315;54,58258009;7923,6;26395,2;0
29/03/2020;0;14,5;0,044001692;54,58258009;7066,8;27367,2;0
30/03/2020;14,7;14,5;0,192427363;54,69598681;42037,2;28530;0
31/03/2020;42,1;12,5;3,707260432;58,35363387;6876;34196,4;0
01/04/2020;10,6;11,5;1,452205345;59,76734894;11361,6;23832;0
02/04/2020;10,1;10;1,541287882;61,26175672;14745,6;25729,2;0
03/04/2020;0;13,5;0,695582298;61,9022172;21380,4;26366,4;0
04/04/2020;0,4;13;0,437681168;62,29869273;10879,2;26622;0
05/04/2020;0;14,5;0,377585695;62,63417203;7434;26305,2;0
06/04/2020;0,3;15,5;0,361411606;62,94618706;17341,2;25833,6;0
07/04/2020;0;15;0,259540619;63,16788004;8600,4;24879,6;0
08/04/2020;0;14,5;0,217182257;63,32623217;28191,6;24386,4;0
09/04/2020;5;12,5;0,225350677;63,51625472;8352;24469,2;0
10/04/2020;0;15,5;0,200696467;63,67460685;10087,2;24721,2;0
11/04/2020;0;17;0,172136168;63,80128856;14083,2;25081,2;0
12/04/2020;2,4;15,5;0,131807152;63,89629984;7909,2;24793,2;0
13/04/2020;0,6;15;0,176641377;64,02298154;21531,6;24958,8;0
14/04/2020;3,8;17;0,163182015;64,11799282;13100,4;22482;0,022168
15/04/2020;3,4;15,5;0,639223051;64,71973091;10828;21884,4;0
16/04/2020;0;17,5;0,392672731;65,0681056;11282,4;23428,8;0
17/04/2020;0;18;0,244045123;65,25812815;16596;26856;0
18/04/2020;0;16,5;0,205527618;65,41648028;14446,8;27914,4;0
19/04/2020;0;19;0,152888826;65,47982114;39632,4;27752,4;0
20/04/2020;2,7;16;0,194998022;65,60650284;24134,4;29383,2;0
21/04/2020;6,1;13,5;0,141232275;65,70151412;14094;28584;0
22/04/2020;0;18,5;0,380522544;66,02158267;17465,3;26503,2;0
23/04/2020;0;17;0,118331644;66,08716639;15544,8;27500,4;0
24/04/2020;3,6;16,5;0,24585833;66,28391753;17928;27615,6;0
25/04/2020;2,6;15,5;0,176171606;66,41508496;13467,6;27320,4;0
26/04/2020;0;17,5;0,187661117;66,54625238;13798,8;27759,6;0
27/04/2020;0;17,5;0,142295842;66,6118361;39420;27871,2;0
28/04/2020;0;19;0,124417913;66,67741981;19335,6;26172;0
29/04/2020;0;20,5;0,063669774;66,67741981;20131,2;22086;0
30/04/2020;0;20;0,144469513;66,74300353;23486,4;30682,8;0
01/05/2020;0;24,5;0,072012689;66,67741981;83397,6;29170,8;0
02/05/2020;0;24;0,153582145;66,74300353;39675,8;30110,4;0
03/05/2020;0;24,5;0,153218778;66,80858724;34545,6;32914,8;0
04/05/2020;0;24;0,053970176;66,77579538;36813,6;36610,8;0
05/05/2020;0;25,5;0,119939735;66,80858724;33735,6;35190;0
06/05/2020;0;24,5;0,059309181;66,77579538;39283,2;35251,2;0
07/05/2020;0;21;0,066263969;66,74300353;52491,6;35506,8;0
08/05/2020;0;20,5;0,057140206;66,71021167;45588;30038,4;0
09/05/2020;0;20;0,078350898;66,67741981;64630,8;31885,2;0
10/05/2020;1;16,5;0,06157718;66,67741981;24022,8;31053,6;0
11/05/2020;17,5;19;0,080245716;66,67741981;43948,8;21995,2;0
12/05/2020;18;15,5;0,284605139;66,90696281;15346,8;31248;0
13/05/2020;0;17;0,092618782;66,93975467;17643,6;31107,6;0
14/05/2020;1,2;15,5;0,055444923;66,93975467;23911,2;27950,4;0
15/05/2020;0;17;0,036867866;66,87417095;67255,2;23475,6;0
16/05/2020;0;16,5;0,063381395;66,87417095;36316,8;24134,4;0
17/05/2020;0;19;0,093608198;66,90696281;24436,8;26935,2;0
18/05/2020;0;20,5;0,072880011;66,90696281;30690;28512;0
19/05/2020;0;23,5;0,134818645;66,93975467;31532,4;30718,8;0,023162
20/05/2020;0;25;0,043946188;66,87417095;58737,6;32234,4;0
21/05/2020;0;26;0,096037102;66,87417095;48373,2;29106;0
22/05/2020;0;25,5;0,088512844;66,8413791;63518,4;34351,2;0
23/05/2020;0;26,5;0,062630211;66,77579538;58780,8;44384,4;0
24/05/2020;0;25;0,074013416;66,74300353;39672;41115,8;0
25/05/2020;0;21,5;0,041179363;66,67741981;67726,8;25059,6;0
26/05/2020;0;22;-0,06068117;66,51346053;53809,2;32914,8;0
27/05/2020;0;23;0,110471505;66,51346053;51318;42274,8;0
28/05/2020;0;23;-0,006954918;66,3822931;57830,4;48873,6;0
29/05/2020;0;22;0,056300551;66,31670938;55882,8;49474,8;0
30/05/2020;0;22,5;0,013574237;66,21833381;51278,4;45453,6;0
31/05/2020;2,1;22,5;-0,013349006;66,11995824;41796;34819,2;0
01/06/2020;0;22,5;0,012063503;66,11995824;57693,6;37216,8;0
02/06/2020;0;22;0,084294505;66,11995824;61912,8;10735,2;0
03/06/2020;0;25;0,040662918;66,05437453;61779,6;19893,6;0
04/06/2020;0;24;-0,06499424;65,89153667;54849,6;24591,6;0
05/06/2020;0;23,5;-0,061743119;65,70151412;70977,6;37976,4;0
06/06/2020;0;25;0,099527752;65,66984369;68162,4;43074;0
07/06/2020;0;26;0,038680918;65,57483241;62038,8;50428,8;0
08/06/2020;0;25;-0,112757937;65,32146901;75247,5;38750,4;0
09/06/2020;0;22,5;0,218164889;65,44815071;68032,8;6433,2;0
10/06/2020;0;24;0,124279914;65,47982114;68839,2;6746,4;0
11/06/2020;0;24;0,059016596;65,41648028;74570,4;22431,8;0
12/06/2020;0;24,5;-0,002124889;65,28979858;73425,6;23572,8;0
13/06/2020;0;23,5;-0,132500721;65,03643517;74768,4;23414,4;0
14/06/2020;0;24;0,120969462;65,03643517;73702,8;22989,6;0
15/06/2020;0;28;0,012921595;64,90975347;88275,8;22942,8;0
16/06/2020;0;24,5;-0,033149569;64,71973091;77997,6;23562;0,02286
17/06/2020;0;26;-0,019152981;64,56137878;79371,6;36964,8;0
18/06/2020;0;24;0,126203966;64,52970836;83426,4;55720,7;0
19/06/2020;0;25;0,026641238;64,40302665;87883,2;47059,2;0
20/06/2020;0;24,5;-0,006681293;64,24467452;87800,4;43945,2;0
21/06/2020;0;24;-0,06307289;64,05465197;72000;34441,2;0
22/06/2020;0;29;0,091270257;63,99131111;92588,4;38062,8;0
23/06/2020;0;28;0,036192469;63,86462941;98330,4;42825,6;0
24/06/2020;0;26,5;0,008804615;63,73794771;82040,4;33962,4;0
25/06/2020;0;26;-0,130750566;63,45291387;90316,8;44240,4;0
26/06/2020;0;27,5;0,154812029;63,45291387;89294,4;44226;0
27/06/2020;0;27,5;-0,005366058;63,29456174;82221,6;45453,6;0
28/06/2020;0;28;0,041268362;63,19955046;70293,8;42890,4;0
29/06/2020;0;28,5;-0,127532552;62,91451663;91706,4;44960,4;0
30/06/2020;0;27;0,0907999;62,85117578;90129,6;45990;0
01/07/2020;0;29,5;0,051461;62,756165;81500,4;39524,4;0
02/07/2020;0;30,5;0,038862;62,603674;105087,6;47851,2;0
03/07/2020;0;30,5;0,005653;62,420685;108277,2;47905,2;0
04/07/2020;0;29;-0,008787;62,237696;99831,6;47840,4;0
05/07/2020;0;28;-0,086885;61,993712;86342,4;48301,2;0
06/07/2020;0;28;-0,012223;61,810723;104011,2;46188;0
07/07/2020;0;29,5;0,165734;61,810723;97992;45640,8;0
08/07/2020;0;28,5;0,043938;61,68873;99367,2;46332;0
09/07/2020;0;27,5;0,014768;61,53624;99806,4;47563,2;0
10/07/2020;0;29;-0,013502;61,353251;101736;46987,2;0
11/07/2020;0;28;0,003663;61,20076;87451,2;46756,8;0
12/07/2020;0;28,5;-0,04121;61,017772;74275,2;47430;0
13/07/2020;0;28;-0,085344;60,773787;93934,8;46206;0
14/07/2020;0;28;0,115908493;60,74328871;83296,8;46738,8;0
15/07/2020;0;28;0,033736573;60,62129624;85208,4;50842,8;0
16/07/2020;0;28,5;0,014377803;60,46880565;95709,6;51818,4;0
17/07/2020;0;28,5;-0,012156889;60,28581694;100198,8;50731,2;0
18/07/2020;0;28,5;0,008191428;60,13332635;84445,2;57574,8;0
19/07/2020;0;28;-0,11538466;59,85884329;79614;59382,8;0
20/07/2020;0;29;-0,036273785;59,64753884;95585,8;60890,4;0
21/07/2020;0;27,5;0,149215498;59,61813191;85827,6;53658;0,022384
22/07/2020;0;28;0,040379252;59,50050418;86763,6;54216;0
23/07/2020;0;28,5;-0,014112647;59,3240626;87829,2;57211,2;0
24/07/2020;0;29,5;-0,00381324;59,14762101;96015,6;59659,2;0
25/07/2020;0;29;0,014026183;59,00058636;87426;55227,6;0
26/07/2020;0;30;-0,051032789;58,79473784;81151,2;55008;0
27/07/2020;0;29,5;-0,035993149;58,58888932;92606,4;59230,8;0
28/07/2020;0;30;-0,001232599;58,41244774;94312,8;60854,4;0
29/07/2020;0;30;0,011053324;58,26541308;84952,8;56660,4;0
30/07/2020;0;30;0,023969742;58,11837843;95058;60382,8;0
31/07/2020;0;33,5;0,00975778;57,94193684;105714;59682;0
01/08/2020;0;34,5;0,038889461;57,79490219;104720,4;61023,6;0
02/08/2020;0;32,5;0,012664537;57,6184606;112330,8;58390,8;0
03/08/2020;0;31,5;0,028351455;57,44201901;126468;61146;0
04/08/2020;0;29,5;-0,053601901;57,20676357;106167,6;60390;0
05/08/2020;0;30;0,011801688;57,03032198;106405,2;61851,6;0
06/08/2020;0;30;0,010231733;56,85388039;108241,2;60224,4;0
07/08/2020;0;30,5;-0,081718709;56,68060455;11734,9;62229,6;0
08/08/2020;0;32;-0,014131566;56,48214278;107316;60325,2;0
09/08/2020;0;30,5;0,007431644;56,31203269;102366;59094;0
10/08/2020;0;28,5;0,044127725;56,17027428;113387,6;60170,4;0
11/08/2020;0;29;0,009124431;56,00016419;101152,8;60627,6;0
12/08/2020;0;27,5;0,010379562;55,83005409;99972;61099,2;0
13/08/2020;0;28,5;0,036904338;55,68829568;101851,2;59706;0
14/08/2020;0;28,5;0,052845994;55,54653727;115095,6;61862,4;0
15/08/2020;0;30,5;-0,014042345;55,3480755;106167,6;61214,4;0
16/08/2020;0;29,5;-0,047349836;55,12126204;99183,6;59889,6;0
17/08/2020;0;28,5;-0,071308086;54,95115195;11553,2;62942,4;0
18/08/2020;0;29,5;0,038953319;54,80939354;96595,2;62672,4;0
19/08/2020;0;29;-0,012877556;54,61093177;106984,8;59457,6;0
20/08/2020;0;28,5;0,050050665;54,46917336;109756,8;62661,6;0
21/08/2020;0;30;-0,006246005;54,27071158;114231,8;60040,8;0
22/08/2020;0;28,5;-0,01748209;54,07224981;102535,2;60264;0
23/08/2020;0;30,5;0,026145699;53,9304914;91137,6;58896;0
24/08/2020;0;28,5;0,016331192;53,76534002;104436;60321,6;0
25/08/2020;0;27,5;0,005721128;53,60018864;95056,2;60789,6;0
26/08/2020;0;28,5;0,010951346;53,43503726;98942,4;61326;0
27/08/2020;0;29,5;0,007414619;53,26988588;97135,2;58514,4;0
28/08/2020;0;30,5;0,013195574;53,07720927;113936,4;61768,8;0
29/08/2020;0;29,5;0,018521057;52,91205789;99360;60552;0
30/08/2020;0;29;0,003988502;52,74690651;91944;58165,2;0
31/08/2020;0;25,5;-0,011982695;52,5542299;106538,4;59292;0
01/09/2020;0;22;-0,031950283;52,36155329;100620;52689,6;0
02/09/2020;0;24;0,027411622;52,22392714;93837,6;55839,6;0
03/09/2020;0;25;0,026174961;52,08630099;94215,6;55342,8;0
04/09/2020;0;24;0,002798392;51,92114961;99273,6;56098,8;0
05/09/2020;0;26;-0,006052774;51,75599823;92771,6;57592,8;0
06/09/2020;0;25;0,016454463;51,61837208;86191,2;57805,2;0
07/09/2020;0;26;0,022307443;51,48074593;92629,2;55602;0
08/09/2020;0;25,5;-0,01341922;51,31559455;85586,4;53377,2;0
09/09/2020;0;25;0,008586964;51,1779684;84963,6;46872;0
10/09/2020;0;25;-0,00859952;51,01767905;91015,2;46594,8;0
11/09/2020;0;24,5;0,012720007;50,8573897;101908,8;59209,2;0
12/09/2020;0;25;-0,024711694;50,67038545;90003,6;58536;0
13/09/2020;0;26,5;0,011847279;50,53681099;82159,3;50338,8;0
14/09/2020;0;26,5;-0,027575244;50,34980675;97185,8;53646,4;0
15/09/2020;0;25,5;0,06873109;50,24294718;86688;56347,2;0,021823
16/09/2020;0;25;-0,020466444;50,08265783;85662;46126,8;0
17/09/2020;8,9;25,5;0,022282123;49,97579826;72320,4;49867,2;0
18/09/2020;4,2;24,5;0,029143257;49,89565358;60058,8;41212,8;0
19/09/2020;0;24,5;-0,003391246;49,78879402;51390;43538,4;0
20/09/2020;0;24;0,003279788;49,68193445;53877,6;47199,6;0
21/09/2020;0;26;-0,035882476;49,4949302;83383,2;55771,2;0
22/09/2020;0;25,5;0,056608115;49,41478553;80841,6;45018;0
23/09/2020;0;27,5;0,025871625;49,30792596;81666;35409,6;0
24/09/2020;0;28;0,025906716;49,1743515;91692;43416;0
25/09/2020;0;25,5;-0,052126732;48,96063236;104324,4;37713,6;0
26/09/2020;0;25;-0,012486618;48,80034301;94694,4;36756,4;0
27/09/2020;0;25;0,032250607;48,69348344;79887,6;39204;0
28/09/2020;0;23;0,023822358;48,55990898;94824;50212,8;0
29/09/2020;0;23;-0,119083898;48,29960948;87883,2;41799,6;0
30/09/2020;0;22;0,042221267;48,19617462;91990,8;45550,8;0
01/10/2020;0;25,5;0,032041998;48,06688105;94305,6;43772,4;0
02/10/2020;0;22,5;0,034189965;47,96344619;90039,6;35319,6;0
03/10/2020;0;21,5;-0,024583935;47,8082939;81432;35593,2;0
04/10/2020;0;19;0,025746325;47,70485904;72849,6;39945,6;0
05/10/2020;0;20,5;-0,028046959;47,52384803;94550,4;41806,8;0
06/10/2020;0;21;0,029834612;47,42041317;84884,4;38797,2;0
07/10/2020;0;23;-0,044115717;47,2911196;47592;27496,8;0
08/10/2020;0;23;0,034146019;47,18768474;83790;45007,2;0
09/10/2020;0;21,5;0,060792036;47,11010859;90806,4;40593,6;0
10/10/2020;0;20;-0,002667574;46,98081502;82321,2;37090,8;0
11/10/2020;0;18;-0,016051449;46,85152144;69696;37116;0
12/10/2020;0;18,5;-0,031831782;46,69636915;76492,8;39384;0
13/10/2020;0;18,5;-4,31988E-05;46,56707558;80020,8;40773,6;0
14/10/2020;0;19;0,002401901;46,437782;74512,8;38764,8;0
15/10/2020;0;19;-0,028388198;46,28262971;78166,8;37875,6;0
16/10/2020;0;18;0,023065639;46,17919485;80398,8;37944;0
17/10/2020;0;17,5;-0,022134614;46,02404256;85366,8;40273,2;0
18/10/2020;0;18;0,005845091;45,9206077;65026,8;38664;0
19/10/2020;0;18,5;-0,00599745;45,79574902;73238,4;38268;0
20/10/2020;6,3;19;0;45,69586207;64720,8;38948,4;0
21/10/2020;8,3;18,5;0,006784833;45,62094686;39182,4;38469,6;0
22/10/2020;21,1;15;0,09409059;45,64591859;27122,9;38199,6;0
23/10/2020;0,3;17,5;0,092502357;45,67089033;28458;32490;0
24/10/2020;0;19;-0,028830514;45,57100338;30182,4;33289,2;0
25/10/2020;0;18;0,02452443;45,52105991;28720,8;36651,6;0
26/10/2020;0;15;-0,140360089;45,29631428;47626,4;22402,8;0
27/10/2020;0;17;0,179838564;45,42117296;45705,6;2714,4;0
28/10/2020;0;17,5;4,48015E-05;45,34625775;54025,2;15894;0
29/10/2020;0;17,5;-0,019097796;45,22139906;53427,6;45540;0
30/10/2020;0;19;-0,014515634;45,09654038;56426,2;48391,2;0
31/10/2020;0;19,5;-0,06789527;44,92173822;59846,4;41047,2;0
01/11/2020;0;19;-0,025356071;44,82185127;38109,6;31417,2;0
02/11/2020;0;16,5;0,042235991;44,7719078;51732;34696,8;0
03/11/2020;0;17,5;-0,028794241;44,67202085;32544;35053,2;0
04/11/2020;7,7;18;0,043467762;44,64704911;33890,4;31554;0
05/11/2020;0,1;19,5;-0,021399698;44,5721339;17402,4;30877,2;0
06/11/2020;8,5;21,5;0,042044231;44,54716217;27313,2;32724;0
07/11/2020;0;20;0,037799131;44,52219043;27716,4;31068;0
08/11/2020;0;17,5;-0,048746078;44,42230348;15170,4;31989,6;0
09/11/2020;0;17,5;0;44,37236001;34462,8;34347,6;0
10/11/2020;0;18;0,019206253;44,32241653;32223,6;32702,4;0
11/11/2020;0;17;0,022839761;44,27247306;40323,6;29232;0
12/11/2020;0;17;-0,03338791;44,17258611;34106,4;30409,2;0
13/11/2020;0;18,5;0,179056583;44,27247306;43815,6;32126,4;0
14/11/2020;0;17;0,022573505;44,22252958;37677,6;30621,6;0
15/11/2020;0;19,5;0,010561402;44,17258611;26884,8;29653,2;0
16/11/2020;0;21,5;-0,08044266;43,99778395;51195,6;33271,2;0
17/11/2020;0;19;-0,010948098;43,897897;45118,8;39621,6;0
18/11/2020;0;17;0,002516336;43,82298179;42429,6;32781,6;0
19/11/2020;0;17;0,003187174;43,74806658;44334;31550,4;0
20/11/2020;0;17;0,006938719;43,67315137;47224,8;28720,8;0
21/11/2020;0;16;-0,006284922;43,59823616;38671,2;26024,4;0
22/11/2020;0;15,5;-0,015238199;43,52332095;26686,8;30288;0
23/11/2020;0;14,5;0,182361031;43,6232079;42339,6;36444,4;0
24/11/2020;0;14,5;0,035043998;43,59823616;22219,2;34599,6;0
25/11/2020;22,4;13,5;0,030446705;43,57326442;17593,2;32662,8;0
26/11/2020;13,7;12,5;0,014216322;43,54829269;8982;28731,6;0
27/11/2020;0,2;12,5;0,163403587;43,67315137;14058;23256;0
28/11/2020;0,5;13;-0,010113041;43,6232079;10540,8;27813,6;0
29/11/2020;0,2;14;0,041091639;43,6232079;9612;29757,6;0
30/11/2020;0;14,5;-0,002185846;43,57326442;12286,8;32029,2;0
01/12/2020;0;14,5;0,046780553;43,54829269;13903,2;30193,2;0,023724
02/12/2020;0;15,5;0,15106863;43,64817963;13737,6;29815,2;0
03/12/2020;0;13,5;0,015679848;43,57326442;54403,2;32504,4;0
04/12/2020;0,1;10;0,006370616;43,52332095;19998;32385,6;0
05/12/2020;0;8,5;-0,026419963;43,423434;35420,4;30196,8;0
06/12/2020;0;9;-0,018302042;43,35109031;19328,4;29322;0
07/12/2020;1,2;12;0,170872958;43,44840574;41565,6;29538;0
08/12/2020;0;9,5;0,044707542;43,423434;31363,2;30711,6;0
09/12/2020;0;14,5;-0,136205821;43,20640293;41965,2;33235,2;0
10/12/2020;5,8;15;0,596923019;43,74806658;22680;31593,6;0
11/12/2020;0,4;18;0,526543141;44,19755785;43171,2;29912,4;0
12/12/2020;0;17,5;0,55457144;44,67202085;38408,4;30214,8;0
13/12/2020;0;17,5;0,184858926;44,79687954;21909,6;29836,8;0
14/12/2020;0;16,5;-0,023537648;44,69699259;44748;30852;0
15/12/2020;0;13,5;0,252615586;44,87179475;39870;31183,2;0
16/12/2020;2,5;12;0,085271801;44,89676648;23662,8;34884;0
17/12/2020;0;13;0,049915272;44,87179475;37566;35067,6;0
18/12/2020;0;13;0,038687976;44,84682301;30247,2;30909,6;0
19/12/2020;0,1;13,5;0,014789173;44,79687954;34848;27633,6;0
20/12/2020;0;13,5;0,077668575;44,82185127;19580,4;30614,4;0
21/12/2020;0;14;0,080098242;44,82185127;44755,2;32590,8;0
22/12/2020;0;13,5;0,01001851;44,79687954;22629,6;10109,6;0
23/12/2020;0;13,5;0,033388799;44,74693606;50166;30916,8;0
24/12/2020;0;14,5;0,035472219;44,72196432;24980,4;31965,6;0
25/12/2020;0;12,5;0,016393396;44,67202085;32799,6;30790,8;0
26/12/2020;0;12;0,040077653;44,64704911;27496,8;31312,8;0
27/12/2020;0;10,5;0,027860576;44,59710564;40770;33292,8;0
28/12/2020;0;11,5;0,004556811;44,52219043;40867,2;34369,2;0
29/12/2020;0;10,5;0,03228512;44,47224695;38487,6;34030,8;0
30/12/2020;0;9;0,018261023;44,42230348;30492;32238,8;0
31/12/2020;0;8,5;0,041567152;44,39733174;27990;32828,4;0
01/01/2021;0;8,5;0,018308152;44,32241653;51321,6;35690,4;0
02/01/2021;0;7,5;-0,003144439;44,24750132;34668;29905,2;0
03/01/2021;0;8,5;0,014923094;44,19755785;25876,8;30805,2;0
04/01/2021;0;9;0,026723795;44,12264264;63759,6;32428,8;0
05/01/2021;0;10;0,004799528;44,04772743;26514;31564,8;0,019656
06/01/2021;11,2;8,5;0,050975909;44,04772743;17085,6;30920,4;0
07/01/2021;27,1;8;0,224401004;44,22252958;15217,2;26690,4;0
08/01/2021;38,7;7,5;3,523650231;47,70485904;11167,2;29113,2;0
09/01/2021;1,7;8;1,641217019;49,30792596;11815,2;24742,8;0
10/01/2021;1,8;8;0,490177479;49,76207912;8622;25534,8;0
11/01/2021;0;8;0,288994126;50,00251315;13629,6;33325,2;0
12/01/2021;0;8,5;0,245901408;50,1895174;22158;33789,6;0
13/01/2021;0;9;0,035444883;50,1628025;25808,4;33670,8;0
14/01/2021;0;12,5;0,134386862;50,24294718;15613,2;31921,2;0
15/01/2021;0;11,5;0,110241318;50,29637696;21009,6;30700,8;0
16/01/2021;0;12;0,101867868;50,32309186;42048;28270,8;0
17/01/2021;0;11,5;0,070740642;50,34980675;11390,4;28605,6;0
18/01/2021;0;11;0,079037773;50,37652164;16120,8;33246;0
19/01/2021;0;10,5;0,075690285;50,40323653;15050;31237,2;0
20/01/2021;11,6;9;0,069032419;50,42995142;11304;29131,2;0
21/01/2021;0,5;13,5;0,122658612;50,5100961;9345,6;30207,6;0
22/01/2021;0;14;0,157355985;50,61695567;12733,2;31564,8;0
23/01/2021;0;15;0,123584423;50,67038545;32727,6;29876,4;0
24/01/2021;0;15;0,115127843;50,72381524;23166;28818;0
25/01/2021;0;16;0,157532344;50,8306748;17074,8;29275,2;0
26/01/2021;0;18;0,320582938;51,09782372;15552;29480,4;0
27/01/2021;0;18,5;0,328730141;51,37064501;19245,6;29052;0
28/01/2021;0;18;0,219617173;51,50827116;48448,8;29458,8;0
29/01/2021;0;16;0,214418893;51,64589731;42174;28893,6;0
30/01/2021;0;16;0,149567645;51,728473;28306,9;29134,8;0
31/01/2021;0;18;0,127352623;51,78352346;31813,2;29295;0
01/02/2021;0;18;0,176566616;51,89362438;18666;31399,2;0
02/02/2021;0;17;0,159075234;51,97620007;45262,8;24944,4;0
03/02/2021;0;15,5;0,114291746;52,0037253;35013,6;32742;0,015727
04/02/2021;0;14,5;0,088702258;52,03125053;21916,8;34880,4;0
05/02/2021;1,8;15,5;0,111426738;52,08630099;17647,2;35168,4;0
06/02/2021;0;15;0,119339776;52,14135145;31536;30286,8;0
07/02/2021;1,4;14,5;0,104820342;52,19640191;18259,6;30139,2;0
08/02/2021;4,4;13,5;0,207353129;52,33402806;28990,8;33321,6;0
09/02/2021;1,2;12,5;0,121677795;52,41660375;11631,6;26920,8;0
10/02/2021;0;16;0,482943156;52,85700743;13312,8;25084,8;0
11/02/2021;0;18,5;0,284336112;53,07720927;31874,4;25617,6;0
12/02/2021;0;16;0,199987883;53,21483542;25059,6;30096;0
13/02/2021;0;16,5;0,196494278;53,32493634;41994;36630;0
14/02/2021;0;15,5;0,173935976;53,43503726;20563,2;34938;0
15/02/2021;0;12,5;0,132240837;53,49008772;44521,2;27666;0
16/02/2021;0;11,5;0,143910375;53,57266341;27302,4;29581,2;0
17/02/2021;0;13;0,132598338;53,62771387;35640,8;37731,8;0
18/02/2021;0;12,5;0,116192964;53,6552391;39330;44604,4;0
19/02/2021;0;14;0,123200308;53,71028956;22483,2;41209,2;0
20/02/2021;0;14;0,10883447;53,73781479;33814,8;44150,4;0
21/02/2021;7,7;14;0,164745249;53,84791571;13111,2;39859,2;0
22/02/2021;0;11;0,102322468;53,90296617;12524,4;30560,4;0
23/02/2021;0;13,5;0,096025844;53,9304914;30002,4;32076;0
24/02/2021;0;13;0,110442507;53,98719476;17427,6;33796,8;0
25/02/2021;0;13,5;0,126785821;54,04389813;33958,8;33048;0
26/02/2021;0;11,5;0,029782355;54,01554645;24094,8;30405,6;0
27/02/2021;0;12,5;0,075402969;54,01554645;39416,4;31514,4;0
28/02/2021;5,9;13,5;0,107722159;54,07224981;16398;29026,8;0
01/03/2021;0;13;0,104172876;54,12895317;16689,6;28540,8;0
02/03/2021;2;14,5;0,060540233;54,10060149;34716,8;29077,2;0,020901
03/03/2021;2,7;14;0,07953275;54,12895317;15890,4;31932;0
04/03/2021;0;13;0,069749824;54,12895317;35096,4;30175,2;0
05/03/2021;0,7;14;0,077018367;54,15730486;20473,2;26233,6;0
06/03/2021;0;12;0,077332542;54,18565654;15696;30204;0
07/03/2021;0;13;0,073821701;54,21400822;12996;28551,6;0
08/03/2021;0;13;0,058110083;54,21400822;21888;30898,8;0
09/03/2021;10,8;12;0,086108632;54,2423599;18867,6;32443,2;0
10/03/2021;0;12;0,094695613;54,2423599;57960;31690,8;0
11/03/2021;0;13,5;0,055596418;54,2423599;19998;28872;0
12/03/2021;0;15,5;0,065682957;54,2423599;27028,8;29685,6;0
13/03/2021;0;17,5;0,071041099;54,2423599;26150,4;32839,2;0
14/03/2021;0;17;-0,004836635;54,12895317;61678,8;34016,4;0
15/03/2021;0;15,5;0,101217206;54,15730486;31201,2;33544,8;0
16/03/2021;0;15;0,065973973;54,15730486;25671,6;33022,8;0
17/03/2021;0;15,5;0,040918943;54,12895317;25295,2;34459,2;0
18/03/2021;9,5;15,5;0,087586115;54,10060149;68317,2;37548;0
19/03/2021;0;15;0,02931031;54,07224981;19800;28911,6;0
20/03/2021;0;14,5;0,056620492;54,07224981;18079,2;29311,2;0
21/03/2021;0;12,5;0,053443298;54,04389813;46933,2;25075,6;0
22/03/2021;0;14,5;0,037993097;54,01554645;28670,4;27612;0
23/03/2021;0;14,5;0,042368123;53,98719476;29840,4;30261,6;0
24/03/2021;0;17;0,045258824;53,9304914;57556,8;34074;0
25/03/2021;0;17,5;0,046507163;53,90296617;27010,8;36414;0
26/03/2021;0;16;0,038794079;53,84791571;51624;36082,8;0
27/03/2021;0;17;0,050849519;53,82039048;37562,4;32724;0
28/03/2021;0;15;0,027184232;53,79286525;21085,2;31114,8;0
29/03/2021;0;17;0,03475523;53,73781479;52426,8;29854,8;0
30/03/2021;0;18;0,049691894;53,71028956;33818,4;35319,6;0
31/03/2021;0;18;0,021145923;53,62771387;59680,8;34855,2;0
01/04/2021;0;18;0,044212813;53,60018864;31107,6;32004;0
02/04/2021;0;18,5;0,051906519;53,57266341;28969,2;32936,4;0
03/04/2021;0;20;0,038882206;53,49008772;73234,8;35437,2;0
04/04/2021;0;19;0,039794167;53,43503726;50907,6;33936,4;0
05/04/2021;0;14,5;0,005009358;53,40751203;3067,2;26134,8;0
06/04/2021;0;18,5;0,045833271;53,3799868;7826,4;35341,2;0,020196
07/04/2021;0;18,5;0,031072898;53,32493634;40716;37638;0
08/04/2021;1,3;13,5;0,039407018;53,24236065;85424,4;34340,4;0
09/04/2021;0,6;16;0,018297529;53,18731019;36802,8;31003,6;0
10/04/2021;0;17;0,040408568;53,15978496;30754,8;29700;0
11/04/2021;0;17;0,038292941;53,13225973;26074,8;31989,6;0
12/04/2021;0;18,5;0,039825412;53,07720927;52489,2;35744,4;0
13/04/2021;0;18,5;0,050402796;53,04968404;31348,8;36342;0
14/04/2021;9,4;14;0,030807988;53,02215881;21495,6;34624,8;0
15/04/2021;9,8;14;0,072233839;53,04968404;13924;29401,2;0
16/04/2021;8,6;13,5;0,108338746;53,1047345;28310,4;23040;0
17/04/2021;0;14,5;0,130039038;53,18731019;12877,2;28490,4;0
18/04/2021;0;16;0,049064865;53,18731019;11440,8;30420;0
19/04/2021;0;18;0,073734821;53,18731019;33890,4;30700,8;0
20/04/2021;0;20;0,048831165;53,15978496;30567,6;31384,8;0
21/04/2021;0;19,5;0,035833581;53,13225973;23821,2;31230;0
22/04/2021;0;19;0,058812769;53,13225973;21222;31221,6;0
23/04/2021;0;17;0,036473073;53,1047345;24789,6;31734;0
24/04/2021;4;16;0,058436662;53,1047345;20113,2;31125,6;0
25/04/2021;0;18;0,041476332;53,07720927;30153,6;29991,6;0
26/04/2021;3,9;18,5;0,068318711;53,07720927;23068,8;30304,8;0
27/04/2021;36,6;15;0,493333922;53,51761295;17767,6;29880;0
28/04/2021;1,6;17;0,223799916;53,6552391;51285,6;29876,4;0
29/04/2021;0;16,5;0,107513413;53,71028956;14382;30837,6;0
30/04/2021;0,6;14;0,108252449;53,76534002;16869,6;29642,4;0
01/05/2021;0;16,5;0,083917018;53,79286525;17726,4;29185,2;0
02/05/2021;0;17,5;0,053200402;53,76534002;37954,8;31899,6;0
03/05/2021;5,6;15,5;0,087138837;53,79286525;23317,2;32392,8;0
04/05/2021;0;17,5;0,08604473;53,79286525;21384;32281,2;0,023457
05/05/2021;0;19;0,067444734;53,79286525;24494,4;32076;0
06/05/2021;0;19,5;0,067112352;53,76534002;51008,4;32479,2;0
07/05/2021;0;21,5;0,04769392;53,73781479;33332,4;34920;0
08/05/2021;9;24;0,065523475;53,71028956;54860,4;35402,4;0
09/05/2021;0;18;0,050886076;53,71028956;14547,6;32716,8;0
10/05/2021;0;22;0,068647238;53,71028956;24789,6;33271,2;0
11/05/2021;0;18,5;0,04409552;53,6552391;47617,2;33987,6;0
12/05/2021;0;20,5;0,067776266;53,62771387;39528;34340,4;0
13/05/2021;0;24;0,031160068;53,54513818;57463,2;36248,4;0
14/05/2021;0;24,5;0,052937709;53,49008772;46274,4;40867,2;0
15/05/2021;0;25;0,036540248;53,40751203;66634,8;30541,6;0
16/05/2021;0;25;0,022878293;53,32493634;44031,6;37004,4;0
17/05/2021;0;25,5;0,045367135;53,24236065;72709,2;37767,6;0
18/05/2021;0;21,5;0,027314906;53,15978496;59154,4;37717,2;0
19/05/2021;0;23;0,040034578;53,1047345;45558;37069,2;0
20/05/2021;0;20;0,021968364;53,02215881;62150,4;35755,2;0
21/05/2021;0;21,5;0,021935184;52,93958312;57110,4;38833,2;0
22/05/2021;0;22,5;-0,00438888;52,8294822;56347,2;39427,2;0
23/05/2021;47,7;17,5;0,17014332;52,93958312;27180;29822,4;0
24/05/2021;0;20,5;0,085598911;52,93958312;43178,4;31089,6;0
25/05/2021;0;21;0,044797946;52,91205789;20458,8;37497,6;0
26/05/2021;0;20,5;0,021284843;52,85700743;25167,6;41227,2;0
27/05/2021;11,8;17;0,065520751;52,85700743;35409,6;28454,4;0
28/05/2021;0;20;0,051294028;52,85700743;13730,4;29556;0
29/05/2021;0;22;0,065724329;52,85700743;19998;34405,2;0
30/05/2021;0;22;0,018998155;52,80195697;31294,8;34750,8;0
31/05/2021;0;22,5;0,040571706;52,77443174;25598,4;35049,6;0
01/06/2021;0;22;0,005706155;52,71938128;20178;32749,2;0,021844
02/06/2021;0;22,5;0,019998242;52,63680559;52617,6;35906,4;0
03/06/2021;0;19,5;0,043683013;52,60928036;32097,6;31950;0
04/06/2021;0;22;0,011931833;52,52670467;54914,4;31338;0
05/06/2021;0;22,5;0,041314889;52,49917944;26103,6;33933,6;0
06/06/2021;0;22,5;0,036380834;52,44412898;48578,4;33505,2;0
07/06/2021;0;24,5;0,035397444;52,36155329;66099,6;36216;0
08/06/2021;0;25,5;0,036208365;52,2789776;61776,3;40266;0
09/06/2021;0;26,5;0,011676471;52,16887668;69526,8;37447,2;0
10/06/2021;0;26;0,030143211;52,08630099;59493,6;37339,2;0
11/06/2021;0;26;0,02967317;51,97620007;87370;37083,6;0
12/06/2021;0;26;0,01873728;51,86609915;76513,8;36475,2;0
13/06/2021;0;25,5;0,018482805;51,75599823;67528,8;44132,4;0
14/06/2021;0;27;0,025216385;51,64589731;75549,6;41774,4;0
15/06/2021;0;27;0,004367636;51,53579639;58658,4;39744;0
16/06/2021;3,9;25,5;0,014922067;51,42569547;70340,4;38635,2;0
17/06/2021;0;22;0,028312465;51,34311978;60361,2;35852,4;0
18/06/2021;0;23;0,010444796;51,23301886;73335,6;36352,8;0
19/06/2021;0;23;0,001735843;51,12453862;58338;40762,8;0
20/06/2021;0;24,5;0,028466656;51,04439394;54478,8;40590;0
21/06/2021;0;25,5;0,007049747;50,91081948;77324,4;37609,2;0
22/06/2021;0;26,5;0,006905097;50,77724502;81194,4;36604,8;0
23/06/2021;0;24,5;0,030365436;50,67038545;77335,2;42631,2;0
24/06/2021;0;24,5;0,022919387;50,56352588;70687,2;42662,8;0
25/06/2021;0;25,5;0,009100871;50,42995142;84650,4;42159,6;0
26/06/2021;0;25,5;0,01041071;50,29637696;80762,4;44697,6;0
27/06/2021;0;25;0,029343663;50,1895174;69796,8;45223,2;0
28/06/2021;0;27;0,004571923;50,05594294;57243,6;45831,6;0
29/06/2021;0;27;0,005229573;49,92236848;82098;39866,4;0
30/06/2021;0;25,5;0,010416003;49,78879402;93848,4;35197,2;0
01/07/2021;0;26;0,017804506;49,65521956;94618,8;42904,8;0
02/07/2021;0;27,5;0,008557695;49,4949302;105343,2;44622;0
03/07/2021;0;29;0,019210645;49,33464085;107132,4;48744;0
04/07/2021;0;29,5;0,006288727;49,1743515;93207,6;47937,6;0
05/07/2021;0;29;0,035772352;49,01406215;117525,6;47599,2;0
06/07/2021;0;30;0,016227599;48,8270579;113439,6;53200,8;0,000975
07/07/2021;0;29;-0,009941643;48,64005366;102476,4;47473,2;0
08/07/2021;0;28,5;-0,266504841;48,19617462;104446,8;43610,4;0
09/07/2021;0;27,5;0,261530213;48,27375077;109389,6;44694;0
10/07/2021;0;30;0,073545459;48,17031591;98607,6;49327,2;0
11/07/2021;0;27,5;0,028958613;48,01516362;105609,6;50036,4;0
12/07/2021;0;31,5;0,004004742;47,8082939;128023,2;50295,6;0
13/07/2021;0;26,5;0,012151941;47,65314161;103179,6;49309,2;0
14/07/2021;0;26,5;-0,011945239;47,4721306;104781,6;50428,8;0
15/07/2021;0;26;0,0306953;47,34283703;95097,8;48841,2;0
16/07/2021;0;26;0,006490668;47,18768474;96706,8;47368,8;0
17/07/2021;0;27;0,012343225;47,03253245;101631,6;41371,2;0
18/07/2021;0;30,5;0,003469329;46,87738016;96289,2;45608,4;0
19/07/2021;0;26;0,006184506;46,72222787;97599,6;48074,4;0
20/07/2021;0;27,5;-0,017571816;46,54121686;96480;49028,4;0
21/07/2021;0;28;0,020400433;46,38606457;100137,6;54709,2;0
22/07/2021;0;29;-0,001537296;46,23091228;83959,2;54349,6;0
23/07/2021;0;33;0,033571844;46,07575999;100882,8;55000,8;0
24/07/2021;0;32,5;-0,046259788;45,84569249;102679,2;53719,2;0
25/07/2021;0;31,5;0,050448334;45,7208338;96940,8;57084,6;0
26/07/2021;0;30;0,011170925;45,54603165;112618,8;55915,2;0
27/07/2021;0;27,5;0,008600511;45,39620122;89694;53604;0
28/07/2021;0;28;-0,010111561;45,22139906;100004,4;49590;0
29/07/2021;0;28;0,008672946;45,07156864;94881,6;51570;0
30/07/2021;0;28;-0,067661408;44,82185127;104590,8;53946;0
31/07/2021;0;29;0,090606857;44,72196432;112611,6;55645,2;0
01/08/2021;0;28,5;-0,010374529;44,54716217;84499,2;58244,4;0
02/08/2021;0;28,5;0,011076769;44,37236001;108072;58165,2;0
03/08/2021;0;26,5;-0,006478795;44,19755785;99797,2;54637,2;0
04/08/2021;0;28;0,024286571;44,04772743;99104,4;55213,2;0
05/08/2021;0;31,5;0,015963156;43,897897;87066;58723,2;0
06/08/2021;0;31,5;-0,001330844;43,72309484;91987,2;57834;0
07/08/2021;0;33;0,008912038;43,54829269;103215,6;55432,8;0
08/08/2021;0;31,5;-0,086361034;43,30286119;79300,8;57974,4;0
09/08/2021;0;28;0,09604749;43,2305175;100029,6;59065,2;0
10/08/2021;0;28,5;0,006039617;43,08583012;80654,4;58842;0
11/08/2021;0;29;-0,077183002;42,84468449;96292,8;55990,8;0
12/08/2021;0;30,5;0,099256014;42,7723408;98755,2;58017,6;0
13/08/2021;0;28;0,021703644;42,62765342;92746,8;61030,8;0
14/08/2021;0;26,5;-0,00486708;42,45885148;88534,8;63784,8;0
15/08/2021;0;29;0,018962776;42,3141641;89146,8;61221,6;0
16/08/2021;0;28;-0,004766364;42,14536216;98380;52887,6;0
17/08/2021;0;30;0,001461597;41,97656022;96120;58762,8;0
18/08/2021;0;28,5;0,010469373;41,83187284;82562,4;58204,8;0
19/08/2021;0;30;-0,004036543;41,68718546;78217,2;52621,2;0
20/08/2021;0;27;0,020804249;41,56661265;75132;55494;0
21/08/2021;0;28;0,001312425;41,42192527;83286;52700,4;0
22/08/2021;0;28,5;-0,030617115;41,25312333;70607,1;58064,4;0
23/08/2021;0;27,5;0,025771871;41,10843595;106012,8;57326,4;0
24/08/2021;0,4;28;0,000235056;40,96535175;78793,2;57657,6;0
25/08/2021;0,3;27,5;-0,000500695;40,8254739;80042,4;48225,6;0
26/08/2021;0;26,5;0,006035154;40,68559605;84636;52549,2;0
27/08/2021;0;27;-0,047464201;40,47577928;92185,2;59349,6;0
28/08/2021;0;27;0,053957018;40,3592144;95299,2;58554;0
29/08/2021;0;27;-0,0026382;40,19602358;82195,2;58683,6;0
30/08/2021;0;26;-0,158578661;39,86964193;99039,6;56642,4;0
31/08/2021;0;28,5;0,17764388;39,8929549;94672,8;49165,2;0
01/09/2021;0;27;0,021155759;39,77639003;73418,4;54525,6;0
02/09/2021;0;27;-0,159638067;39,45000838;100360,8;52714,8;0
03/09/2021;0;26,5;0,155193158;39,45000838;91911,6;51235,2;0
04/09/2021;0;26,5;0,006262597;39,28681755;103442,4;55149,2;0
05/09/2021;0;27;-0,264904715;38,867184;85845,6;57859,2;0
06/09/2021;0;27,5;0,258832648;38,98374888;76532,4;55382,4;0
07/09/2021;0;28,5;0,006706524;38,84387103;63338,4;47710,8;0,0201528
08/09/2021;0;28,5;-0,003921488;38,70399318;67842;46807,2;0
09/09/2021;0;27,5;0,00138013;38,5230365;108687,6;51944,4;0
10/09/2021;0;26,5;0,010646486;38,36539281;94046,4;57834;0
11/09/2021;0;27;0,005696711;38,20774911;94420,8;56642,4;0
12/09/2021;0;28;0,014377594;38,07262594;82713,6;56350,8;0
13/09/2021;1,3;26,5;-0,013162029;37,91498225;84798;54252;0
14/09/2021;4,6;24,5;-0,063943027;37,75733855;51470,4;37940,8;0
15/09/2021;1,2;24,5;0,090920408;37,73481802;62254,8;44190;0
16/09/2021;0;24,5;0,020436222;37,64473591;53515,8;46861,2;0
17/09/2021;0;24,5;0,00046853;37,48709222;102387,6;45608,4;0
18/09/2021;0;26;-0,00803746;37,32944852;88027,2;49021,2;0
19/09/2021;0;26,5;0,017271993;37,21684588;66798;52779,6;0
20/09/2021;0;25;0,003721073;37,08172271;81417,6;48715,2;0
21/09/2021;0;23,5;0,009064226;36,96912007;75679,2;40190,4;0
22/09/2021;0;24,5;-0,002166217;36,8339969;84877,2;42962,4;0
23/09/2021;0;24,5;-0,003577296;36,69887374;78044,4;43732,8;0
24/09/2021;0;24,5;0,018957662;36,5862711;75441,6;46810,8;0
25/09/2021;0;24,5;-0,059330308;36,38517705;84902,4;47804,4;0
26/09/2021;0;24;0,027894515;36,27655116;76622,4;49975,2;0
27/09/2021;0;24;0,055288545;36,16792528;98596,8;55852,8;0
28/09/2021;0;23,5;0,021563341;36,03757421;90446,4;52462,8;0
29/09/2021;0;24;-0,004778594;35,88549798;92559,6;47070;0
30/09/2021;0;24,5;-0,010769913;35,73342174;89823,6;43178,4;0
01/10/2021;0;24,5;-0,012322961;35,5813455;79142,4;51455,6;0
02/10/2021;0;24,5;0,028536453;35,47271961;74264,4;54194,4;0
03/10/2021;2,7;23;0,021239091;35,36409373;61322,4;60289,2;0
04/10/2021;0;20,5;-0,013050959;35,21201749;73440;56919,6;0
05/10/2021;0;21;0,009047458;35,08166643;75654;33879,6;0,021002
06/10/2021;0;22,5;0,005943543;34,97304054;80780,4;25589,6;0
07/10/2021;0;22,5;-0,002745183;34,86441466;73959,6;24382,8;0
08/10/2021;0;24,5;0,014304829;34,75578877;75380,4;40240,8;0
09/10/2021;0;24;-0,003302775;34,62543771;64879,2;55519,2;0
10/10/2021;0;23,5;0,003850059;34,51681182;54993,6;51058,8;0
11/10/2021;0;22;-0,005769225;34,38646076;70981,2;46764;0
12/10/2021;0;24,5;0,00167673;34,27783488;60188,4;44143,2;0
13/10/2021;0;21,5;0,008106737;34,17232791;64414,8;43664,4;0
14/10/2021;0;20,5;-0,009338466;34,04665523;59310;49590;0
15/10/2021;0;20,5;-0,025107868;33,9000371;62380,8;51714;0
16/10/2021;0;21;0,010990817;33,79530987;61498,8;48297,6;0
17/10/2021;0;21;0,016310946;33,71152808;48207,6;46605,6;0
18/10/2021;0;22;0,013398323;33,60680084;66409,2;45392,4;0
19/10/2021;0;21,5;-0,011364999;33,48112816;60469,2;48580;0
20/10/2021;0;21;-0,009197202;33,35545548;60879,6;49089,6;0
21/10/2021;0;20,5;-0,011421716;33,2297828;57884,4;48618;0
22/10/2021;0;21;0,014497979;33,12505556;63878,4;48657,6;0
23/10/2021;0;19,5;0,006746021;33,02032833;58348,8;46864,8;0
24/10/2021;0;20;-0,003008644;32,91560109;44733,6;50112;0
25/10/2021;0;19;0,004888959;32,81087386;57020,4;48438;0
26/10/2021;0;19;0,018445799;32,72709207;50014,8;47023,2;0
27/10/2021;0,6;19,5;-0,003705621;32,62236483;50875,2;46209,6;0
28/10/2021;0;19;0,014254481;32,53858305;46026;47044,8;0
29/10/2021;0;20;0,000584309;32,45480126;30682,8;48312;0
30/10/2021;0;18,5;-0,00535716;32,37101947;27669,6;44154;0
31/10/2021;2,1;20;0,011064993;32,28723768;40334,4;47509,2;0
01/11/2021;1,1;20,5;-0,007695895;32,18251045;40572;48646,8;0
02/11/2021;0;19,5;0,018188594;32,06060066;59302,8;49435,2;0,022744
03/11/2021;0;14;0,011283907;31,95963633;60458,4;42984;0
04/11/2021;0;14,5;-0,003215069;31,85867199;42764,4;47012,4;0
05/11/2021;0;14;-0,019641879;31,71732193;67964,4;46810,8;0
06/11/2021;0;15,5;0,012934439;31,61635759;58647,6;47516,4;0
07/11/2021;0;15,5;0,006449158;31,53558612;31572;50364;0
08/11/2021;0;15,5;-0,056048415;31,37404319;46958,4;53064;0
09/11/2021;0;16;0,056350548;31,33365745;37811,6;52646,4;0
10/11/2021;0;15;-0,016170665;31,21250025;46720,8;52405,2;0
11/11/2021;0;16,5;0,044530444;31,13172878;69915,6;51350,4;0
12/11/2021;0;15;-0,022311449;30,97018585;85266;49136,4;0
13/11/2021;0;16;0,045026625;30,90960725;48744;51836,4;0
14/11/2021;0;17;0,024144224;30,84902865;26431,2;52268,4;0
15/11/2021;0;15,5;-0,023454468;30,70767858;58284;51400,8;0
16/11/2021;0;15;-0,055671261;30,54613564;50245,2;51433,2;0
17/11/2021;0;15;0,060062341;30,50574991;45237,6;51818,4;0
18/11/2021;0;15,5;-0,061115985;30,34420697;45979,2;52657,2;0
19/11/2021;0;15;0,082326782;30,3240141;47358;52974;0
20/11/2021;0,7;15;-0,063117671;30,18266403;21092,4;54759,6;0
21/11/2021;1,4;15,5;0,093050831;30,18266403;33613,2;57255,6;0
22/11/2021;0,9;15,5;-0,059091551;30,04496698;22978,8;49690,8;0
23/11/2021;0;12;0,045996087;30,00604245;26989,2;52988,4;0
24/11/2021;0;11,5;-0,062581782;29,85034434;42969,6;44823,7;0
25/11/2021;1,1;12;0,049332813;29,81141981;37551,6;46371,6;0
26/11/2021;0;11;-0,003411644;29,71410849;40248;46965,6;0
27/11/2021;0;10;0,073044539;29,69464623;38127,6;49071,6;0
28/11/2021;0;10,5;-0,020055754;29,57787264;35769,6;54867,6;0
29/11/2021;0;12,5;0,025196709;29,50002359;53848,8;42537,6;0
30/11/2021;0;13;0,009153549;29,4416368;29336,4;35269,2;0
01/12/2021;0;12;-0,006871;29,344325;47430;38127,6;0
02/12/2021;0;12;0,007096;29,266476;38512,8;39607,2;0
03/12/2021;0;13;-0,011338;29,169165;37638;41133,6;0
04/12/2021;0;15;-0,004269;29,071854;45201,6;41234,4;0
05/12/2021;0;13,5;-0,109535;28,896693;23931,6;35690,4;0
06/12/2021;0;13,5;-0,020868;28,799382;32472;36626,4;0
07/12/2021;0;13;0,116885;28,818844;48290,4;41011,2;0
08/12/2021;0;13,5;-0,101769;28,643684;27882;39535,2;0
09/12/2021;0;12,5;0,111407;28,643684;47469,6;38833,2;0,01913
10/12/2021;0;15;0,014143;28,565835;45626,4;39438;0
11/12/2021;0;16;-0,012678;28,468524;36975,6;38822,4;0
12/12/2021;0;13;-0,126386;28,273901;29034;37288,8;0
13/12/2021;0;12;0,141385;28,332288;41554,8;38761,2;0
14/12/2021;0;11,5;-0,099837;28,158642;30812,4;41277,6;0
15/12/2021;0;13;0,009145;28,083822;43628,4;38430;0
16/12/2021;0;13,5;0,108823;28,121232;30873,6;38440,8;0
17/12/2021;0;13,5;0,011307;28,046412;46702,8;37519,2;0
18/12/2021;0;14,5;0,003983;27,971593;39520,8;36810;0
19/12/2021;0;14,5;0,004323187;27,91547779;21996;35784;0
20/12/2021;0;12;-0,009320325;27,84065802;28807,2;35744,4;0
21/12/2021;1,6;15;0,060638111;27,84065802;20959,2;37972,8;0
22/12/2021;0,5;14;-0,040991194;27,74713332;15152,4;36813,6;0
23/12/2021;7,3;13;0,065781851;27,74713332;30034,8;34801,2;0
24/12/2021;9;12;0,049097481;27,74713332;13989,6;34351,2;0
25/12/2021;10,7;14;0,046797154;27,74713332;10137,6;33822;0
26/12/2021;0;15;0,001130876;27,69101849;19540,8;33548,4;0
27/12/2021;0;19;0,03068127;27,67231355;10584;33703,2;0
28/12/2021;0;16,5;0,018808007;27,63490367;12153,6;35384,4;0
29/12/2021;0;16,5;-0,001153893;27,57878885;15116,4;36640,8;0
30/12/2021;0;15,5;0,036784262;27,56008391;15636,4;36838,8;0
31/12/2021;0;14;-0,00067093;27,50396908;18630;35308,8;0
01/01/2022;0;12,5;0,012677206;27,4665592;10810,8;38336,4;0
02/01/2022;0;11,5;-0,004488666;27,41044438;15040,8;35834,4;0
03/01/2022;0;11;0,039373476;27,39173944;21294;35470,8;0
04/01/2022;0;13;-0,012126905;27,29821473;20559,6;35607,6;0,0198
05/01/2022;2,6;11;0,026260894;27,26080485;22208,4;36784,8;0
06/01/2022;0;12;0,019914487;27,22339497;16743,6;36468;0
07/01/2022;0;13,5;0,025244943;27,18598509;21499,2;36486;0
08/01/2022;0;18;0,010632479;27,12987026;25700,4;35823,6;0
09/01/2022;0;18;0,007995187;27,07375544;21610,8;35233,2;0
10/01/2022;0;18;-0,018415274;26,98023074;28440;37188;0
11/01/2022;0;14,5;0,028894832;26,94282085;24811,2;39636;0
12/01/2022;0;10,5;-0,014079931;26,86800109;22341,9;36543,6;0
13/01/2022;0;10,5;0,00515353;26,81188627;23234,4;36367,2;0
14/01/2022;0;11;0,012766604;26,7370665;49532,4;36205,2;0
15/01/2022;0;11,5;0,027131113;26,69965662;27340,7;35168,4;0
16/01/2022;0;10,5;-0,018358166;26,62483686;20023,2;34963,2;0
17/01/2022;0;10,5;-0,029799879;26,53131215;25808,4;35708,4;0
18/01/2022;0;10;0,044327731;26,51260721;22903,2;37922,4;0
19/01/2022;0;10;-0,011628899;26,43778745;22903,2;37717,2;0
20/01/2022;0;11;-0,012230952;26,36296768;23562;36460,8;0
21/01/2022;0;10;-0,010216908;26,28965377;23986,8;36914,4;0
22/01/2022;0;11;0,025183205;26,25374974;22557,6;36518,4;0
23/01/2022;0;11;0,003628814;26,1998937;19414,8;36061,2;0
24/01/2022;0;10,5;0,019430394;26,14603766;36489,6;35884,8;0
25/01/2022;0,1;12,5;-0,004668467;26,0742296;29167,2;36151,2;0
26/01/2022;0;12,5;-0,011383579;26,00242155;22590;36198;0
27/01/2022;0;11,5;0,011381769;25,93061349;43365,6;38008,8;0
28/01/2022;0;13;0,007114128;25,87675745;20656,8;37774,8;0
29/01/2022;0;13,5;0,015326632;25,80494939;45514,4;38361,6;0
30/01/2022;0;13,5;0,001552145;25,73314134;28602;39697,2;0
31/01/2022;0;15,5;-0,010200361;25,62542925;47278,8;40856,4;0
01/02/2022;0;13,5;0,025574003;25,57157321;25988,4;47714,8;0,000684
02/02/2022;0;14,5;0,009828465;25,51771717;23565,6;35262;0
03/02/2022;0;17,5;0,01437663;25,46386113;24930;38451,6;0
04/02/2022;0;17,5;-0,003373128;25,39205307;25380;38570,4;0
05/02/2022;0;17;0,015697778;25,33819703;24555,6;39981,6;0
06/02/2022;0;16;0,013300275;25,28434099;19454,4;42512,4;0
07/02/2022;0;13,5;-0,001214982;25,21253293;26136;40705,2;0
08/02/2022;0;12;0,007975586;25,14072488;39859,2;37605,6;0
09/02/2022;0;13;0,027395283;25,10482085;22910,4;37180,8;0
10/02/2022;0;12,5;-0,007854413;25,03301279;23079,8;38026,8;0
11/02/2022;0;12;0,008905571;24,97915675;22759,2;37692;0
12/02/2022;0;13;0,009026545;24,92530071;23497,2;37432,8;0
13/02/2022;0;12,5;0,004796843;24,87144467;19486,8;36684;0
14/02/2022;0;14;0,010286516;24,79963661;24793,2;48805,2;0
15/02/2022;0;15;0,010020183;24,72782855;24598,8;51044,4;0
16/02/2022;0;17,5;-0,003866414;24,62011647;42789,6;50302,8;0
17/02/2022;0;16,5;0,027478502;24,56626043;27860,4;47311,8;0
18/02/2022;0;16,5;-0,006134781;24,47863573;25603,2;50439,6;0
19/02/2022;0;16,5;0,002610537;24,40967483;22982,4;43326;0
20/02/2022;3,5;16,5;0,024469087;24,37519438;16207,2;36957,6;0
21/02/2022;0;14;0,03559555;24,34071393;25088,4;38682;0
22/02/2022;0;15,5;0,01277349;24,27175303;39906;37281,6;0
23/02/2022;0;14,5;0,015066406;24,22003235;21830,4;40590;0
24/02/2022;3,8;15;-0,009989088;24,15107145;18306;37875,6;0
25/02/2022;0,8;15;0,021248383;24,116591;15462;38001,6;0
26/02/2022;0;14;0,011381601;24,06487033;27586,8;34297,2;0
27/02/2022;0,3;15;0,032256549;24,03038988;30294;34704;0
28/02/2022;0;10;0,009472904;23,9786692;22305,6;36630;0
01/03/2022;0;13,5;-0,016041908;23,87522785;47214;36720;0
02/03/2022;0;14;0,012796399;23,82350718;20775,6;38030,4;0
03/03/2022;2,3;15;0,028599467;23,78902673;22003,2;35024,4;0
04/03/2022;0;14;0,001171005;23,73730605;19674;28554,4;0
05/03/2022;0;13,5;0,009347421;23,68558538;18925,2;38692,8;0
06/03/2022;6,6;13;0,000642383;23,61662448;32929,2;34779,6;0
07/03/2022;1,9;11;0,05177118;23,61662448;18136,8;32428,8;0
08/03/2022;0;12;-0,031114262;23,53042335;18950,4;32302,8;0,000568
09/03/2022;0;13,5;0,026772187;23,4959429;20667,6;36291,6;0
10/03/2022;0;13,5;-0,004743897;23,426982;18147,6;41954,4;0
11/03/2022;7,2;13;0,058537052;23,426982;17269,2;38181,6;0
12/03/2022;0;13,5;-0,001908573;23,3580211;28836;34279,2;0
13/03/2022;22,2;15;0,045495712;23,3580211;9432;33667,2;0
14/03/2022;26,7;11,5;0,353835011;23,66834515;8827,2;31924,8;0
15/03/2022;66,5;14;1,334590558;24,96120474;8110;31666,8;0
16/03/2022;2,7;13;1,352353159;26,27170176;6138;33523,2;0
17/03/2022;0;16;0,249054061;26,47519733;8013,6;32950,8;0
18/03/2022;10,5;16,5;0,204900318;26,62483686;9554,4;38883,6;0
19/03/2022;0;17;0,094461178;26,66224674;6883,2;40755,6;0
20/03/2022;8;15,5;0,105161492;26,71836156;3226;36950,4;0
21/03/2022;0;13,5;0,082957601;26,75577144;8272,8;35240,4;0
22/03/2022;3,9;15,5;0,07474895;26,77447638;7768,8;45129,6;0
23/03/2022;4,8;16;0,115750933;26,84929615;8582,4;29012,4;0
24/03/2022;9,7;15,5;0,146957267;26,94282085;22827,6;28933,2;0
25/03/2022;8,9;15;0,603627733;27,50396908;7088,4;33321,6;0
26/03/2022;0;14,5;0,255266854;27,70972343;6517,5;39592,8;0
27/03/2022;0;15,5;0,145904205;27,80324814;4208,4;41731,2;0
28/03/2022;1,5;15;0,115294212;27,85936296;16358,4;42062,4;0
29/03/2022;2,4;16;0,102918578;27,89677284;22896;39765,6;0
30/03/2022;1,8;13,5;0,135428799;27,99029755;4291,2;33048;0
31/03/2022;9,2;14,5;0,294510235;28,23497643;9298,8;35560,8;0
01/04/2022;0;14,5;0,221670908;28,39067454;25355;35247,6;0
02/04/2022;0;14,5;0,121545887;28,4685236;6210;31532,4;0
03/04/2022;0;13;0,139881292;28,56583492;4842;31377,6;0
04/04/2022;3,3;12;0,102392039;28,62422171;9313,2;32187,6;0
05/04/2022;3;13;0,111325298;28,66314624;22881,6;35622;0,013126
06/04/2022;0,7;12;0,097220585;28,72153303;2836,8;30592,8;0
07/04/2022;0;18;0,093682512;28,76045756;9043,2;34898,4;0
08/04/2022;0;19;0,109915433;28,79938208;24757,2;35989,2;0
09/04/2022;0;19;0,040231529;28,77991982;13770;36842,4;0
10/04/2022;0;19;0,069411444;28,79938208;5349,6;36288;0
11/04/2022;0;16;0,051220516;28,77991982;30560,4;36644,4;0
12/04/2022;2,6;17;0,109090277;28,83830661;8964;36903,6;0
13/04/2022;0;19,5;0,036259699;28,81884435;6706,8;39153,6;0
14/04/2022;1,1;18;0,065068238;28,79938208;34912,8;41886;0
15/04/2022;0;19;0,031109676;28,77991982;8334,8;35474,4;0
16/04/2022;0;22,5;0,060957123;28,76045756;32637,6;39283,2;0
17/04/2022;0;22,5;0,040854451;28,74099529;13190,4;37472,4;0
18/04/2022;0;20,5;0,028697248;28,6826085;41014,8;37756,8;0
19/04/2022;0;17;0,033729482;28,66314624;12786,9;31150,8;0
20/04/2022;0,4;11;0,021223132;28,60475944;33512,4;41860,8;0
21/04/2022;0;16;0,046763617;28,58529718;14565,6;41072,4;0
22/04/2022;15,7;13,5;0,103580968;28,64368397;7941,6;34747,2;0
23/04/2022;2,7;12;0,13940478;28,72153303;24721,2;33360,4;0
24/04/2022;0;16;0,06341056;28,74099529;6177,6;35067,6;0
25/04/2022;0;17;0,080815254;28,76045756;11883,6;42516;0
26/04/2022;0;16;0,045073702;28,74099529;9950,4;50724;0
27/04/2022;0;16,5;0,081282758;28,76045756;8089,2;49482;0
28/04/2022;2,5;15;0,087885883;28,79938208;10077,2;37724,4;0
29/04/2022;0;16,5;0,10813089;28,85776888;8978,4;35154;0
30/04/2022;0;18,5;0,037766987;28,83830661;7776;41522,4;0
01/05/2022;0;19,5;0,056793324;28,83830661;9028,8;36158,4;0
02/05/2022;0;20,5;0,085209609;28,85776888;13716;36550,8;0
03/05/2022;14,3;17,5;0,134793993;28,93561793;10832,4;38710,8;0,000619
04/05/2022;3;15;0,198408006;29,09131604;7675,2;32313,6;0
05/05/2022;0;18;0,074237428;29,11077831;20001,6;28357,2;0
06/05/2022;0;19;0,04566007;29,11077831;13179,6;25480,8;0
07/05/2022;0;19;0,073477545;29,13024057;13554;32292;0
08/05/2022;0;20;0,076308504;29,14970284;11707,2;34826,4;0
09/05/2022;0;22;0,046388418;29,14970284;1447,2;34434;0
10/05/2022;0;21;0,046287618;29,14970284;1202,4;34578;0
11/05/2022;0;21;0,014872001;29,11077831;7344;36925,2;0
12/05/2022;0;20,5;0,035954877;29,07185378;27151,2;40150,8;0
13/05/2022;0;21,5;0,038713355;29,03292925;25754,4;43729,2;0
14/05/2022;0;22,5;0,03831541;28,99400472;24660;42879,6;0
15/05/2022;0;23;0,035901707;28,9550802;23198,4;39996;0
16/05/2022;0;24;0,034191694;28,91615567;17888,4;43992;0
17/05/2022;0;25;0,048387915;28,8966934;12764,8;43466,4;0
18/05/2022;0;25;0,030875361;28,85776888;18500,4;40269,6;0
19/05/2022;0;25,5;-0,010955711;28,72153303;71748;44074,8;0
20/05/2022;0;25;0,039580482;28,6826085;18741,6;50698,8;0
21/05/2022;0;25,5;0,012763597;28,60475944;22046,4;58359,6;0
22/05/2022;0;26;0,026315818;28,54637265;15919,2;57049,2;0
23/05/2022;0;28,5;-0,020240647;28,42959907;24901,2;54165,6;0
24/05/2022;0;25,5;0,037168552;28,37121228;20048,4;54417,6;0
25/05/2022;0;20,5;-0,006491888;28,27390096;24292,8;56001,6;0
26/05/2022;0;21;0,008290435;28,1960519;21326,4;55832,4;0
27/05/2022;0;21,5;0,011398606;28,08382225;58978,8;57978,4;0
28/05/2022;0;21;0,010452339;28,00900249;23338,8;56224,8;0
29/05/2022;0;24;0,006166571;27,93418273;21870;54367,2;0
30/05/2022;0;26,5;0,016020441;27,85936296;24886,8;55522,8;0
31/05/2022;0;27;0,018435935;27,7845432;23936,4;55119,6;0
01/06/2022;0;26,5;-0,062683777;27,69101849;40503,6;52120,8;0
02/06/2022;0;26;0,025573332;27,63490367;21438;50626,8;0
03/06/2022;0;25,5;-0,013370826;27,52267402;28792,8;58208,4;0
04/06/2022;0;26,5;0,009261832;27,41044438;48758,4;59403,6;0
05/06/2022;0;26;0,023658586;27,33562461;26442;56480,4;0
06/06/2022;0;26,5;0,027503546;27,26080485;32680,8;56732,4;0
07/06/2022;0;27;0,002972067;27,12987026;44917,2;57103,2;0,018828
08/06/2022;0;31,5;0,017226312;27,03634556;29826;57656,4;0
09/06/2022;0;29;0,011944617;26,92411591;52999,2;57064;0
10/06/2022;0;27,5;0,008668572;26,83059121;28702,8;60336;0
11/06/2022;0;27,5;0,023364795;26,75577144;29559,6;56602,8;0
12/06/2022;0;27;-0,007129828;26,66224674;22604,4;51609,6;0
13/06/2022;0;28,5;0,008281672;26,55001709;54460,8;53164,8;0
14/06/2022;0;29,5;-0,012720178;26,41908251;44449,2;59083,2;0
15/06/2022;0;30,5;0,011417932;26,3255578;30992,4;62413,2;0
16/06/2022;0;30;0,011703233;26,21784572;46994,4;61459,2;0
17/06/2022;0;29,5;0,031588034;26,14603766;29617,2;61192,8;0
18/06/2022;0;29,5;-0,022402785;26,02037356;27421,2;61833,6;0
19/06/2022;0;29,5;0,043175482;25,96651752;26899,2;56869,2;0
20/06/2022;0;27;-0,001279195;25,84085342;56779,2;56372,4;0
21/06/2022;0;24;-0,001944164;25,75109335;23652;58377,6;0
22/06/2022;0;25;-0,009266921;25,64338127;26751,6;56901,6;0
23/06/2022;0;27,5;0,015799794;25,53566918;48124,8;57931,2;0
24/06/2022;0;26,5;-0,001386089;25,4279571;31644;58345,2;0
25/06/2022;0;28;0,003851809;25,33819703;22788;57924;0
26/06/2022;0;28,5;0,004015464;25,23048495;39265,2;57448,8;0
27/06/2022;0;25,5;0,001061563;25,12277286;32539,8;56620,8;0
28/06/2022;0;26;-0,015864681;25,01506078;25891,2;57596,4;0
29/06/2022;0;26;0,019805962;24,94325272;18345,6;62791,2;0
30/06/2022;0;26,5;0,002542392;24,85349265;21747,6;59212,8;0
01/07/2022;0;26,5;-0,729355431;24,03132252;24238,8;58147,2;0
02/07/2022;0;27;0,046136224;23,97921764;29635,2;58017,6;0
03/07/2022;0;27,5;0,008286636;23,89253513;28465,2;56631,6;0
04/07/2022;0;28,5;-0,00922347;23,77147046;41184,8;59432,4;0
05/07/2022;0;30;-0,002514463;23,66799492;32418;59587,2;0
06/07/2022;0;28,5;0,023610351;23,59916011;21794,4;60850,8;0
07/07/2022;0;28,5;0,011981606;23,49615391;40240,8;63943,2;0
08/07/2022;0;27,5;0,006524425;23,39339436;32688;63766,8;0
09/07/2022;0;29;0,019895149;23,30795675;28396,8;62938,8;0
10/07/2022;0;28;0,011258142;23,22269137;23169,6;60919,2;0
11/07/2022;0;28;0,018871205;23,13760192;32734,8;59497,2;0
12/07/2022;0;28,5;0,014541027;23,05270782;26344,8;61725,6;0
13/07/2022;0;30;0,013587209;22,96799625;26424;60703,2;0
14/07/2022;0;30;-0,001977934;22,8496741;45986,4;58374;0
15/07/2022;0;30;0,000150516;22,7485235;25488;65224,8;0
16/07/2022;0;31;0,002097727;22,64761146;25203,6;64368;0
17/07/2022;0;30;0,03023047;22,5804826;18903,6;67219,2;0
18/07/2022;0;29,5;0,004808002;22,47998241;28346,3;65919,6;0
19/07/2022;0;29,5;0,018411005;22,39641733;23576,4;66711,6;0
20/07/2022;0;29,5;0,000612321;22,29634856;23479,2;66708;0
21/07/2022;0;28,5;-0,001410633;22,19652596;23036,4;64076,4;0
22/07/2022;0;29,5;0,025706661;22,09695122;46598,8;66250,8;0
23/07/2022;0;29;0,028014055;22,01416046;32857,2;65210,4;0
24/07/2022;0;30,5;-0,019246496;21,89854474;19573,2;63435,6;0
25/07/2022;0;32,5;0,025090011;21,816159;29268;63064,8;0
26/07/2022;0;32,5;0,009181233;21,70108913;45918;65858,4;0
27/07/2022;0;29;0,004103712;21,60271971;27129,6;64702,8;0
28/07/2022;0;29,5;0,002838201;21,48830409;38664;67327,2;0
29/07/2022;0;30,5;0,024173577;21,40677391;26125,2;67849,2;0
30/07/2022;0;29,5;0,000787782;21,30913581;24812,4;61261,2;0
31/07/2022;0;30,5;0,02528608;21,21172127;45752,4;63327,6;0
01/08/2022;0;29,5;-0,001090641;21,09837855;31946,4;68824,8;0
02/08/2022;0;30;0,009553489;21,00146996;28177,2;67154,4;0
03/08/2022;0;30,5;0,01493444;20,87263841;69724,8;63590,4;0
04/08/2022;0;30;0,032965251;20,7923459;43401,6;58303,6;0
05/08/2022;0;29;0,00728217;20,71219845;32468,4;43912,8;0
06/08/2022;0;29,5;0,002304146;20,63221969;26694;45522;0
07/08/2022;0;29;0,006899325;20,56835681;23425,2;38084,4;0
08/08/2022;0;28,5;-0,005265514;20,48867799;26283,6;38577,6;0
09/08/2022;0;28;0,012350366;20,42504847;26546,4;44665,2;0
10/08/2022;0;29,5;0,025091357;20,37739549;17676;43956;0
11/08/2022;0;29,5;0,030817341;20,32979031;28332;38674,8;0
12/08/2022;0;29;-0,013719399;20,18735399;77662,8;40312,8;0
13/08/2022;0;31;0,021566996;20,10845981;44884,8;45172,8;0
14/08/2022;0;31,5;-0,016899719;20,01401527;25840,8;40698;0
15/08/2022;0;30;0,02924429;19,96688185;26546,4;39153,6;0
16/08/2022;0;29,5;-0,001511661;19,88846296;23972,4;41810,4;0
17/08/2022;0;28,5;0,029253374;19,84148847;22878;41770,8;0
18/08/2022;0;29;0,003296372;19,76333719;26589,6;42056;0
19/08/2022;0;29;0,01479293;19,68535943;36255,6;42184,8;0
20/08/2022;0;28,5;0,014471593;19,60755943;36255,6;42184,8;0
21/08/2022;0;28;-0,030050642;19,48347554;39999,6;43196,4;0
22/08/2022;0;28,5;0,083142759;19,43706385;79782,9;39877,2;0
23/08/2022;0;28;-0,006717017;19,35985861;20685,6;42091,2;0
24/08/2022;0;28;0,021880469;19,31362791;19108,8;41918,4;0
25/08/2022;0;28,5;0,009109777;19,25210533;18979,2;42278,4;0
26/08/2022;0;29;0,015462058;19,19070002;26683,2;40982,4;0
27/08/2022;0;29;0,015716221;19,12942355;27414,8;40701,6;0
28/08/2022;0;29,5;-0,011951186;19,05300298;18612;37004,4;0
29/08/2022;0;28;0,00958904;18,9615563;57510;33939,6;0
30/08/2022;0;28,5;0,012817253;18,91594471;16124,4;37594,8;0
31/08/2022;0;30;0,004076677;18,85523093;17524,8;37411,2;0
01/09/2022;0;29,5;0,008027582;18,79465887;23353,2;36169,2;0
02/09/2022;0;29,5;-0,000688957;18,71911321;29800,8;35852,4;0
03/09/2022;0;29;-0,005620327;18,64377562;24627,6;36212,4;0
04/09/2022;0;29;0,004180471;18,58366497;19894,8;34488;0
05/09/2022;0;27,5;-0,008695114;18,50871185;20264,4;35964;0
06/09/2022;0;28,5;0,011760495;18,44890605;25448,4;35215,2;0
07/09/2022;0;29;0,003654912;18,34456762;65120,4;31269,6;0
08/09/2022;0;30;-0,002890486;18,28512344;16740;28533,6;0
09/09/2022;0;28,5;0,007984791;18,22581962;27676,8;30283,2;0
10/09/2022;0;28;0,00389284;18,16665423;24015,6;30769,2;0
11/09/2022;0;28;0,017659522;18,13711907;15998,4;24408;0
12/09/2022;1,5;27,5;0,004517308;18,09288878;18993,6;25923,6;0
13/09/2022;0;27;-0,000986015;18,04872916;14758,4;25473,6;0
14/09/2022;0;26;-0,00358672;18,00464386;15037,2;17532;0
15/09/2022;0;26,5;0,000680212;17,9166972;63345,6;15328,8;0
16/09/2022;0;26,5;0,00248225;17,85822373;29350,8;22550,4;0
17/09/2022;0;27;0,002976154;17,79986733;26416,8;26463,6;0
18/09/2022;0;27,5;0,011284673;17,75618885;18774;26877,6;0
19/09/2022;0;26;0,013067984;17,71257485;22708,8;28162,8;0
20/09/2022;0;25,5;-0,00477198;17,65453903;20336,4;27129,6;0
21/09/2022;0;25,5;0,0057614;17,6110911;14983,2;27424,8;0
22/09/2022;0;24,5;-0,000324825;17,55326986;22485,6;28080;0
23/09/2022;0;25;0,006319774;17,49558197;30769,2;26467,2;0
24/09/2022;0;24;0,014068346;17,43801781;36151,2;28008;0
25/09/2022;0;24;-0,009883997;17,36627336;29869,2;25830;0
26/09/2022;0;23;-0,002078021;17,2519153;76863,6;25862,4;0
27/09/2022;0;25;0,014027176;17,18072902;46972,4;26157,6;0
28/09/2022;0;24,5;-0,000925826;17,09559606;46933,2;25516,8;0
29/09/2022;1,2;21;-0,004336902;16,98251324;74469,6;26236,8;0
30/09/2022;0;21,5;-0,006769677;16,91207416;28508,4;27846;0
01/10/2022;0;21,5;-0,016644341;16,85586686;8161,2;24663,6;0
02/10/2022;0;21,5;0,026812834;16,8418352;8845,2;24843,6;0
03/10/2022;0;26;0,014960932;16,81379437;8780,4;29736;0
04/10/2022;0;24,5;-0,006656803;16,77177526;233,6;29390,4;0
05/10/2022;0;23;0,007390515;16,74379633;1292,4;29602,8;0
06/10/2022;0;23;-0,006079233;16,70187519;2570,4;29502;0
07/10/2022;0;23;0,007869763;16,67396718;4053,6;27540;0
08/10/2022;0;23,5;0,00270544;16,64609197;946,8;24757,2;0
09/10/2022;0;23,5;0,011108736;16,63216172;162;20142;0
10/10/2022;0;23;0,002991252;16,60432983;4773,6;23684,4;0
11/10/2022;0;22;0,00388665;16,57652354;5295,6;23061,6;0
12/10/2022;0;21,5;0,004915412;16,54874235;5364;23583,6;0
13/10/2022;0;22;0,015403561;16,53486448;1332;23230,8;0
14/10/2022;0;22,5;0,003227958;16,50712394;2941,2;24145,2;0
15/10/2022;0;23,5;-0,010841327;16,46556043;3373,2;24026,4;0
16/10/2022;1;24;0,013530939;16,45172052;3333,6;20439,6;0
17/10/2022;0;24,5;0,005355196;16,43788887;3315,6;11998,8;0
18/10/2022;0;24,5;0,004877363;16,42406235;3283,2;10720,8;0
19/10/2022;0;23,5;0,020895012;16,42406235;3240;15858;0
20/10/2022;0;23;-0,007636188;16,38262325;3312;29800,8;0
21/10/2022;0;23;0,01699821;16,35503795;4125,6;37562,4;0
22/10/2022;0;23;0,016721822;16,32747601;4172,4;36392,4;0
23/10/2022;0;23,5;0,009253377;16,29993822;4006,8;29206,8;0
24/10/2022;0;24,5;0,016149709;16,27242889;4453,2;33570;0
25/10/2022;0;25;0,013157367;16,23121945;4590;44424;0
26/10/2022;0;23,5;0,00242468;16,1900842;4521,6;35064;0
27/10/2022;0;23;0,008846327;16,16268943;3726;28134;0
28/10/2022;0;22,5;0,016805298;16,14900517;3384;23274;0
29/10/2022;0;21,5;0,001251601;16,12164915;3268,8;23014,8;0
30/10/2022;0;21;0,001067698;16,09431242;3315,6;23176,8;0
31/10/2022;0;20;0,015966864;16,08065596;3348;24091,2;0
01/11/2022;0;21;-0,009432862;16,03973639;3312;24494,4;0
02/11/2022;0;21,5;-0,001057575;16,01248775;3430,8;19764,4;0
03/11/2022;0;20;0,017485257;15,99887046;3391,2;21042;0
04/11/2022;0;19;-0,010690523;15,95807102;3474;22014;0
05/11/2022;0;19;0,015739093;15,94448276;3690;21290,4;0
06/11/2022;0;19;-0,011430447;15,90376526;3686,4;21938,4;0
07/11/2022;0;19;0,004349626;15,87664836;4431,6;23918,4;0
08/11/2022;0;19;0,01521495;15,86310544;4485,6;22240,8;0
09/11/2022;0;19,5;0,006945638;15,84956561;4838,4;13075,2;0
10/11/2022;0;19;-0,013667474;15,80898742;3758,4;17611,2;0
11/11/2022;0;19;0,027855433;15,80898742;3535,2;20671,2;0
12/11/2022;0;17,5;-0,01240066;15,76847746;3556,8;21988,8;0
13/11/2022;0;20;0,001396078;15,74150586;3538,8;22402,8;0
14/11/2022;0;18,5;0,027715917;15,74150586;3639,6;20437,2;0
15/11/2022;1,3;22;0,002833145;15,7145622;5202;21747,6;0
16/11/2022;0,1;19;0,013213608;15,70110294;4640,4;20552,4;0
17/11/2022;1,6;17,5;-0,002559889;15,67420591;4492,8;17694;0
;;;;;;;
;;;;;;;
;;;;;;;
;;;;;;;
;;;;;;;
;;;;;;;
;;;;;;;
;;;;;;;
;;;;;;;
;;;;;;;
;;;;;;;
;;;;;;;
;;;;;;;
;;;;;;;
;;;;;;;
;;;;;;;
;;;;;;;
;;;;;;;
;;;;;;;
;;;;;;;
;;;;;;;
;;;;;;;
;;;;;;;
;;;;;;;
;;;;;;;
;;;;;;;
;;;;;;;
;;;;;;;
;;;;;;;
;;;;;;;
;;;;;;;
;;;;;;;
;;;;;;;
;;;;;;;
;;;;;;;
;;;;;;;
;;;;;;;
;;;;;;;
;;;;;;;
;;;;;;;
;;;;;;;
;;;;;;;
;;;;;;;
;;;;;;;
